  0
SECTION
  2
HEADER
  9
$ACADVER
  1
AC1014
  9
$ACADMAINTVER
 70
     9
  9
$DWGCODEPAGE
  3
ANSI_1252
  9
$INSBASE
 10
0.0
 20
0.0
 30
0.0
  9
$EXTMIN
 10
1.000000000000000E+20
 20
1.000000000000000E+20
 30
1.000000000000000E+20
  9
$EXTMAX
 10
-1.000000000000000E+20
 20
-1.000000000000000E+20
 30
-1.000000000000000E+20
  9
$LIMMIN
 10
0.0
 20
0.0
  9
$LIMMAX
 10
420.0
 20
297.0
  9
$ORTHOMODE
 70
     0
  9
$REGENMODE
 70
     1
  9
$FILLMODE
 70
     1
  9
$QTEXTMODE
 70
     0
  9
$MIRRTEXT
 70
     1
  9
$DRAGMODE
 70
     2
  9
$LTSCALE
 40
1.0
  9
$OSMODE
 70
    37
  9
$ATTMODE
 70
     1
  9
$TEXTSIZE
 40
2.5
  9
$TRACEWID
 40
1.0
  9
$TEXTSTYLE
  7
STANDARD
  9
$CLAYER
  8
0
  9
$CELTYPE
  6
BYLAYER
  9
$CECOLOR
 62
   256
  9
$CELTSCALE
 40
1.0
  9
$DELOBJ
 70
     1
  9
$DISPSILH
 70
     0
  9
$DIMSCALE
 40
1.0
  9
$DIMASZ
 40
2.5
  9
$DIMEXO
 40
0.625
  9
$DIMDLI
 40
3.75
  9
$DIMRND
 40
0.0
  9
$DIMDLE
 40
0.0
  9
$DIMEXE
 40
1.25
  9
$DIMTP
 40
0.0
  9
$DIMTM
 40
0.0
  9
$DIMTXT
 40
2.5
  9
$DIMCEN
 40
2.5
  9
$DIMTSZ
 40
0.0
  9
$DIMTOL
 70
     0
  9
$DIMLIM
 70
     0
  9
$DIMTIH
 70
     0
  9
$DIMTOH
 70
     0
  9
$DIMSE1
 70
     0
  9
$DIMSE2
 70
     0
  9
$DIMTAD
 70
     1
  9
$DIMZIN
 70
     8
  9
$DIMBLK
  1

  9
$DIMASO
 70
     1
  9
$DIMSHO
 70
     1
  9
$DIMPOST
  1

  9
$DIMAPOST
  1

  9
$DIMALT
 70
     0
  9
$DIMALTD
 70
     3
  9
$DIMALTF
 40
1000.0
  9
$DIMLFAC
 40
1.0
  9
$DIMTOFL
 70
     1
  9
$DIMTVP
 40
0.0
  9
$DIMTIX
 70
     0
  9
$DIMSOXD
 70
     0
  9
$DIMSAH
 70
     0
  9
$DIMBLK1
  1

  9
$DIMBLK2
  1

  9
$DIMSTYLE
  2
ISO-25
  9
$DIMCLRD
 70
     0
  9
$DIMCLRE
 70
     0
  9
$DIMCLRT
 70
     0
  9
$DIMTFAC
 40
1.0
  9
$DIMGAP
 40
0.625
  9
$DIMJUST
 70
     0
  9
$DIMSD1
 70
     0
  9
$DIMSD2
 70
     0
  9
$DIMTOLJ
 70
     0
  9
$DIMTZIN
 70
     8
  9
$DIMALTZ
 70
     0
  9
$DIMALTTZ
 70
     0
  9
$DIMFIT
 70
     3
  9
$DIMUPT
 70
     0
  9
$DIMUNIT
 70
     2
  9
$DIMDEC
 70
     2
  9
$DIMTDEC
 70
     2
  9
$DIMALTU
 70
     2
  9
$DIMALTTD
 70
     3
  9
$DIMTXSTY
  7
STANDARD
  9
$DIMAUNIT
 70
     0
  9
$LUNITS
 70
     2
  9
$LUPREC
 70
     4
  9
$SKETCHINC
 40
1.0
  9
$FILLETRAD
 40
0.0
  9
$AUNITS
 70
     0
  9
$AUPREC
 70
     0
  9
$MENU
  1
.
  9
$ELEVATION
 40
0.0
  9
$PELEVATION
 40
0.0
  9
$THICKNESS
 40
0.0
  9
$LIMCHECK
 70
     0
  9
$CHAMFERA
 40
0.0
  9
$CHAMFERB
 40
0.0
  9
$CHAMFERC
 40
0.0
  9
$CHAMFERD
 40
0.0
  9
$SKPOLY
 70
     0
  9
$TDCREATE
 40
2460907.902253079
  9
$TDUPDATE
 40
2460907.902254016
  9
$TDINDWG
 40
0.0000000116
  9
$TDUSRTIMER
 40
0.0000000116
  9
$USRTIMER
 70
     1
  9
$ANGBASE
 50
0.0
  9
$ANGDIR
 70
     0
  9
$PDMODE
 70
     0
  9
$PDSIZE
 40
0.0
  9
$PLINEWID
 40
0.0
  9
$COORDS
 70
     1
  9
$SPLFRAME
 70
     0
  9
$SPLINETYPE
 70
     6
  9
$SPLINESEGS
 70
     8
  9
$ATTDIA
 70
     0
  9
$ATTREQ
 70
     1
  9
$HANDLING
 70
     1
  9
$HANDSEED
  5
10001057
  9
$SURFTAB1
 70
     6
  9
$SURFTAB2
 70
     6
  9
$SURFTYPE
 70
     6
  9
$SURFU
 70
     6
  9
$SURFV
 70
     6
  9
$UCSNAME
  2

  9
$UCSORG
 10
0.0
 20
0.0
 30
0.0
  9
$UCSXDIR
 10
1.0
 20
0.0
 30
0.0
  9
$UCSYDIR
 10
0.0
 20
1.0
 30
0.0
  9
$PUCSNAME
  2

  9
$PUCSORG
 10
0.0
 20
0.0
 30
0.0
  9
$PUCSXDIR
 10
1.0
 20
0.0
 30
0.0
  9
$PUCSYDIR
 10
0.0
 20
1.0
 30
0.0
  9
$USERI1
 70
     0
  9
$USERI2
 70
     0
  9
$USERI3
 70
     0
  9
$USERI4
 70
     0
  9
$USERI5
 70
     0
  9
$USERR1
 40
0.0
  9
$USERR2
 40
0.0
  9
$USERR3
 40
0.0
  9
$USERR4
 40
0.0
  9
$USERR5
 40
0.0
  9
$WORLDVIEW
 70
     1
  9
$SHADEDGE
 70
     3
  9
$SHADEDIF
 70
    70
  9
$TILEMODE
 70
     1
  9
$MAXACTVP
 70
    64
  9
$PINSBASE
 10
0.0
 20
0.0
 30
0.0
  9
$PLIMCHECK
 70
     0
  9
$PEXTMIN
 10
1.000000000000000E+20
 20
1.000000000000000E+20
 30
1.000000000000000E+20
  9
$PEXTMAX
 10
-1.000000000000000E+20
 20
-1.000000000000000E+20
 30
-1.000000000000000E+20
  9
$PLIMMIN
 10
0.0
 20
0.0
  9
$PLIMMAX
 10
420.0
 20
297.0
  9
$UNITMODE
 70
     0
  9
$VISRETAIN
 70
     1
  9
$PLINEGEN
 70
     0
  9
$PSLTSCALE
 70
     1
  9
$TREEDEPTH
 70
  3020
  9
$PICKSTYLE
 70
     1
  9
$CMLSTYLE
  2
STANDARD
  9
$CMLJUST
 70
     0
  9
$CMLSCALE
 40
20.0
  9
$PROXYGRAPHICS
 70
     1
  9
$MEASUREMENT
 70
     1
  0
ENDSEC
  0
SECTION
  2
CLASSES
  0
CLASS
  1
ACDBDICTIONARYWDFLT
  2
AcDbDictionaryWithDefault
  3
ObjectDBX Classes
 90
        0
280
     0
281
     0
  0
CLASS
  1
VISUALSTYLE
  2
AcDbVisualStyle
  3
ObjectDBX Classes
 90
     4095
280
     0
281
     0
  0
CLASS
  1
MATERIAL
  2
AcDbMaterial
  3
ObjectDBX Classes
 90
     1153
280
     0
281
     0
  0
CLASS
  1
SCALE
  2
AcDbScale
  3
ObjectDBX Classes
 90
     1153
280
     0
281
     0
  0
CLASS
  1
TABLESTYLE
  2
AcDbTableStyle
  3
ObjectDBX Classes
 90
     4095
280
     0
281
     0
  0
CLASS
  1
MLEADERSTYLE
  2
AcDbMLeaderStyle
  3
ACDB_MLEADERSTYLE_CLASS
 90
     4095
280
     0
281
     0
  0
CLASS
  1
SUN
  2
AcDbSun
  3
SCENEOE
 90
     1153
280
     0
281
     0
  0
CLASS
  1
SORTENTSTABLE
  2
AcDbSortentsTable
  3
ObjectDBX Classes
 90
        0
280
     0
281
     0
  0
CLASS
  1
DICTIONARYVAR
  2
AcDbDictionaryVar
  3
ObjectDBX Classes
 90
        0
280
     0
281
     0
  0
CLASS
  1
XRECORD
  2
AcDbXrecord
  3
ObjectDBX Classes
 90
        0
280
     0
281
     0
  0
CLASS
  1
LWPOLYLINE
  2
AcDbPolyline
  3
ObjectDBX Classes
 90
        0
280
     0
281
     1
  0
CLASS
  1
HATCH
  2
AcDbHatch
  3
ObjectDBX Classes
 90
        0
280
     0
281
     1
  0
CLASS
  1
ACDBPLACEHOLDER
  2
AcDbPlaceHolder
  3
ObjectDBX Classes
 90
        0
280
     0
281
     0
  0
CLASS
  1
LAYOUT
  2
AcDbLayout
  3
ObjectDBX Classes
 90
        0
280
     0
281
     0
  0
ENDSEC
  0
SECTION
  2
TABLES
  0
TABLE
  2
VPORT
  5
8
102
{ACAD_XDICTIONARY
360
1000104C
102
}
330
0
100
AcDbSymbolTable
 70
     1
  0
VPORT
  5
29
330
8
100
AcDbSymbolTableRecord
100
AcDbViewportTableRecord
  2
*ACTIVE
 70
     0
 10
0.0
 20
0.0
 11
1.0
 21
1.0
 12
344.1869158878504
 22
148.5
 13
0.0
 23
0.0
 14
10.0
 24
10.0
 15
10.0
 25
10.0
 16
0.0
 26
0.0
 36
1.0
 17
0.0
 27
0.0
 37
0.0
 40
297.0
 41
1.972972972850329
 42
50.0
 43
0.0
 44
0.0
 50
0.0
 51
0.0
 71
     0
 72
   100
 73
     1
 74
     3
 75
     0
 76
     0
 77
     0
 78
     0
  0
ENDTAB
  0
TABLE
  2
LTYPE
  5
5
330
0
100
AcDbSymbolTable
 70
     7
  0
LTYPE
  5
14
330
5
100
AcDbSymbolTableRecord
100
AcDbLinetypeTableRecord
  2
BYBLOCK
 70
     0
  3

 72
    65
 73
     0
 40
0.0
  0
LTYPE
  5
15
330
5
100
AcDbSymbolTableRecord
100
AcDbLinetypeTableRecord
  2
BYLAYER
 70
     0
  3

 72
    65
 73
     0
 40
0.0
  0
LTYPE
  5
16
330
5
100
AcDbSymbolTableRecord
100
AcDbLinetypeTableRecord
  2
CONTINUOUS
 70
     0
  3
Solid line
 72
    65
 73
     0
 40
0.0
  0
LTYPE
  5
10000024
330
5
100
AcDbSymbolTableRecord
100
AcDbLinetypeTableRecord
  2
ONS_PHANTOM
 70
     0
  3
Onshape Phantom line ______ __ __ ______
 72
    65
 73
     6
 40
0.4999999999999999
 49
0.25
 74
     0
 49
-0.05
 74
     0
 49
0.05
 74
     0
 49
-0.05
 74
     0
 49
0.05
 74
     0
 49
-0.05
 74
     0
  0
LTYPE
  5
10000025
330
5
100
AcDbSymbolTableRecord
100
AcDbLinetypeTableRecord
  2
CENTER
 70
     0
  3
Center line ____ _ ____ _ ____ _
 72
    65
 73
     4
 40
0.7874015748031495
 49
0.4921259842519685
 74
     0
 49
-0.0984251968503937
 74
     0
 49
0.0984251968503937
 74
     0
 49
-0.0984251968503937
 74
     0
  0
LTYPE
  5
10000026
330
5
100
AcDbSymbolTableRecord
100
AcDbLinetypeTableRecord
  2
DASHED
 70
     0
  3
Dashed line __ __ __ __ __
 72
    65
 73
     2
 40
0.75
 49
0.5
 74
     0
 49
-0.25
 74
     0
  0
LTYPE
  5
10000027
330
5
100
AcDbSymbolTableRecord
100
AcDbLinetypeTableRecord
  2
ONS_DASHDOT
 70
     0
  3
Onshape Dashed with Dot _ . ____ . ____
 72
    65
 73
     4
 40
0.71
 49
0.5
 74
     0
 49
-0.1
 74
     0
 49
0.01
 74
     0
 49
-0.1
 74
     0
  0
LTYPE
  5
10000028
330
5
100
AcDbSymbolTableRecord
100
AcDbLinetypeTableRecord
  2
ONS_DOTTED
 70
     0
  3
Onshape Dotted line . . . . . . .
 72
    65
 73
     2
 40
0.11
 49
0.01
 74
     0
 49
-0.1
 74
     0
  0
LTYPE
  5
10000029
330
5
100
AcDbSymbolTableRecord
100
AcDbLinetypeTableRecord
  2
HIDDEN
 70
     0
  3
Hidden line ____ ____ ____ ____ 
 72
    65
 73
     2
 40
0.15
 49
0.1
 74
     0
 49
-0.05
 74
     0
  0
ENDTAB
  0
TABLE
  2
LAYER
  5
2
330
0
100
AcDbSymbolTable
 70
    48
  0
LAYER
  5
10
330
2
100
AcDbSymbolTableRecord
100
AcDbLayerTableRecord
  2
0
 70
     0
 62
     7
  6
CONTINUOUS
  0
LAYER
  5
1000002A
330
2
100
AcDbSymbolTableRecord
100
AcDbLayerTableRecord
  2
SECTION_CUTTING_LINE
 70
     0
 62
     7
  6
ONS_DASHDOT
  0
LAYER
  5
1000002B
330
2
100
AcDbSymbolTableRecord
100
AcDbLayerTableRecord
  2
DETAIL_VIEW_BORDER
 70
     0
 62
     7
  6
CONTINUOUS
  0
LAYER
  5
1000002C
330
2
100
AcDbSymbolTableRecord
100
AcDbLayerTableRecord
  2
DETAIL_VIEW_PARENT_BORDER
 70
     0
 62
     7
  6
ONS_PHANTOM
  0
LAYER
  5
1000002D
330
2
100
AcDbSymbolTableRecord
100
AcDbLayerTableRecord
  2
TEXT
 70
     0
 62
     7
  6
CONTINUOUS
  0
LAYER
  5
1000002E
330
2
100
AcDbSymbolTableRecord
100
AcDbLayerTableRecord
  2
SKETCHED_GEOMETRY
 70
     0
 62
    -7
  6
CONTINUOUS
  0
LAYER
  5
1000002F
330
2
100
AcDbSymbolTableRecord
100
AcDbLayerTableRecord
  2
VIRTUAL_SHARPS
 70
     0
 62
    -7
  6
CONTINUOUS
  0
LAYER
  5
10000030
330
2
100
AcDbSymbolTableRecord
100
AcDbLayerTableRecord
  2
CENTERLINES
 70
     0
 62
    -7
  6
CENTER
  0
LAYER
  5
10000031
330
2
100
AcDbSymbolTableRecord
100
AcDbLayerTableRecord
  2
CENTERMARKS
 70
     0
 62
    -7
  6
CONTINUOUS
  0
LAYER
  5
10000032
330
2
100
AcDbSymbolTableRecord
100
AcDbLayerTableRecord
  2
TABLES
 70
     0
 62
     7
  6
CONTINUOUS
  0
LAYER
  5
10000033
330
2
100
AcDbSymbolTableRecord
100
AcDbLayerTableRecord
  2
IMAGES
 70
     0
 62
    -7
  6
CONTINUOUS
  0
LAYER
  5
10000034
330
2
100
AcDbSymbolTableRecord
100
AcDbLayerTableRecord
  2
ANNOTATION_LINES
 70
     0
 62
    -7
  6
CONTINUOUS
  0
LAYER
  5
10000035
330
2
100
AcDbSymbolTableRecord
100
AcDbLayerTableRecord
  2
ANNOTATION_TEXT
 70
     0
 62
    -7
  6
CONTINUOUS
  0
LAYER
  5
10000036
330
2
100
AcDbSymbolTableRecord
100
AcDbLayerTableRecord
  2
SIDE_THREAD_SYMBOLS
 70
     0
 62
     7
  6
CONTINUOUS
  0
LAYER
  5
10000037
330
2
100
AcDbSymbolTableRecord
100
AcDbLayerTableRecord
  2
SIDE_THREAD_SYMBOLS_HIDDEN
 70
     0
 62
    -7
  6
HIDDEN
  0
LAYER
  5
10000038
330
2
100
AcDbSymbolTableRecord
100
AcDbLayerTableRecord
  2
SURFACE_THREAD_SYMBOLS
 70
     0
 62
     7
  6
CONTINUOUS
  0
LAYER
  5
10000039
330
2
100
AcDbSymbolTableRecord
100
AcDbLayerTableRecord
  2
SURFACE_THREAD_SYMBOLS_ON_
 70
     0
 62
     7
  6
CONTINUOUS
  0
LAYER
  5
1000003A
330
2
100
AcDbSymbolTableRecord
100
AcDbLayerTableRecord
  2
SURFACE_THREAD_SYMBOLS_HID
 70
     0
 62
    -7
  6
HIDDEN
  0
LAYER
  5
1000003B
330
2
100
AcDbSymbolTableRecord
100
AcDbLayerTableRecord
  2
BLIND_THREAD_SYMBOLS
 70
     0
 62
     7
  6
CONTINUOUS
  0
LAYER
  5
1000003C
330
2
100
AcDbSymbolTableRecord
100
AcDbLayerTableRecord
  2
BLIND_THREAD_SYMBOLS_HIDDE
 70
     0
 62
    -7
  6
HIDDEN
  0
LAYER
  5
1000003D
330
2
100
AcDbSymbolTableRecord
100
AcDbLayerTableRecord
  2
EXPLODE_LINES
 70
     0
 62
     7
  6
ONS_PHANTOM
  0
LAYER
  5
1000003E
330
2
100
AcDbSymbolTableRecord
100
AcDbLayerTableRecord
  2
HIDDEN_EXPLODE_LINES
 70
     0
 62
    -7
  6
ONS_PHANTOM
  0
LAYER
  5
1000003F
330
2
100
AcDbSymbolTableRecord
100
AcDbLayerTableRecord
  2
BREAK_LINES
 70
     0
 62
    -7
  6
CONTINUOUS
  0
LAYER
  5
10000040
330
2
100
AcDbSymbolTableRecord
100
AcDbLayerTableRecord
  2
SHEETMETAL_BEND_LINES_UP
 70
     0
 62
     7
  6
CENTER
  0
LAYER
  5
10000041
330
2
100
AcDbSymbolTableRecord
100
AcDbLayerTableRecord
  2
SHEETMETAL_BEND_LINES_DOWN
 70
     0
 62
     7
  6
CENTER
  0
LAYER
  5
10000042
330
2
100
AcDbSymbolTableRecord
100
AcDbLayerTableRecord
  2
SHEETMETAL_BEND_TANGENT_LI
 70
     0
 62
     7
  6
CONTINUOUS
  0
LAYER
  5
10000043
330
2
100
AcDbSymbolTableRecord
100
AcDbLayerTableRecord
  2
SHEETMETAL_CUT_LINES
 70
     0
 62
     7
  6
CONTINUOUS
  0
LAYER
  5
10000044
330
2
100
AcDbSymbolTableRecord
100
AcDbLayerTableRecord
  2
SHEETMETAL_CBORE_CSINK_UP
 70
     0
 62
     7
  6
CONTINUOUS
  0
LAYER
  5
10000045
330
2
100
AcDbSymbolTableRecord
100
AcDbLayerTableRecord
  2
SHEETMETAL_CBORE_CSINK_DOW
 70
     0
 62
     7
  6
CONTINUOUS
  0
LAYER
  5
10000046
330
2
100
AcDbSymbolTableRecord
100
AcDbLayerTableRecord
  2
SHEETMETAL_CBORE_CSINK_UP_
 70
     0
 62
    -7
  6
HIDDEN
  0
LAYER
  5
10000047
330
2
100
AcDbSymbolTableRecord
100
AcDbLayerTableRecord
  2
SHEETMETAL_CBORE_CSINK_DO0
 70
     0
 62
    -7
  6
HIDDEN
  0
LAYER
  5
10000048
330
2
100
AcDbSymbolTableRecord
100
AcDbLayerTableRecord
  2
SHEETMETAL_FORM_TEAR
 70
     0
 62
     7
  6
CONTINUOUS
  0
LAYER
  5
10000049
330
2
100
AcDbSymbolTableRecord
100
AcDbLayerTableRecord
  2
SHEETMETAL_FORM_UP
 70
     0
 62
     7
  6
CENTER
  0
LAYER
  5
1000004A
330
2
100
AcDbSymbolTableRecord
100
AcDbLayerTableRecord
  2
SHEETMETAL_FORM_DOWN
 70
     0
 62
     7
  6
CENTER
  0
LAYER
  5
1000004B
330
2
100
AcDbSymbolTableRecord
100
AcDbLayerTableRecord
  2
SHEETMETAL_FORM_CENTERMARK
 70
     0
 62
     7
  6
CENTER
  0
LAYER
  5
1000004C
330
2
100
AcDbSymbolTableRecord
100
AcDbLayerTableRecord
  2
REGION_ASSOC_POINTS
 70
     0
 62
    -7
  6
CONTINUOUS
  0
LAYER
  5
1000004D
330
2
100
AcDbSymbolTableRecord
100
AcDbLayerTableRecord
  2
PATTERN_CENTERLINES
 70
     1
 62
    -7
  6
CENTER
  0
LAYER
  5
1000004E
330
2
100
AcDbSymbolTableRecord
100
AcDbLayerTableRecord
  2
HIDDEN
 70
     0
 62
    -7
  6
HIDDEN
  0
LAYER
  5
1000004F
330
2
100
AcDbSymbolTableRecord
100
AcDbLayerTableRecord
  2
VISIBLE
 70
     0
 62
     7
  6
CONTINUOUS
  0
LAYER
  5
10000050
330
2
100
AcDbSymbolTableRecord
100
AcDbLayerTableRecord
  2
MODELSKETCH_VISIBLE
 70
     0
 62
     7
  6
CONTINUOUS
  0
LAYER
  5
10000051
330
2
100
AcDbSymbolTableRecord
100
AcDbLayerTableRecord
  2
MODELSKETCH_POINT
 70
     0
 62
     7
  6
CONTINUOUS
  0
LAYER
  5
10000052
330
2
100
AcDbSymbolTableRecord
100
AcDbLayerTableRecord
  2
MODELSKETCH_CONSTRUCTION
 70
     0
 62
    -7
  6
CENTER
  0
LAYER
  5
10000053
330
2
100
AcDbSymbolTableRecord
100
AcDbLayerTableRecord
  2
HIDDEN_BASE_VIEW
 70
     0
 62
     7
  6
CONTINUOUS
  0
LAYER
  5
10000054
330
2
100
AcDbSymbolTableRecord
100
AcDbLayerTableRecord
  2
TANGENT_LINES
 70
     0
 62
    -7
  6
CONTINUOUS
  0
LAYER
  5
10000055
330
2
100
AcDbSymbolTableRecord
100
AcDbLayerTableRecord
  2
TANGENT_HIDDEN
 70
     0
 62
    -7
  6
HIDDEN
  0
LAYER
  5
10000056
330
2
100
AcDbSymbolTableRecord
100
AcDbLayerTableRecord
  2
INVISIBLE_LINES
 70
     0
 62
    -7
  6
CONTINUOUS
  0
LAYER
  5
10000057
330
2
100
AcDbSymbolTableRecord
100
AcDbLayerTableRecord
  2
VIEW_HATCHES
 70
     0
 62
    -7
  6
CONTINUOUS
  0
LAYER
  5
10000058
330
2
100
AcDbSymbolTableRecord
100
AcDbLayerTableRecord
  2
SECTION_JOG_LINES
 70
     0
 62
    -7
  6
CONTINUOUS
  0
ENDTAB
  0
TABLE
  2
STYLE
  5
3
330
0
100
AcDbSymbolTable
 70
     2
  0
STYLE
  5
11
330
3
100
AcDbSymbolTableRecord
100
AcDbTextStyleTableRecord
  2
STANDARD
 70
     0
 40
0.0
 41
1.0
 50
0.0
 71
     0
 42
2.5
  3
txt
  4

  0
STYLE
  5
10000004
330
3
100
AcDbSymbolTableRecord
100
AcDbTextStyleTableRecord
  2
TTFSTYLE
 70
     0
 40
0.0
 41
1.0
 50
0.0
 71
     0
 42
2.5
  3

  4

1001
ACAD
1000
Verdana
1071
       34
  0
ENDTAB
  0
TABLE
  2
VIEW
  5
6
330
0
100
AcDbSymbolTable
 70
     0
  0
ENDTAB
  0
TABLE
  2
UCS
  5
7
330
0
100
AcDbSymbolTable
 70
     0
  0
ENDTAB
  0
TABLE
  2
APPID
  5
9
330
0
100
AcDbSymbolTable
 70
     2
  0
APPID
  5
12
330
9
100
AcDbSymbolTableRecord
100
AcDbRegAppTableRecord
  2
ACAD
 70
     0
  0
APPID
  5
10001056
330
9
100
AcDbSymbolTableRecord
100
AcDbRegAppTableRecord
  2
ACAD_MLEADERVER
 70
     0
  0
ENDTAB
  0
TABLE
  2
DIMSTYLE
  5
A
330
0
100
AcDbSymbolTable
 70
     1
  0
DIMSTYLE
105
27
330
A
100
AcDbSymbolTableRecord
100
AcDbDimStyleTableRecord
  2
ISO-25
 70
     0
  3

  4

  5

  6

  7

 40
1.0
 41
2.5
 42
0.625
 43
3.75
 44
1.25
 45
0.0
 46
0.0
 47
0.0
 48
0.0
140
2.5
141
2.5
142
0.0
143
0.03937007874016
144
1.0
145
0.0
146
1.0
147
0.625
 71
     0
 72
     0
 73
     0
 74
     0
 75
     0
 76
     0
 77
     1
 78
     8
170
     0
171
     3
172
     1
173
     0
174
     0
175
     0
176
     0
177
     0
178
     0
270
     2
271
     2
272
     2
273
     2
274
     3
340
11
275
     0
280
     0
281
     0
282
     0
283
     0
284
     8
285
     0
286
     0
287
     3
288
     0
  0
ENDTAB
  0
TABLE
  2
BLOCK_RECORD
  5
1
330
0
100
AcDbSymbolTable
 70
     0
  0
BLOCK_RECORD
  5
1F
102
{ACAD_XDICTIONARY
360
1000101D
102
}
330
1
100
AcDbSymbolTableRecord
100
AcDbBlockTableRecord
  2
*MODEL_SPACE
  0
BLOCK_RECORD
  5
1B
330
1
100
AcDbSymbolTableRecord
100
AcDbBlockTableRecord
  2
*PAPER_SPACE
  0
ENDTAB
  0
ENDSEC
  0
SECTION
  2
BLOCKS
  0
BLOCK
  5
20
330
1F
100
AcDbEntity
  8
0
100
AcDbBlockBegin
  2
*MODEL_SPACE
 70
     0
 10
0.0
 20
0.0
 30
0.0
  3
*MODEL_SPACE
  1

  0
ENDBLK
  5
21
330
1F
100
AcDbEntity
  8
0
100
AcDbBlockEnd
  0
BLOCK
  5
1C
330
1B
100
AcDbEntity
 67
     1
  8
0
100
AcDbBlockBegin
  2
*PAPER_SPACE
 70
     0
 10
0.0
 20
0.0
 30
0.0
  3
*PAPER_SPACE
  1

  0
ENDBLK
  5
1D
330
1B
100
AcDbEntity
 67
     1
  8
0
100
AcDbBlockEnd
  0
ENDSEC
  0
SECTION
  2
ENTITIES
  0
LINE
  5
10000059
102
{ACAD_XDICTIONARY
360
1000005A
102
}
330
1F
100
AcDbEntity
  8
VISIBLE
100
AcDbLine
 10
0.186
 20
0.073
 30
0.0
 11
0.186
 21
-0.073
 31
0.0
  0
LINE
  5
1000005D
102
{ACAD_XDICTIONARY
360
1000005E
102
}
330
1F
100
AcDbEntity
  8
VISIBLE
100
AcDbLine
 10
-0.186
 20
0.073
 30
0.0
 11
0.186
 21
0.073
 31
0.0
  0
LINE
  5
10000061
102
{ACAD_XDICTIONARY
360
10000062
102
}
330
1F
100
AcDbEntity
  8
VISIBLE
100
AcDbLine
 10
-0.186
 20
0.073
 30
0.0
 11
-0.186
 21
-0.073
 31
0.0
  0
LINE
  5
10000065
102
{ACAD_XDICTIONARY
360
10000066
102
}
330
1F
100
AcDbEntity
  8
VISIBLE
100
AcDbLine
 10
-0.186
 20
-0.073
 30
0.0
 11
0.186
 21
-0.073
 31
0.0
  0
LINE
  5
10000069
102
{ACAD_XDICTIONARY
360
1000006A
102
}
330
1F
100
AcDbEntity
  8
VISIBLE
100
AcDbLine
 10
0.1195929025
 20
0.0525571
 30
0.0
 11
0.1325929025
 21
0.0525571
 31
0.0
  0
ARC
  5
1000006D
102
{ACAD_XDICTIONARY
360
1000006E
102
}
330
1F
100
AcDbEntity
  8
VISIBLE
100
AcDbCircle
 10
0.1325929025
 20
0.0520571
 30
0.0
 40
0.0005
100
AcDbArc
 50
0.0
 51
90.0
  0
LINE
  5
10000073
102
{ACAD_XDICTIONARY
360
10000074
102
}
330
1F
100
AcDbEntity
  8
VISIBLE
100
AcDbLine
 10
0.1330929025
 20
0.0520571
 30
0.0
 11
0.1330929025
 21
0.0390571
 31
0.0
  0
ARC
  5
10000077
102
{ACAD_XDICTIONARY
360
10000078
102
}
330
1F
100
AcDbEntity
  8
VISIBLE
100
AcDbCircle
 10
0.1325929025
 20
0.0390571
 30
0.0
 40
0.0005
100
AcDbArc
 50
270.0
 51
0.0
  0
LINE
  5
1000007D
102
{ACAD_XDICTIONARY
360
1000007E
102
}
330
1F
100
AcDbEntity
  8
VISIBLE
100
AcDbLine
 10
0.1195929025
 20
0.0385571
 30
0.0
 11
0.1325929025
 21
0.0385571
 31
0.0
  0
ARC
  5
10000081
102
{ACAD_XDICTIONARY
360
10000082
102
}
330
1F
100
AcDbEntity
  8
VISIBLE
100
AcDbCircle
 10
0.1195929025
 20
0.0390571
 30
0.0
 40
0.0005
100
AcDbArc
 50
180.0
 51
270.0
  0
LINE
  5
10000087
102
{ACAD_XDICTIONARY
360
10000088
102
}
330
1F
100
AcDbEntity
  8
VISIBLE
100
AcDbLine
 10
0.1190929025
 20
0.0520571
 30
0.0
 11
0.1190929025
 21
0.0390571
 31
0.0
  0
ARC
  5
1000008B
102
{ACAD_XDICTIONARY
360
1000008C
102
}
330
1F
100
AcDbEntity
  8
VISIBLE
100
AcDbCircle
 10
0.1195929025
 20
0.0520571
 30
0.0
 40
0.0005
100
AcDbArc
 50
90.0
 51
180.0
  0
LINE
  5
10000091
102
{ACAD_XDICTIONARY
360
10000092
102
}
330
1F
100
AcDbEntity
  8
VISIBLE
100
AcDbLine
 10
0.1571929025
 20
0.0520571
 30
0.0
 11
0.1571929025
 21
0.0390571
 31
0.0
  0
ARC
  5
10000095
102
{ACAD_XDICTIONARY
360
10000096
102
}
330
1F
100
AcDbEntity
  8
VISIBLE
100
AcDbCircle
 10
0.1576929025
 20
0.0520570999999998
 30
0.0
 40
0.0005000000000002
100
AcDbArc
 50
90.0
 51
179.9999999999793
  0
LINE
  5
1000009B
102
{ACAD_XDICTIONARY
360
1000009C
102
}
330
1F
100
AcDbEntity
  8
VISIBLE
100
AcDbLine
 10
0.1576929025
 20
0.0525571
 30
0.0
 11
0.1706929025
 21
0.0525571
 31
0.0
  0
ARC
  5
1000009F
102
{ACAD_XDICTIONARY
360
100000A0
102
}
330
1F
100
AcDbEntity
  8
VISIBLE
100
AcDbCircle
 10
0.1706929025
 20
0.0520571
 30
0.0
 40
0.0005
100
AcDbArc
 50
0.0
 51
90.0
  0
LINE
  5
100000A5
102
{ACAD_XDICTIONARY
360
100000A6
102
}
330
1F
100
AcDbEntity
  8
VISIBLE
100
AcDbLine
 10
0.1711929025
 20
0.0520571
 30
0.0
 11
0.1711929025
 21
0.0390571
 31
0.0
  0
ARC
  5
100000A9
102
{ACAD_XDICTIONARY
360
100000AA
102
}
330
1F
100
AcDbEntity
  8
VISIBLE
100
AcDbCircle
 10
0.1706929025
 20
0.0390571
 30
0.0
 40
0.0005
100
AcDbArc
 50
270.0
 51
0.0
  0
LINE
  5
100000AF
102
{ACAD_XDICTIONARY
360
100000B0
102
}
330
1F
100
AcDbEntity
  8
VISIBLE
100
AcDbLine
 10
0.1576929025
 20
0.0385571
 30
0.0
 11
0.1706929025
 21
0.0385571
 31
0.0
  0
ARC
  5
100000B3
102
{ACAD_XDICTIONARY
360
100000B4
102
}
330
1F
100
AcDbEntity
  8
VISIBLE
100
AcDbCircle
 10
0.1576929025
 20
0.0390571
 30
0.0
 40
0.0005
100
AcDbArc
 50
179.9999999999968
 51
270.0
  0
LINE
  5
100000B9
102
{ACAD_XDICTIONARY
360
100000BA
102
}
330
1F
100
AcDbEntity
  8
VISIBLE
100
AcDbLine
 10
0.1571929025
 20
0.0330071
 30
0.0
 11
0.1571929025
 21
0.0200071
 31
0.0
  0
ARC
  5
100000BD
102
{ACAD_XDICTIONARY
360
100000BE
102
}
330
1F
100
AcDbEntity
  8
VISIBLE
100
AcDbCircle
 10
0.1576929025
 20
0.0330071
 30
0.0
 40
0.0005
100
AcDbArc
 50
90.0
 51
180.0000000000032
  0
LINE
  5
100000C3
102
{ACAD_XDICTIONARY
360
100000C4
102
}
330
1F
100
AcDbEntity
  8
VISIBLE
100
AcDbLine
 10
0.1576929025
 20
0.0335071
 30
0.0
 11
0.1706929025
 21
0.0335071
 31
0.0
  0
ARC
  5
100000C7
102
{ACAD_XDICTIONARY
360
100000C8
102
}
330
1F
100
AcDbEntity
  8
VISIBLE
100
AcDbCircle
 10
0.1706929025
 20
0.0330071
 30
0.0
 40
0.0005
100
AcDbArc
 50
0.0
 51
90.0
  0
LINE
  5
100000CD
102
{ACAD_XDICTIONARY
360
100000CE
102
}
330
1F
100
AcDbEntity
  8
VISIBLE
100
AcDbLine
 10
0.1711929025
 20
0.0330071
 30
0.0
 11
0.1711929025
 21
0.0200071
 31
0.0
  0
ARC
  5
100000D1
102
{ACAD_XDICTIONARY
360
100000D2
102
}
330
1F
100
AcDbEntity
  8
VISIBLE
100
AcDbCircle
 10
0.1706929025
 20
0.0200071
 30
0.0
 40
0.0005
100
AcDbArc
 50
270.0
 51
0.0
  0
LINE
  5
100000D7
102
{ACAD_XDICTIONARY
360
100000D8
102
}
330
1F
100
AcDbEntity
  8
VISIBLE
100
AcDbLine
 10
0.1576929025
 20
0.0195071
 30
0.0
 11
0.1706929025
 21
0.0195071
 31
0.0
  0
ARC
  5
100000DB
102
{ACAD_XDICTIONARY
360
100000DC
102
}
330
1F
100
AcDbEntity
  8
VISIBLE
100
AcDbCircle
 10
0.1576929025
 20
0.0200071
 30
0.0
 40
0.0005
100
AcDbArc
 50
179.9999999999968
 51
270.0000000000032
  0
LINE
  5
100000E1
102
{ACAD_XDICTIONARY
360
100000E2
102
}
330
1F
100
AcDbEntity
  8
VISIBLE
100
AcDbLine
 10
0.1571929025
 20
0.0139571
 30
0.0
 11
0.1571929025
 21
0.0009571
 31
0.0
  0
ARC
  5
100000E5
102
{ACAD_XDICTIONARY
360
100000E6
102
}
330
1F
100
AcDbEntity
  8
VISIBLE
100
AcDbCircle
 10
0.1576929025
 20
0.0139571
 30
0.0
 40
0.0005
100
AcDbArc
 50
90.0
 51
179.9999999999964
  0
LINE
  5
100000EB
102
{ACAD_XDICTIONARY
360
100000EC
102
}
330
1F
100
AcDbEntity
  8
VISIBLE
100
AcDbLine
 10
0.1576929025
 20
0.0144571
 30
0.0
 11
0.1706929025
 21
0.0144571
 31
0.0
  0
ARC
  5
100000EF
102
{ACAD_XDICTIONARY
360
100000F0
102
}
330
1F
100
AcDbEntity
  8
VISIBLE
100
AcDbCircle
 10
0.1706929025
 20
0.0139571
 30
0.0
 40
0.0005
100
AcDbArc
 50
0.0
 51
90.0
  0
LINE
  5
100000F5
102
{ACAD_XDICTIONARY
360
100000F6
102
}
330
1F
100
AcDbEntity
  8
VISIBLE
100
AcDbLine
 10
0.1711929025
 20
0.0139571
 30
0.0
 11
0.1711929025
 21
0.0009571
 31
0.0
  0
ARC
  5
100000F9
102
{ACAD_XDICTIONARY
360
100000FA
102
}
330
1F
100
AcDbEntity
  8
VISIBLE
100
AcDbCircle
 10
0.1706929025
 20
0.0009571
 30
0.0
 40
0.0005
100
AcDbArc
 50
270.0
 51
0.0
  0
LINE
  5
100000FF
102
{ACAD_XDICTIONARY
360
10000100
102
}
330
1F
100
AcDbEntity
  8
VISIBLE
100
AcDbLine
 10
0.1576929025
 20
0.0004571
 30
0.0
 11
0.1706929025
 21
0.0004571
 31
0.0
  0
ARC
  5
10000103
102
{ACAD_XDICTIONARY
360
10000104
102
}
330
1F
100
AcDbEntity
  8
VISIBLE
100
AcDbCircle
 10
0.1576929025
 20
0.0009571
 30
0.0
 40
0.0005
100
AcDbArc
 50
180.0
 51
270.0
  0
ARC
  5
10000109
102
{ACAD_XDICTIONARY
360
1000010A
102
}
330
1F
100
AcDbEntity
  8
VISIBLE
100
AcDbCircle
 10
0.1516429025
 20
0.0139571
 30
0.0
 40
0.0005
100
AcDbArc
 50
0.0
 51
90.0
  0
LINE
  5
1000010F
102
{ACAD_XDICTIONARY
360
10000110
102
}
330
1F
100
AcDbEntity
  8
VISIBLE
100
AcDbLine
 10
0.1521429025
 20
0.0139571
 30
0.0
 11
0.1521429025
 21
0.0009571
 31
0.0
  0
ARC
  5
10000113
102
{ACAD_XDICTIONARY
360
10000114
102
}
330
1F
100
AcDbEntity
  8
VISIBLE
100
AcDbCircle
 10
0.1516429025
 20
0.0009571
 30
0.0
 40
0.0005
100
AcDbArc
 50
270.0
 51
0.0
  0
LINE
  5
10000119
102
{ACAD_XDICTIONARY
360
1000011A
102
}
330
1F
100
AcDbEntity
  8
VISIBLE
100
AcDbLine
 10
0.1386429025
 20
0.0004571
 30
0.0
 11
0.1516429025
 21
0.0004571
 31
0.0
  0
ARC
  5
1000011D
102
{ACAD_XDICTIONARY
360
1000011E
102
}
330
1F
100
AcDbEntity
  8
VISIBLE
100
AcDbCircle
 10
0.1386429025
 20
0.0009571
 30
0.0
 40
0.0005
100
AcDbArc
 50
180.0
 51
270.0
  0
LINE
  5
10000123
102
{ACAD_XDICTIONARY
360
10000124
102
}
330
1F
100
AcDbEntity
  8
VISIBLE
100
AcDbLine
 10
0.1381429025
 20
0.0139571
 30
0.0
 11
0.1381429025
 21
0.0009571
 31
0.0
  0
ARC
  5
10000127
102
{ACAD_XDICTIONARY
360
10000128
102
}
330
1F
100
AcDbEntity
  8
VISIBLE
100
AcDbCircle
 10
0.1386429025
 20
0.0139571
 30
0.0
 40
0.0005
100
AcDbArc
 50
90.0
 51
180.0
  0
LINE
  5
1000012D
102
{ACAD_XDICTIONARY
360
1000012E
102
}
330
1F
100
AcDbEntity
  8
VISIBLE
100
AcDbLine
 10
0.1386429025
 20
0.0144571
 30
0.0
 11
0.1516429025
 21
0.0144571
 31
0.0
  0
ARC
  5
10000131
102
{ACAD_XDICTIONARY
360
10000132
102
}
330
1F
100
AcDbEntity
  8
VISIBLE
100
AcDbCircle
 10
0.1325929025
 20
0.0139571
 30
0.0
 40
0.0005
100
AcDbArc
 50
0.0
 51
90.0
  0
LINE
  5
10000137
102
{ACAD_XDICTIONARY
360
10000138
102
}
330
1F
100
AcDbEntity
  8
VISIBLE
100
AcDbLine
 10
0.1330929025
 20
0.0139571
 30
0.0
 11
0.1330929025
 21
0.0009571
 31
0.0
  0
ARC
  5
1000013B
102
{ACAD_XDICTIONARY
360
1000013C
102
}
330
1F
100
AcDbEntity
  8
VISIBLE
100
AcDbCircle
 10
0.1325929025
 20
0.0009571
 30
0.0
 40
0.0005
100
AcDbArc
 50
270.0
 51
0.0
  0
LINE
  5
10000141
102
{ACAD_XDICTIONARY
360
10000142
102
}
330
1F
100
AcDbEntity
  8
VISIBLE
100
AcDbLine
 10
0.1195929025
 20
0.0004571
 30
0.0
 11
0.1325929025
 21
0.0004571
 31
0.0
  0
ARC
  5
10000145
102
{ACAD_XDICTIONARY
360
10000146
102
}
330
1F
100
AcDbEntity
  8
VISIBLE
100
AcDbCircle
 10
0.1195929025
 20
0.0009571
 30
0.0
 40
0.0005
100
AcDbArc
 50
180.0
 51
270.0
  0
LINE
  5
1000014B
102
{ACAD_XDICTIONARY
360
1000014C
102
}
330
1F
100
AcDbEntity
  8
VISIBLE
100
AcDbLine
 10
0.1190929025
 20
0.0139571
 30
0.0
 11
0.1190929025
 21
0.0009571
 31
0.0
  0
ARC
  5
1000014F
102
{ACAD_XDICTIONARY
360
10000150
102
}
330
1F
100
AcDbEntity
  8
VISIBLE
100
AcDbCircle
 10
0.1195929025
 20
0.0139571
 30
0.0
 40
0.0005
100
AcDbArc
 50
90.0
 51
180.0
  0
LINE
  5
10000155
102
{ACAD_XDICTIONARY
360
10000156
102
}
330
1F
100
AcDbEntity
  8
VISIBLE
100
AcDbLine
 10
0.1195929025
 20
0.0144571
 30
0.0
 11
0.1325929025
 21
0.0144571
 31
0.0
  0
ARC
  5
10000159
102
{ACAD_XDICTIONARY
360
1000015A
102
}
330
1F
100
AcDbEntity
  8
VISIBLE
100
AcDbCircle
 10
-0.1706929025
 20
0.0520571
 30
0.0
 40
0.0005
100
AcDbArc
 50
90.0
 51
179.9999999999945
  0
LINE
  5
1000015F
102
{ACAD_XDICTIONARY
360
10000160
102
}
330
1F
100
AcDbEntity
  8
VISIBLE
100
AcDbLine
 10
-0.1706929025
 20
0.0525571
 30
0.0
 11
-0.1576929025
 21
0.0525571
 31
0.0
  0
ARC
  5
10000163
102
{ACAD_XDICTIONARY
360
10000164
102
}
330
1F
100
AcDbEntity
  8
VISIBLE
100
AcDbCircle
 10
-0.1576929025
 20
0.0520571
 30
0.0
 40
0.0005
100
AcDbArc
 50
0.0
 51
90.0
  0
LINE
  5
10000169
102
{ACAD_XDICTIONARY
360
1000016A
102
}
330
1F
100
AcDbEntity
  8
VISIBLE
100
AcDbLine
 10
-0.1571929025
 20
0.0520571
 30
0.0
 11
-0.1571929025
 21
0.0390571
 31
0.0
  0
ARC
  5
1000016D
102
{ACAD_XDICTIONARY
360
1000016E
102
}
330
1F
100
AcDbEntity
  8
VISIBLE
100
AcDbCircle
 10
-0.1576929025
 20
0.0390571
 30
0.0
 40
0.0005
100
AcDbArc
 50
270.0
 51
0.0
  0
LINE
  5
10000173
102
{ACAD_XDICTIONARY
360
10000174
102
}
330
1F
100
AcDbEntity
  8
VISIBLE
100
AcDbLine
 10
-0.1706929025
 20
0.0385571
 30
0.0
 11
-0.1576929025
 21
0.0385571
 31
0.0
  0
ARC
  5
10000177
102
{ACAD_XDICTIONARY
360
10000178
102
}
330
1F
100
AcDbEntity
  8
VISIBLE
100
AcDbCircle
 10
-0.1706929025
 20
0.0390571000000001
 30
0.0
 40
0.0005
100
AcDbArc
 50
180.0000000000055
 51
270.0
  0
LINE
  5
1000017D
102
{ACAD_XDICTIONARY
360
1000017E
102
}
330
1F
100
AcDbEntity
  8
VISIBLE
100
AcDbLine
 10
-0.1711929025
 20
0.0520571
 30
0.0
 11
-0.1711929025
 21
0.0390571
 31
0.0
  0
ARC
  5
10000181
102
{ACAD_XDICTIONARY
360
10000182
102
}
330
1F
100
AcDbEntity
  8
VISIBLE
100
AcDbCircle
 10
-0.1516429025
 20
0.0520571
 30
0.0
 40
0.0005
100
AcDbArc
 50
90.0
 51
180.0
  0
LINE
  5
10000187
102
{ACAD_XDICTIONARY
360
10000188
102
}
330
1F
100
AcDbEntity
  8
VISIBLE
100
AcDbLine
 10
-0.1516429025
 20
0.0525571
 30
0.0
 11
-0.1386429025
 21
0.0525571
 31
0.0
  0
ARC
  5
1000018B
102
{ACAD_XDICTIONARY
360
1000018C
102
}
330
1F
100
AcDbEntity
  8
VISIBLE
100
AcDbCircle
 10
-0.1386429025
 20
0.0520571
 30
0.0
 40
0.0005
100
AcDbArc
 50
0.0
 51
90.0
  0
LINE
  5
10000191
102
{ACAD_XDICTIONARY
360
10000192
102
}
330
1F
100
AcDbEntity
  8
VISIBLE
100
AcDbLine
 10
-0.1381429025
 20
0.0520571
 30
0.0
 11
-0.1381429025
 21
0.0390571
 31
0.0
  0
ARC
  5
10000195
102
{ACAD_XDICTIONARY
360
10000196
102
}
330
1F
100
AcDbEntity
  8
VISIBLE
100
AcDbCircle
 10
-0.1386429025
 20
0.0390571
 30
0.0
 40
0.0005
100
AcDbArc
 50
270.0
 51
0.0
  0
LINE
  5
1000019B
102
{ACAD_XDICTIONARY
360
1000019C
102
}
330
1F
100
AcDbEntity
  8
VISIBLE
100
AcDbLine
 10
-0.1516429025
 20
0.0385571
 30
0.0
 11
-0.1386429025
 21
0.0385571
 31
0.0
  0
ARC
  5
1000019F
102
{ACAD_XDICTIONARY
360
100001A0
102
}
330
1F
100
AcDbEntity
  8
VISIBLE
100
AcDbCircle
 10
-0.1516429025
 20
0.0390571
 30
0.0
 40
0.0005
100
AcDbArc
 50
180.0
 51
270.0
  0
LINE
  5
100001A5
102
{ACAD_XDICTIONARY
360
100001A6
102
}
330
1F
100
AcDbEntity
  8
VISIBLE
100
AcDbLine
 10
-0.1521429025
 20
0.0520571
 30
0.0
 11
-0.1521429025
 21
0.0390571
 31
0.0
  0
ARC
  5
100001A9
102
{ACAD_XDICTIONARY
360
100001AA
102
}
330
1F
100
AcDbEntity
  8
VISIBLE
100
AcDbCircle
 10
-0.1325929025
 20
0.0520571
 30
0.0
 40
0.0005
100
AcDbArc
 50
90.0
 51
180.0
  0
LINE
  5
100001AF
102
{ACAD_XDICTIONARY
360
100001B0
102
}
330
1F
100
AcDbEntity
  8
VISIBLE
100
AcDbLine
 10
-0.1325929025
 20
0.0525571
 30
0.0
 11
-0.1195929025
 21
0.0525571
 31
0.0
  0
ARC
  5
100001B3
102
{ACAD_XDICTIONARY
360
100001B4
102
}
330
1F
100
AcDbEntity
  8
VISIBLE
100
AcDbCircle
 10
-0.1195929025
 20
0.0520571
 30
0.0
 40
0.0005
100
AcDbArc
 50
0.0
 51
90.0
  0
LINE
  5
100001B9
102
{ACAD_XDICTIONARY
360
100001BA
102
}
330
1F
100
AcDbEntity
  8
VISIBLE
100
AcDbLine
 10
-0.1190929025
 20
0.0520571
 30
0.0
 11
-0.1190929025
 21
0.0390571
 31
0.0
  0
ARC
  5
100001BD
102
{ACAD_XDICTIONARY
360
100001BE
102
}
330
1F
100
AcDbEntity
  8
VISIBLE
100
AcDbCircle
 10
-0.1195929025
 20
0.0390571
 30
0.0
 40
0.0005
100
AcDbArc
 50
270.0
 51
0.0
  0
LINE
  5
100001C3
102
{ACAD_XDICTIONARY
360
100001C4
102
}
330
1F
100
AcDbEntity
  8
VISIBLE
100
AcDbLine
 10
-0.1325929025
 20
0.0385571
 30
0.0
 11
-0.1195929025
 21
0.0385571
 31
0.0
  0
ARC
  5
100001C7
102
{ACAD_XDICTIONARY
360
100001C8
102
}
330
1F
100
AcDbEntity
  8
VISIBLE
100
AcDbCircle
 10
-0.1325929025
 20
0.0390571
 30
0.0
 40
0.0005
100
AcDbArc
 50
180.0
 51
270.0
  0
LINE
  5
100001CD
102
{ACAD_XDICTIONARY
360
100001CE
102
}
330
1F
100
AcDbEntity
  8
VISIBLE
100
AcDbLine
 10
-0.1330929025
 20
0.0520571
 30
0.0
 11
-0.1330929025
 21
0.0390571
 31
0.0
  0
ARC
  5
100001D1
102
{ACAD_XDICTIONARY
360
100001D2
102
}
330
1F
100
AcDbEntity
  8
VISIBLE
100
AcDbCircle
 10
-0.1135429025
 20
0.0520571
 30
0.0
 40
0.0005
100
AcDbArc
 50
90.0
 51
180.0
  0
LINE
  5
100001D7
102
{ACAD_XDICTIONARY
360
100001D8
102
}
330
1F
100
AcDbEntity
  8
VISIBLE
100
AcDbLine
 10
-0.1135429025
 20
0.0525571
 30
0.0
 11
-0.1005429025
 21
0.0525571
 31
0.0
  0
ARC
  5
100001DB
102
{ACAD_XDICTIONARY
360
100001DC
102
}
330
1F
100
AcDbEntity
  8
VISIBLE
100
AcDbCircle
 10
-0.1005429025
 20
0.0520571
 30
0.0
 40
0.0005
100
AcDbArc
 50
0.0
 51
90.0
  0
LINE
  5
100001E1
102
{ACAD_XDICTIONARY
360
100001E2
102
}
330
1F
100
AcDbEntity
  8
VISIBLE
100
AcDbLine
 10
-0.1000429025
 20
0.0520571
 30
0.0
 11
-0.1000429025
 21
0.0390571
 31
0.0
  0
ARC
  5
100001E5
102
{ACAD_XDICTIONARY
360
100001E6
102
}
330
1F
100
AcDbEntity
  8
VISIBLE
100
AcDbCircle
 10
-0.1005429025
 20
0.0390571
 30
0.0
 40
0.0005
100
AcDbArc
 50
270.0
 51
0.0
  0
LINE
  5
100001EB
102
{ACAD_XDICTIONARY
360
100001EC
102
}
330
1F
100
AcDbEntity
  8
VISIBLE
100
AcDbLine
 10
-0.1135429025
 20
0.0385571
 30
0.0
 11
-0.1005429025
 21
0.0385571
 31
0.0
  0
ARC
  5
100001EF
102
{ACAD_XDICTIONARY
360
100001F0
102
}
330
1F
100
AcDbEntity
  8
VISIBLE
100
AcDbCircle
 10
-0.1135429025
 20
0.0390571
 30
0.0
 40
0.0005
100
AcDbArc
 50
180.0
 51
270.0
  0
LINE
  5
100001F5
102
{ACAD_XDICTIONARY
360
100001F6
102
}
330
1F
100
AcDbEntity
  8
VISIBLE
100
AcDbLine
 10
-0.1140429025
 20
0.0520571
 30
0.0
 11
-0.1140429025
 21
0.0390571
 31
0.0
  0
ARC
  5
100001F9
102
{ACAD_XDICTIONARY
360
100001FA
102
}
330
1F
100
AcDbEntity
  8
VISIBLE
100
AcDbCircle
 10
-0.0944929025
 20
0.0520571
 30
0.0
 40
0.0005
100
AcDbArc
 50
90.0
 51
180.0
  0
LINE
  5
100001FF
102
{ACAD_XDICTIONARY
360
10000200
102
}
330
1F
100
AcDbEntity
  8
VISIBLE
100
AcDbLine
 10
-0.0944929025
 20
0.0525571
 30
0.0
 11
-0.0814929025
 21
0.0525571
 31
0.0
  0
ARC
  5
10000203
102
{ACAD_XDICTIONARY
360
10000204
102
}
330
1F
100
AcDbEntity
  8
VISIBLE
100
AcDbCircle
 10
-0.0814929025
 20
0.0520571
 30
0.0
 40
0.0005
100
AcDbArc
 50
0.0
 51
90.0
  0
LINE
  5
10000209
102
{ACAD_XDICTIONARY
360
1000020A
102
}
330
1F
100
AcDbEntity
  8
VISIBLE
100
AcDbLine
 10
-0.0809929025
 20
0.0520571
 30
0.0
 11
-0.0809929025
 21
0.0390571
 31
0.0
  0
ARC
  5
1000020D
102
{ACAD_XDICTIONARY
360
1000020E
102
}
330
1F
100
AcDbEntity
  8
VISIBLE
100
AcDbCircle
 10
-0.0814929025
 20
0.0390571
 30
0.0
 40
0.0005
100
AcDbArc
 50
270.0
 51
0.0
  0
LINE
  5
10000213
102
{ACAD_XDICTIONARY
360
10000214
102
}
330
1F
100
AcDbEntity
  8
VISIBLE
100
AcDbLine
 10
-0.0944929025
 20
0.0385571
 30
0.0
 11
-0.0814929025
 21
0.0385571
 31
0.0
  0
ARC
  5
10000217
102
{ACAD_XDICTIONARY
360
10000218
102
}
330
1F
100
AcDbEntity
  8
VISIBLE
100
AcDbCircle
 10
-0.0944929025
 20
0.0390571
 30
0.0
 40
0.0005
100
AcDbArc
 50
180.0
 51
270.0
  0
LINE
  5
1000021D
102
{ACAD_XDICTIONARY
360
1000021E
102
}
330
1F
100
AcDbEntity
  8
VISIBLE
100
AcDbLine
 10
-0.0949929025
 20
0.0520571
 30
0.0
 11
-0.0949929025
 21
0.0390571
 31
0.0
  0
ARC
  5
10000221
102
{ACAD_XDICTIONARY
360
10000222
102
}
330
1F
100
AcDbEntity
  8
VISIBLE
100
AcDbCircle
 10
-0.0754429025
 20
0.0520571
 30
0.0
 40
0.0005
100
AcDbArc
 50
90.0
 51
179.9999999999976
  0
LINE
  5
10000227
102
{ACAD_XDICTIONARY
360
10000228
102
}
330
1F
100
AcDbEntity
  8
VISIBLE
100
AcDbLine
 10
-0.0754429025
 20
0.0525571
 30
0.0
 11
-0.0624429025
 21
0.0525571
 31
0.0
  0
ARC
  5
1000022B
102
{ACAD_XDICTIONARY
360
1000022C
102
}
330
1F
100
AcDbEntity
  8
VISIBLE
100
AcDbCircle
 10
-0.0624429025
 20
0.0520571
 30
0.0
 40
0.0005
100
AcDbArc
 50
0.0
 51
90.0
  0
LINE
  5
10000231
102
{ACAD_XDICTIONARY
360
10000232
102
}
330
1F
100
AcDbEntity
  8
VISIBLE
100
AcDbLine
 10
-0.0619429025
 20
0.0520571
 30
0.0
 11
-0.0619429025
 21
0.0390571
 31
0.0
  0
ARC
  5
10000235
102
{ACAD_XDICTIONARY
360
10000236
102
}
330
1F
100
AcDbEntity
  8
VISIBLE
100
AcDbCircle
 10
-0.0624429025
 20
0.0390571
 30
0.0
 40
0.0005
100
AcDbArc
 50
270.0
 51
0.0
  0
LINE
  5
1000023B
102
{ACAD_XDICTIONARY
360
1000023C
102
}
330
1F
100
AcDbEntity
  8
VISIBLE
100
AcDbLine
 10
-0.0754429025
 20
0.0385571
 30
0.0
 11
-0.0624429025
 21
0.0385571
 31
0.0
  0
ARC
  5
1000023F
102
{ACAD_XDICTIONARY
360
10000240
102
}
330
1F
100
AcDbEntity
  8
VISIBLE
100
AcDbCircle
 10
-0.0754429025
 20
0.0390571
 30
0.0
 40
0.0005
100
AcDbArc
 50
180.0000000000024
 51
270.0
  0
LINE
  5
10000245
102
{ACAD_XDICTIONARY
360
10000246
102
}
330
1F
100
AcDbEntity
  8
VISIBLE
100
AcDbLine
 10
-0.0759429025
 20
0.0520571
 30
0.0
 11
-0.0759429025
 21
0.0390571
 31
0.0
  0
ARC
  5
10000249
102
{ACAD_XDICTIONARY
360
1000024A
102
}
330
1F
100
AcDbEntity
  8
VISIBLE
100
AcDbCircle
 10
-0.0563929025
 20
0.0520571
 30
0.0
 40
0.0005
100
AcDbArc
 50
90.0
 51
179.9999999999984
  0
LINE
  5
1000024F
102
{ACAD_XDICTIONARY
360
10000250
102
}
330
1F
100
AcDbEntity
  8
VISIBLE
100
AcDbLine
 10
-0.0563929025
 20
0.0525571
 30
0.0
 11
-0.0433929025
 21
0.0525571
 31
0.0
  0
ARC
  5
10000253
102
{ACAD_XDICTIONARY
360
10000254
102
}
330
1F
100
AcDbEntity
  8
VISIBLE
100
AcDbCircle
 10
-0.0433929025
 20
0.0520571
 30
0.0
 40
0.0005
100
AcDbArc
 50
0.0
 51
90.0
  0
LINE
  5
10000259
102
{ACAD_XDICTIONARY
360
1000025A
102
}
330
1F
100
AcDbEntity
  8
VISIBLE
100
AcDbLine
 10
-0.0428929025
 20
0.0520571
 30
0.0
 11
-0.0428929025
 21
0.0390571
 31
0.0
  0
ARC
  5
1000025D
102
{ACAD_XDICTIONARY
360
1000025E
102
}
330
1F
100
AcDbEntity
  8
VISIBLE
100
AcDbCircle
 10
-0.0433929025
 20
0.0390571
 30
0.0
 40
0.0005
100
AcDbArc
 50
270.0
 51
0.0
  0
LINE
  5
10000263
102
{ACAD_XDICTIONARY
360
10000264
102
}
330
1F
100
AcDbEntity
  8
VISIBLE
100
AcDbLine
 10
-0.0563929025
 20
0.0385571
 30
0.0
 11
-0.0433929025
 21
0.0385571
 31
0.0
  0
ARC
  5
10000267
102
{ACAD_XDICTIONARY
360
10000268
102
}
330
1F
100
AcDbEntity
  8
VISIBLE
100
AcDbCircle
 10
-0.0563929025
 20
0.0390571
 30
0.0
 40
0.0005
100
AcDbArc
 50
180.0000000000016
 51
270.0
  0
LINE
  5
1000026D
102
{ACAD_XDICTIONARY
360
1000026E
102
}
330
1F
100
AcDbEntity
  8
VISIBLE
100
AcDbLine
 10
-0.0568929025
 20
0.0520571
 30
0.0
 11
-0.0568929025
 21
0.0390571
 31
0.0
  0
ARC
  5
10000271
102
{ACAD_XDICTIONARY
360
10000272
102
}
330
1F
100
AcDbEntity
  8
VISIBLE
100
AcDbCircle
 10
-0.0373429025
 20
0.0520571
 30
0.0
 40
0.0005
100
AcDbArc
 50
90.0
 51
180.0
  0
LINE
  5
10000277
102
{ACAD_XDICTIONARY
360
10000278
102
}
330
1F
100
AcDbEntity
  8
VISIBLE
100
AcDbLine
 10
-0.0373429025
 20
0.0525571
 30
0.0
 11
-0.0243429025
 21
0.0525571
 31
0.0
  0
ARC
  5
1000027B
102
{ACAD_XDICTIONARY
360
1000027C
102
}
330
1F
100
AcDbEntity
  8
VISIBLE
100
AcDbCircle
 10
-0.0243429025
 20
0.0520571
 30
0.0
 40
0.0005
100
AcDbArc
 50
0.0
 51
90.0
  0
LINE
  5
10000281
102
{ACAD_XDICTIONARY
360
10000282
102
}
330
1F
100
AcDbEntity
  8
VISIBLE
100
AcDbLine
 10
-0.0238429025
 20
0.0520571
 30
0.0
 11
-0.0238429025
 21
0.0390571
 31
0.0
  0
ARC
  5
10000285
102
{ACAD_XDICTIONARY
360
10000286
102
}
330
1F
100
AcDbEntity
  8
VISIBLE
100
AcDbCircle
 10
-0.0243429025
 20
0.0390571
 30
0.0
 40
0.0005
100
AcDbArc
 50
270.0
 51
0.0
  0
LINE
  5
1000028B
102
{ACAD_XDICTIONARY
360
1000028C
102
}
330
1F
100
AcDbEntity
  8
VISIBLE
100
AcDbLine
 10
-0.0373429025
 20
0.0385571
 30
0.0
 11
-0.0243429025
 21
0.0385571
 31
0.0
  0
ARC
  5
1000028F
102
{ACAD_XDICTIONARY
360
10000290
102
}
330
1F
100
AcDbEntity
  8
VISIBLE
100
AcDbCircle
 10
-0.0373429025
 20
0.0390571
 30
0.0
 40
0.0005
100
AcDbArc
 50
180.0
 51
270.0
  0
LINE
  5
10000295
102
{ACAD_XDICTIONARY
360
10000296
102
}
330
1F
100
AcDbEntity
  8
VISIBLE
100
AcDbLine
 10
-0.0378429025
 20
0.0520571
 30
0.0
 11
-0.0378429025
 21
0.0390571
 31
0.0
  0
ARC
  5
10000299
102
{ACAD_XDICTIONARY
360
1000029A
102
}
330
1F
100
AcDbEntity
  8
VISIBLE
100
AcDbCircle
 10
-0.0182929025
 20
0.0520571
 30
0.0
 40
0.0005
100
AcDbArc
 50
90.0
 51
179.9999999999992
  0
LINE
  5
1000029F
102
{ACAD_XDICTIONARY
360
100002A0
102
}
330
1F
100
AcDbEntity
  8
VISIBLE
100
AcDbLine
 10
-0.0182929025
 20
0.0525571
 30
0.0
 11
-0.0052929025
 21
0.0525571
 31
0.0
  0
ARC
  5
100002A3
102
{ACAD_XDICTIONARY
360
100002A4
102
}
330
1F
100
AcDbEntity
  8
VISIBLE
100
AcDbCircle
 10
-0.0052929025
 20
0.0520571
 30
0.0
 40
0.0005
100
AcDbArc
 50
0.0
 51
90.0
  0
LINE
  5
100002A9
102
{ACAD_XDICTIONARY
360
100002AA
102
}
330
1F
100
AcDbEntity
  8
VISIBLE
100
AcDbLine
 10
-0.0047929025
 20
0.0520571
 30
0.0
 11
-0.0047929025
 21
0.0390571
 31
0.0
  0
ARC
  5
100002AD
102
{ACAD_XDICTIONARY
360
100002AE
102
}
330
1F
100
AcDbEntity
  8
VISIBLE
100
AcDbCircle
 10
-0.0052929025
 20
0.0390571
 30
0.0
 40
0.0005
100
AcDbArc
 50
270.0
 51
0.0
  0
LINE
  5
100002B3
102
{ACAD_XDICTIONARY
360
100002B4
102
}
330
1F
100
AcDbEntity
  8
VISIBLE
100
AcDbLine
 10
-0.0182929025
 20
0.0385571
 30
0.0
 11
-0.0052929025
 21
0.0385571
 31
0.0
  0
ARC
  5
100002B7
102
{ACAD_XDICTIONARY
360
100002B8
102
}
330
1F
100
AcDbEntity
  8
VISIBLE
100
AcDbCircle
 10
-0.0182929025
 20
0.0390571
 30
0.0
 40
0.0005
100
AcDbArc
 50
180.0000000000008
 51
270.0
  0
LINE
  5
100002BD
102
{ACAD_XDICTIONARY
360
100002BE
102
}
330
1F
100
AcDbEntity
  8
VISIBLE
100
AcDbLine
 10
-0.0187929025
 20
0.0520571
 30
0.0
 11
-0.0187929025
 21
0.0390571
 31
0.0
  0
ARC
  5
100002C1
102
{ACAD_XDICTIONARY
360
100002C2
102
}
330
1F
100
AcDbEntity
  8
VISIBLE
100
AcDbCircle
 10
0.0007570975
 20
0.0520571
 30
0.0
 40
0.0005
100
AcDbArc
 50
90.0
 51
180.0
  0
LINE
  5
100002C7
102
{ACAD_XDICTIONARY
360
100002C8
102
}
330
1F
100
AcDbEntity
  8
VISIBLE
100
AcDbLine
 10
0.0007570975
 20
0.0525571
 30
0.0
 11
0.0137570975
 21
0.0525571
 31
0.0
  0
ARC
  5
100002CB
102
{ACAD_XDICTIONARY
360
100002CC
102
}
330
1F
100
AcDbEntity
  8
VISIBLE
100
AcDbCircle
 10
0.0137570975
 20
0.0520571
 30
0.0
 40
0.0005
100
AcDbArc
 50
0.0
 51
90.0
  0
LINE
  5
100002D1
102
{ACAD_XDICTIONARY
360
100002D2
102
}
330
1F
100
AcDbEntity
  8
VISIBLE
100
AcDbLine
 10
0.0142570975
 20
0.0520571
 30
0.0
 11
0.0142570975
 21
0.0390571
 31
0.0
  0
ARC
  5
100002D5
102
{ACAD_XDICTIONARY
360
100002D6
102
}
330
1F
100
AcDbEntity
  8
VISIBLE
100
AcDbCircle
 10
0.0137570975
 20
0.0390571
 30
0.0
 40
0.0005
100
AcDbArc
 50
270.0
 51
0.0
  0
LINE
  5
100002DB
102
{ACAD_XDICTIONARY
360
100002DC
102
}
330
1F
100
AcDbEntity
  8
VISIBLE
100
AcDbLine
 10
0.0007570975
 20
0.0385571
 30
0.0
 11
0.0137570975
 21
0.0385571
 31
0.0
  0
ARC
  5
100002DF
102
{ACAD_XDICTIONARY
360
100002E0
102
}
330
1F
100
AcDbEntity
  8
VISIBLE
100
AcDbCircle
 10
0.0007570975
 20
0.0390571
 30
0.0
 40
0.0005
100
AcDbArc
 50
180.0
 51
270.0
  0
LINE
  5
100002E5
102
{ACAD_XDICTIONARY
360
100002E6
102
}
330
1F
100
AcDbEntity
  8
VISIBLE
100
AcDbLine
 10
0.0002570975
 20
0.0520571
 30
0.0
 11
0.0002570975
 21
0.0390571
 31
0.0
  0
ARC
  5
100002E9
102
{ACAD_XDICTIONARY
360
100002EA
102
}
330
1F
100
AcDbEntity
  8
VISIBLE
100
AcDbCircle
 10
0.0198070975
 20
0.0520571
 30
0.0
 40
0.0005
100
AcDbArc
 50
90.0
 51
180.0
  0
LINE
  5
100002EF
102
{ACAD_XDICTIONARY
360
100002F0
102
}
330
1F
100
AcDbEntity
  8
VISIBLE
100
AcDbLine
 10
0.0198070975
 20
0.0525571
 30
0.0
 11
0.0328070975
 21
0.0525571
 31
0.0
  0
ARC
  5
100002F3
102
{ACAD_XDICTIONARY
360
100002F4
102
}
330
1F
100
AcDbEntity
  8
VISIBLE
100
AcDbCircle
 10
0.0328070975
 20
0.0520571
 30
0.0
 40
0.0005
100
AcDbArc
 50
0.0
 51
90.0
  0
LINE
  5
100002F9
102
{ACAD_XDICTIONARY
360
100002FA
102
}
330
1F
100
AcDbEntity
  8
VISIBLE
100
AcDbLine
 10
0.0333070975
 20
0.0520571
 30
0.0
 11
0.0333070975
 21
0.0390571
 31
0.0
  0
ARC
  5
100002FD
102
{ACAD_XDICTIONARY
360
100002FE
102
}
330
1F
100
AcDbEntity
  8
VISIBLE
100
AcDbCircle
 10
0.0328070975
 20
0.0390571
 30
0.0
 40
0.0005
100
AcDbArc
 50
270.0
 51
0.0
  0
LINE
  5
10000303
102
{ACAD_XDICTIONARY
360
10000304
102
}
330
1F
100
AcDbEntity
  8
VISIBLE
100
AcDbLine
 10
0.0198070975
 20
0.0385571
 30
0.0
 11
0.0328070975
 21
0.0385571
 31
0.0
  0
ARC
  5
10000307
102
{ACAD_XDICTIONARY
360
10000308
102
}
330
1F
100
AcDbEntity
  8
VISIBLE
100
AcDbCircle
 10
0.0198070975
 20
0.0390571
 30
0.0
 40
0.0005
100
AcDbArc
 50
180.0
 51
270.0
  0
LINE
  5
1000030D
102
{ACAD_XDICTIONARY
360
1000030E
102
}
330
1F
100
AcDbEntity
  8
VISIBLE
100
AcDbLine
 10
0.0193070975
 20
0.0520571
 30
0.0
 11
0.0193070975
 21
0.0390571
 31
0.0
  0
ARC
  5
10000311
102
{ACAD_XDICTIONARY
360
10000312
102
}
330
1F
100
AcDbEntity
  8
VISIBLE
100
AcDbCircle
 10
0.0388570975
 20
0.0520571
 30
0.0
 40
0.0005
100
AcDbArc
 50
90.0
 51
180.0
  0
LINE
  5
10000317
102
{ACAD_XDICTIONARY
360
10000318
102
}
330
1F
100
AcDbEntity
  8
VISIBLE
100
AcDbLine
 10
0.0388570975
 20
0.0525571
 30
0.0
 11
0.0518570975
 21
0.0525571
 31
0.0
  0
ARC
  5
1000031B
102
{ACAD_XDICTIONARY
360
1000031C
102
}
330
1F
100
AcDbEntity
  8
VISIBLE
100
AcDbCircle
 10
0.0518570975
 20
0.0520571
 30
0.0
 40
0.0005
100
AcDbArc
 50
0.0
 51
90.0
  0
LINE
  5
10000321
102
{ACAD_XDICTIONARY
360
10000322
102
}
330
1F
100
AcDbEntity
  8
VISIBLE
100
AcDbLine
 10
0.0523570975
 20
0.0520571
 30
0.0
 11
0.0523570975
 21
0.0390571
 31
0.0
  0
ARC
  5
10000325
102
{ACAD_XDICTIONARY
360
10000326
102
}
330
1F
100
AcDbEntity
  8
VISIBLE
100
AcDbCircle
 10
0.0518570975
 20
0.0390571
 30
0.0
 40
0.0005
100
AcDbArc
 50
270.0
 51
0.0
  0
LINE
  5
1000032B
102
{ACAD_XDICTIONARY
360
1000032C
102
}
330
1F
100
AcDbEntity
  8
VISIBLE
100
AcDbLine
 10
0.0388570975
 20
0.0385571
 30
0.0
 11
0.0518570975
 21
0.0385571
 31
0.0
  0
ARC
  5
1000032F
102
{ACAD_XDICTIONARY
360
10000330
102
}
330
1F
100
AcDbEntity
  8
VISIBLE
100
AcDbCircle
 10
0.0388570975
 20
0.0390571
 30
0.0
 40
0.0005
100
AcDbArc
 50
180.0
 51
270.0
  0
LINE
  5
10000335
102
{ACAD_XDICTIONARY
360
10000336
102
}
330
1F
100
AcDbEntity
  8
VISIBLE
100
AcDbLine
 10
0.0383570975
 20
0.0520571
 30
0.0
 11
0.0383570975
 21
0.0390571
 31
0.0
  0
ARC
  5
10000339
102
{ACAD_XDICTIONARY
360
1000033A
102
}
330
1F
100
AcDbEntity
  8
VISIBLE
100
AcDbCircle
 10
0.0579070975
 20
0.0520571
 30
0.0
 40
0.0005
100
AcDbArc
 50
90.0
 51
180.0
  0
LINE
  5
1000033F
102
{ACAD_XDICTIONARY
360
10000340
102
}
330
1F
100
AcDbEntity
  8
VISIBLE
100
AcDbLine
 10
0.0579070975
 20
0.0525571
 30
0.0
 11
0.0709070975
 21
0.0525571
 31
0.0
  0
ARC
  5
10000343
102
{ACAD_XDICTIONARY
360
10000344
102
}
330
1F
100
AcDbEntity
  8
VISIBLE
100
AcDbCircle
 10
0.0709070975
 20
0.0520571
 30
0.0
 40
0.0005
100
AcDbArc
 50
0.0
 51
90.0
  0
LINE
  5
10000349
102
{ACAD_XDICTIONARY
360
1000034A
102
}
330
1F
100
AcDbEntity
  8
VISIBLE
100
AcDbLine
 10
0.0714070975
 20
0.0520571
 30
0.0
 11
0.0714070975
 21
0.0390571
 31
0.0
  0
ARC
  5
1000034D
102
{ACAD_XDICTIONARY
360
1000034E
102
}
330
1F
100
AcDbEntity
  8
VISIBLE
100
AcDbCircle
 10
0.0709070975
 20
0.0390571
 30
0.0
 40
0.0005
100
AcDbArc
 50
270.0
 51
0.0
  0
LINE
  5
10000353
102
{ACAD_XDICTIONARY
360
10000354
102
}
330
1F
100
AcDbEntity
  8
VISIBLE
100
AcDbLine
 10
0.0579070975
 20
0.0385571
 30
0.0
 11
0.0709070975
 21
0.0385571
 31
0.0
  0
ARC
  5
10000357
102
{ACAD_XDICTIONARY
360
10000358
102
}
330
1F
100
AcDbEntity
  8
VISIBLE
100
AcDbCircle
 10
0.0579070975
 20
0.0390571
 30
0.0
 40
0.0005
100
AcDbArc
 50
180.0
 51
270.0
  0
LINE
  5
1000035D
102
{ACAD_XDICTIONARY
360
1000035E
102
}
330
1F
100
AcDbEntity
  8
VISIBLE
100
AcDbLine
 10
0.0574070975
 20
0.0520571
 30
0.0
 11
0.0574070975
 21
0.0390571
 31
0.0
  0
ARC
  5
10000361
102
{ACAD_XDICTIONARY
360
10000362
102
}
330
1F
100
AcDbEntity
  8
VISIBLE
100
AcDbCircle
 10
0.0769570975
 20
0.0520571
 30
0.0
 40
0.0005
100
AcDbArc
 50
90.0
 51
180.0
  0
LINE
  5
10000367
102
{ACAD_XDICTIONARY
360
10000368
102
}
330
1F
100
AcDbEntity
  8
VISIBLE
100
AcDbLine
 10
0.0769570975
 20
0.0525571
 30
0.0
 11
0.0899570975
 21
0.0525571
 31
0.0
  0
ARC
  5
1000036B
102
{ACAD_XDICTIONARY
360
1000036C
102
}
330
1F
100
AcDbEntity
  8
VISIBLE
100
AcDbCircle
 10
0.0899570975
 20
0.0520571
 30
0.0
 40
0.0005
100
AcDbArc
 50
0.0
 51
90.0
  0
LINE
  5
10000371
102
{ACAD_XDICTIONARY
360
10000372
102
}
330
1F
100
AcDbEntity
  8
VISIBLE
100
AcDbLine
 10
0.0904570975
 20
0.0520571
 30
0.0
 11
0.0904570975
 21
0.0390571
 31
0.0
  0
ARC
  5
10000375
102
{ACAD_XDICTIONARY
360
10000376
102
}
330
1F
100
AcDbEntity
  8
VISIBLE
100
AcDbCircle
 10
0.0899570975
 20
0.0390571
 30
0.0
 40
0.0005
100
AcDbArc
 50
270.0
 51
0.0
  0
LINE
  5
1000037B
102
{ACAD_XDICTIONARY
360
1000037C
102
}
330
1F
100
AcDbEntity
  8
VISIBLE
100
AcDbLine
 10
0.0769570975
 20
0.0385571
 30
0.0
 11
0.0899570975
 21
0.0385571
 31
0.0
  0
ARC
  5
1000037F
102
{ACAD_XDICTIONARY
360
10000380
102
}
330
1F
100
AcDbEntity
  8
VISIBLE
100
AcDbCircle
 10
0.0769570975
 20
0.0390571
 30
0.0
 40
0.0005
100
AcDbArc
 50
180.0
 51
270.0
  0
LINE
  5
10000385
102
{ACAD_XDICTIONARY
360
10000386
102
}
330
1F
100
AcDbEntity
  8
VISIBLE
100
AcDbLine
 10
0.0764570975
 20
0.0520571
 30
0.0
 11
0.0764570975
 21
0.0390571
 31
0.0
  0
ARC
  5
10000389
102
{ACAD_XDICTIONARY
360
1000038A
102
}
330
1F
100
AcDbEntity
  8
VISIBLE
100
AcDbCircle
 10
0.0960070975
 20
0.0520571
 30
0.0
 40
0.0005
100
AcDbArc
 50
90.0
 51
180.0000000000024
  0
LINE
  5
1000038F
102
{ACAD_XDICTIONARY
360
10000390
102
}
330
1F
100
AcDbEntity
  8
VISIBLE
100
AcDbLine
 10
0.0960070975
 20
0.0525571
 30
0.0
 11
0.1090070975
 21
0.0525571
 31
0.0
  0
ARC
  5
10000393
102
{ACAD_XDICTIONARY
360
10000394
102
}
330
1F
100
AcDbEntity
  8
VISIBLE
100
AcDbCircle
 10
0.1090070975
 20
0.0520571
 30
0.0
 40
0.0005
100
AcDbArc
 50
0.0
 51
90.0
  0
LINE
  5
10000399
102
{ACAD_XDICTIONARY
360
1000039A
102
}
330
1F
100
AcDbEntity
  8
VISIBLE
100
AcDbLine
 10
0.1095070975
 20
0.0520571
 30
0.0
 11
0.1095070975
 21
0.0390571
 31
0.0
  0
ARC
  5
1000039D
102
{ACAD_XDICTIONARY
360
1000039E
102
}
330
1F
100
AcDbEntity
  8
VISIBLE
100
AcDbCircle
 10
0.1090070975
 20
0.0390571
 30
0.0
 40
0.0005
100
AcDbArc
 50
270.0
 51
0.0
  0
LINE
  5
100003A3
102
{ACAD_XDICTIONARY
360
100003A4
102
}
330
1F
100
AcDbEntity
  8
VISIBLE
100
AcDbLine
 10
0.0960070975
 20
0.0385571
 30
0.0
 11
0.1090070975
 21
0.0385571
 31
0.0
  0
ARC
  5
100003A7
102
{ACAD_XDICTIONARY
360
100003A8
102
}
330
1F
100
AcDbEntity
  8
VISIBLE
100
AcDbCircle
 10
0.0960070975
 20
0.0390571
 30
0.0
 40
0.0005
100
AcDbArc
 50
179.9999999999976
 51
270.0
  0
LINE
  5
100003AD
102
{ACAD_XDICTIONARY
360
100003AE
102
}
330
1F
100
AcDbEntity
  8
VISIBLE
100
AcDbLine
 10
0.0955070975
 20
0.0520571
 30
0.0
 11
0.0955070975
 21
0.0390571
 31
0.0
  0
ARC
  5
100003B1
102
{ACAD_XDICTIONARY
360
100003B2
102
}
330
1F
100
AcDbEntity
  8
VISIBLE
100
AcDbCircle
 10
0.1325929025
 20
0.0200071
 30
0.0
 40
0.0005
100
AcDbArc
 50
270.0
 51
0.0
  0
LINE
  5
100003B7
102
{ACAD_XDICTIONARY
360
100003B8
102
}
330
1F
100
AcDbEntity
  8
VISIBLE
100
AcDbLine
 10
0.1195929025
 20
0.0195071
 30
0.0
 11
0.1325929025
 21
0.0195071
 31
0.0
  0
ARC
  5
100003BB
102
{ACAD_XDICTIONARY
360
100003BC
102
}
330
1F
100
AcDbEntity
  8
VISIBLE
100
AcDbCircle
 10
0.1195929025
 20
0.0200071
 30
0.0
 40
0.0005
100
AcDbArc
 50
180.0
 51
270.0
  0
LINE
  5
100003C1
102
{ACAD_XDICTIONARY
360
100003C2
102
}
330
1F
100
AcDbEntity
  8
VISIBLE
100
AcDbLine
 10
0.1190929025
 20
0.0330071
 30
0.0
 11
0.1190929025
 21
0.0200071
 31
0.0
  0
ARC
  5
100003C5
102
{ACAD_XDICTIONARY
360
100003C6
102
}
330
1F
100
AcDbEntity
  8
VISIBLE
100
AcDbCircle
 10
0.1195929025
 20
0.0330071
 30
0.0
 40
0.0005
100
AcDbArc
 50
90.0
 51
180.0
  0
LINE
  5
100003CB
102
{ACAD_XDICTIONARY
360
100003CC
102
}
330
1F
100
AcDbEntity
  8
VISIBLE
100
AcDbLine
 10
0.1195929025
 20
0.0335071
 30
0.0
 11
0.1325929025
 21
0.0335071
 31
0.0
  0
ARC
  5
100003CF
102
{ACAD_XDICTIONARY
360
100003D0
102
}
330
1F
100
AcDbEntity
  8
VISIBLE
100
AcDbCircle
 10
0.1325929025
 20
0.0330071
 30
0.0
 40
0.0005
100
AcDbArc
 50
0.0
 51
90.0
  0
LINE
  5
100003D5
102
{ACAD_XDICTIONARY
360
100003D6
102
}
330
1F
100
AcDbEntity
  8
VISIBLE
100
AcDbLine
 10
0.1330929025
 20
0.0330071
 30
0.0
 11
0.1330929025
 21
0.0200071
 31
0.0
  0
ARC
  5
100003D9
102
{ACAD_XDICTIONARY
360
100003DA
102
}
330
1F
100
AcDbEntity
  8
VISIBLE
100
AcDbCircle
 10
-0.1706929025
 20
0.0330071
 30
0.0
 40
0.0005
100
AcDbArc
 50
90.0
 51
179.9999999999945
  0
LINE
  5
100003DF
102
{ACAD_XDICTIONARY
360
100003E0
102
}
330
1F
100
AcDbEntity
  8
VISIBLE
100
AcDbLine
 10
-0.1706929025
 20
0.0335071
 30
0.0
 11
-0.1576929025
 21
0.0335071
 31
0.0
  0
ARC
  5
100003E3
102
{ACAD_XDICTIONARY
360
100003E4
102
}
330
1F
100
AcDbEntity
  8
VISIBLE
100
AcDbCircle
 10
-0.1576929025
 20
0.0330071
 30
0.0
 40
0.0005
100
AcDbArc
 50
0.0
 51
90.0
  0
LINE
  5
100003E9
102
{ACAD_XDICTIONARY
360
100003EA
102
}
330
1F
100
AcDbEntity
  8
VISIBLE
100
AcDbLine
 10
-0.1571929025
 20
0.0330071
 30
0.0
 11
-0.1571929025
 21
0.0200071
 31
0.0
  0
ARC
  5
100003ED
102
{ACAD_XDICTIONARY
360
100003EE
102
}
330
1F
100
AcDbEntity
  8
VISIBLE
100
AcDbCircle
 10
-0.1576929025
 20
0.0200071
 30
0.0
 40
0.0005
100
AcDbArc
 50
270.0
 51
0.0
  0
LINE
  5
100003F3
102
{ACAD_XDICTIONARY
360
100003F4
102
}
330
1F
100
AcDbEntity
  8
VISIBLE
100
AcDbLine
 10
-0.1706929025
 20
0.0195071
 30
0.0
 11
-0.1576929025
 21
0.0195071
 31
0.0
  0
ARC
  5
100003F7
102
{ACAD_XDICTIONARY
360
100003F8
102
}
330
1F
100
AcDbEntity
  8
VISIBLE
100
AcDbCircle
 10
-0.1706929025
 20
0.0200071
 30
0.0
 40
0.0005
100
AcDbArc
 50
180.0000000000055
 51
270.0
  0
LINE
  5
100003FD
102
{ACAD_XDICTIONARY
360
100003FE
102
}
330
1F
100
AcDbEntity
  8
VISIBLE
100
AcDbLine
 10
-0.1711929025
 20
0.0330071
 30
0.0
 11
-0.1711929025
 21
0.0200071
 31
0.0
  0
ARC
  5
10000401
102
{ACAD_XDICTIONARY
360
10000402
102
}
330
1F
100
AcDbEntity
  8
VISIBLE
100
AcDbCircle
 10
-0.1516429025
 20
0.0330071
 30
0.0
 40
0.0005
100
AcDbArc
 50
90.0
 51
180.0
  0
LINE
  5
10000407
102
{ACAD_XDICTIONARY
360
10000408
102
}
330
1F
100
AcDbEntity
  8
VISIBLE
100
AcDbLine
 10
-0.1516429025
 20
0.0335071
 30
0.0
 11
-0.1386429025
 21
0.0335071
 31
0.0
  0
ARC
  5
1000040B
102
{ACAD_XDICTIONARY
360
1000040C
102
}
330
1F
100
AcDbEntity
  8
VISIBLE
100
AcDbCircle
 10
-0.1386429025
 20
0.0330071
 30
0.0
 40
0.0005
100
AcDbArc
 50
0.0
 51
90.0
  0
LINE
  5
10000411
102
{ACAD_XDICTIONARY
360
10000412
102
}
330
1F
100
AcDbEntity
  8
VISIBLE
100
AcDbLine
 10
-0.1381429025
 20
0.0330071
 30
0.0
 11
-0.1381429025
 21
0.0200071
 31
0.0
  0
ARC
  5
10000415
102
{ACAD_XDICTIONARY
360
10000416
102
}
330
1F
100
AcDbEntity
  8
VISIBLE
100
AcDbCircle
 10
-0.1386429025
 20
0.0200071
 30
0.0
 40
0.0005
100
AcDbArc
 50
270.0
 51
0.0
  0
LINE
  5
1000041B
102
{ACAD_XDICTIONARY
360
1000041C
102
}
330
1F
100
AcDbEntity
  8
VISIBLE
100
AcDbLine
 10
-0.1516429025
 20
0.0195071
 30
0.0
 11
-0.1386429025
 21
0.0195071
 31
0.0
  0
ARC
  5
1000041F
102
{ACAD_XDICTIONARY
360
10000420
102
}
330
1F
100
AcDbEntity
  8
VISIBLE
100
AcDbCircle
 10
-0.1516429025
 20
0.0200071
 30
0.0
 40
0.0005
100
AcDbArc
 50
180.0
 51
270.0
  0
LINE
  5
10000425
102
{ACAD_XDICTIONARY
360
10000426
102
}
330
1F
100
AcDbEntity
  8
VISIBLE
100
AcDbLine
 10
-0.1521429025
 20
0.0330071
 30
0.0
 11
-0.1521429025
 21
0.0200071
 31
0.0
  0
ARC
  5
10000429
102
{ACAD_XDICTIONARY
360
1000042A
102
}
330
1F
100
AcDbEntity
  8
VISIBLE
100
AcDbCircle
 10
-0.1325929025
 20
0.0330071
 30
0.0
 40
0.0005
100
AcDbArc
 50
90.0
 51
180.0
  0
LINE
  5
1000042F
102
{ACAD_XDICTIONARY
360
10000430
102
}
330
1F
100
AcDbEntity
  8
VISIBLE
100
AcDbLine
 10
-0.1325929025
 20
0.0335071
 30
0.0
 11
-0.1195929025
 21
0.0335071
 31
0.0
  0
ARC
  5
10000433
102
{ACAD_XDICTIONARY
360
10000434
102
}
330
1F
100
AcDbEntity
  8
VISIBLE
100
AcDbCircle
 10
-0.1195929025
 20
0.0330071
 30
0.0
 40
0.0005
100
AcDbArc
 50
0.0
 51
90.0
  0
LINE
  5
10000439
102
{ACAD_XDICTIONARY
360
1000043A
102
}
330
1F
100
AcDbEntity
  8
VISIBLE
100
AcDbLine
 10
-0.1190929025
 20
0.0330071
 30
0.0
 11
-0.1190929025
 21
0.0200071
 31
0.0
  0
ARC
  5
1000043D
102
{ACAD_XDICTIONARY
360
1000043E
102
}
330
1F
100
AcDbEntity
  8
VISIBLE
100
AcDbCircle
 10
-0.1195929025
 20
0.0200071
 30
0.0
 40
0.0005
100
AcDbArc
 50
270.0
 51
0.0
  0
LINE
  5
10000443
102
{ACAD_XDICTIONARY
360
10000444
102
}
330
1F
100
AcDbEntity
  8
VISIBLE
100
AcDbLine
 10
-0.1325929025
 20
0.0195071
 30
0.0
 11
-0.1195929025
 21
0.0195071
 31
0.0
  0
ARC
  5
10000447
102
{ACAD_XDICTIONARY
360
10000448
102
}
330
1F
100
AcDbEntity
  8
VISIBLE
100
AcDbCircle
 10
-0.1325929025
 20
0.0200071
 30
0.0
 40
0.0005
100
AcDbArc
 50
180.0
 51
270.0
  0
LINE
  5
1000044D
102
{ACAD_XDICTIONARY
360
1000044E
102
}
330
1F
100
AcDbEntity
  8
VISIBLE
100
AcDbLine
 10
-0.1330929025
 20
0.0330071
 30
0.0
 11
-0.1330929025
 21
0.0200071
 31
0.0
  0
ARC
  5
10000451
102
{ACAD_XDICTIONARY
360
10000452
102
}
330
1F
100
AcDbEntity
  8
VISIBLE
100
AcDbCircle
 10
-0.1135429025
 20
0.0330071
 30
0.0
 40
0.0005
100
AcDbArc
 50
90.0
 51
180.0
  0
LINE
  5
10000457
102
{ACAD_XDICTIONARY
360
10000458
102
}
330
1F
100
AcDbEntity
  8
VISIBLE
100
AcDbLine
 10
-0.1135429025
 20
0.0335071
 30
0.0
 11
-0.1005429025
 21
0.0335071
 31
0.0
  0
ARC
  5
1000045B
102
{ACAD_XDICTIONARY
360
1000045C
102
}
330
1F
100
AcDbEntity
  8
VISIBLE
100
AcDbCircle
 10
-0.1005429025
 20
0.0330071
 30
0.0
 40
0.0005
100
AcDbArc
 50
0.0
 51
90.0
  0
LINE
  5
10000461
102
{ACAD_XDICTIONARY
360
10000462
102
}
330
1F
100
AcDbEntity
  8
VISIBLE
100
AcDbLine
 10
-0.1000429025
 20
0.0330071
 30
0.0
 11
-0.1000429025
 21
0.0200071
 31
0.0
  0
ARC
  5
10000465
102
{ACAD_XDICTIONARY
360
10000466
102
}
330
1F
100
AcDbEntity
  8
VISIBLE
100
AcDbCircle
 10
-0.1005429025
 20
0.0200071
 30
0.0
 40
0.0005
100
AcDbArc
 50
270.0
 51
0.0
  0
LINE
  5
1000046B
102
{ACAD_XDICTIONARY
360
1000046C
102
}
330
1F
100
AcDbEntity
  8
VISIBLE
100
AcDbLine
 10
-0.1135429025
 20
0.0195071
 30
0.0
 11
-0.1005429025
 21
0.0195071
 31
0.0
  0
ARC
  5
1000046F
102
{ACAD_XDICTIONARY
360
10000470
102
}
330
1F
100
AcDbEntity
  8
VISIBLE
100
AcDbCircle
 10
-0.1135429025
 20
0.0200071
 30
0.0
 40
0.0005
100
AcDbArc
 50
180.0
 51
270.0
  0
LINE
  5
10000475
102
{ACAD_XDICTIONARY
360
10000476
102
}
330
1F
100
AcDbEntity
  8
VISIBLE
100
AcDbLine
 10
-0.1140429025
 20
0.0330071
 30
0.0
 11
-0.1140429025
 21
0.0200071
 31
0.0
  0
ARC
  5
10000479
102
{ACAD_XDICTIONARY
360
1000047A
102
}
330
1F
100
AcDbEntity
  8
VISIBLE
100
AcDbCircle
 10
-0.0944929025
 20
0.0330071
 30
0.0
 40
0.0005
100
AcDbArc
 50
90.0
 51
180.0
  0
LINE
  5
1000047F
102
{ACAD_XDICTIONARY
360
10000480
102
}
330
1F
100
AcDbEntity
  8
VISIBLE
100
AcDbLine
 10
-0.0944929025
 20
0.0335071
 30
0.0
 11
-0.0814929025
 21
0.0335071
 31
0.0
  0
ARC
  5
10000483
102
{ACAD_XDICTIONARY
360
10000484
102
}
330
1F
100
AcDbEntity
  8
VISIBLE
100
AcDbCircle
 10
-0.0814929025
 20
0.0330071
 30
0.0
 40
0.0005
100
AcDbArc
 50
0.0
 51
90.0
  0
LINE
  5
10000489
102
{ACAD_XDICTIONARY
360
1000048A
102
}
330
1F
100
AcDbEntity
  8
VISIBLE
100
AcDbLine
 10
-0.0809929025
 20
0.0330071
 30
0.0
 11
-0.0809929025
 21
0.0200071
 31
0.0
  0
ARC
  5
1000048D
102
{ACAD_XDICTIONARY
360
1000048E
102
}
330
1F
100
AcDbEntity
  8
VISIBLE
100
AcDbCircle
 10
-0.0814929025
 20
0.0200071
 30
0.0
 40
0.0005
100
AcDbArc
 50
270.0
 51
0.0
  0
LINE
  5
10000493
102
{ACAD_XDICTIONARY
360
10000494
102
}
330
1F
100
AcDbEntity
  8
VISIBLE
100
AcDbLine
 10
-0.0944929025
 20
0.0195071
 30
0.0
 11
-0.0814929025
 21
0.0195071
 31
0.0
  0
ARC
  5
10000497
102
{ACAD_XDICTIONARY
360
10000498
102
}
330
1F
100
AcDbEntity
  8
VISIBLE
100
AcDbCircle
 10
-0.0944929025
 20
0.0200071
 30
0.0
 40
0.0005
100
AcDbArc
 50
180.0
 51
270.0
  0
LINE
  5
1000049D
102
{ACAD_XDICTIONARY
360
1000049E
102
}
330
1F
100
AcDbEntity
  8
VISIBLE
100
AcDbLine
 10
-0.0949929025
 20
0.0330071
 30
0.0
 11
-0.0949929025
 21
0.0200071
 31
0.0
  0
ARC
  5
100004A1
102
{ACAD_XDICTIONARY
360
100004A2
102
}
330
1F
100
AcDbEntity
  8
VISIBLE
100
AcDbCircle
 10
-0.0754429025
 20
0.0330071
 30
0.0
 40
0.0005
100
AcDbArc
 50
90.0
 51
179.9999999999976
  0
LINE
  5
100004A7
102
{ACAD_XDICTIONARY
360
100004A8
102
}
330
1F
100
AcDbEntity
  8
VISIBLE
100
AcDbLine
 10
-0.0754429025
 20
0.0335071
 30
0.0
 11
-0.0624429025
 21
0.0335071
 31
0.0
  0
ARC
  5
100004AB
102
{ACAD_XDICTIONARY
360
100004AC
102
}
330
1F
100
AcDbEntity
  8
VISIBLE
100
AcDbCircle
 10
-0.0624429025
 20
0.0330071
 30
0.0
 40
0.0005
100
AcDbArc
 50
0.0
 51
90.0
  0
LINE
  5
100004B1
102
{ACAD_XDICTIONARY
360
100004B2
102
}
330
1F
100
AcDbEntity
  8
VISIBLE
100
AcDbLine
 10
-0.0619429025
 20
0.0330071
 30
0.0
 11
-0.0619429025
 21
0.0200071
 31
0.0
  0
ARC
  5
100004B5
102
{ACAD_XDICTIONARY
360
100004B6
102
}
330
1F
100
AcDbEntity
  8
VISIBLE
100
AcDbCircle
 10
-0.0624429025
 20
0.0200071
 30
0.0
 40
0.0005
100
AcDbArc
 50
269.9999999999992
 51
0.0
  0
LINE
  5
100004BB
102
{ACAD_XDICTIONARY
360
100004BC
102
}
330
1F
100
AcDbEntity
  8
VISIBLE
100
AcDbLine
 10
-0.0754429025
 20
0.0195071
 30
0.0
 11
-0.0624429025
 21
0.0195071
 31
0.0
  0
ARC
  5
100004BF
102
{ACAD_XDICTIONARY
360
100004C0
102
}
330
1F
100
AcDbEntity
  8
VISIBLE
100
AcDbCircle
 10
-0.0754429025
 20
0.0200071
 30
0.0
 40
0.0005
100
AcDbArc
 50
180.0000000000028
 51
270.0
  0
LINE
  5
100004C5
102
{ACAD_XDICTIONARY
360
100004C6
102
}
330
1F
100
AcDbEntity
  8
VISIBLE
100
AcDbLine
 10
-0.0759429025
 20
0.0330071
 30
0.0
 11
-0.0759429025
 21
0.0200071
 31
0.0
  0
ARC
  5
100004C9
102
{ACAD_XDICTIONARY
360
100004CA
102
}
330
1F
100
AcDbEntity
  8
VISIBLE
100
AcDbCircle
 10
-0.0563929025
 20
0.0330071
 30
0.0
 40
0.0005
100
AcDbArc
 50
90.0
 51
179.9999999999984
  0
LINE
  5
100004CF
102
{ACAD_XDICTIONARY
360
100004D0
102
}
330
1F
100
AcDbEntity
  8
VISIBLE
100
AcDbLine
 10
-0.0563929025
 20
0.0335071
 30
0.0
 11
-0.0433929025
 21
0.0335071
 31
0.0
  0
ARC
  5
100004D3
102
{ACAD_XDICTIONARY
360
100004D4
102
}
330
1F
100
AcDbEntity
  8
VISIBLE
100
AcDbCircle
 10
-0.0433929025
 20
0.0330071
 30
0.0
 40
0.0005
100
AcDbArc
 50
0.0
 51
90.0
  0
LINE
  5
100004D9
102
{ACAD_XDICTIONARY
360
100004DA
102
}
330
1F
100
AcDbEntity
  8
VISIBLE
100
AcDbLine
 10
-0.0428929025
 20
0.0330071
 30
0.0
 11
-0.0428929025
 21
0.0200071
 31
0.0
  0
ARC
  5
100004DD
102
{ACAD_XDICTIONARY
360
100004DE
102
}
330
1F
100
AcDbEntity
  8
VISIBLE
100
AcDbCircle
 10
-0.0433929025
 20
0.0200071
 30
0.0
 40
0.0005
100
AcDbArc
 50
269.9999999999992
 51
0.0
  0
LINE
  5
100004E3
102
{ACAD_XDICTIONARY
360
100004E4
102
}
330
1F
100
AcDbEntity
  8
VISIBLE
100
AcDbLine
 10
-0.0563929025
 20
0.0195071
 30
0.0
 11
-0.0433929025
 21
0.0195071
 31
0.0
  0
ARC
  5
100004E7
102
{ACAD_XDICTIONARY
360
100004E8
102
}
330
1F
100
AcDbEntity
  8
VISIBLE
100
AcDbCircle
 10
-0.0563929025
 20
0.0200071
 30
0.0
 40
0.0005
100
AcDbArc
 50
180.0000000000012
 51
270.0000000000008
  0
LINE
  5
100004ED
102
{ACAD_XDICTIONARY
360
100004EE
102
}
330
1F
100
AcDbEntity
  8
VISIBLE
100
AcDbLine
 10
-0.0568929025
 20
0.0330071
 30
0.0
 11
-0.0568929025
 21
0.0200071
 31
0.0
  0
ARC
  5
100004F1
102
{ACAD_XDICTIONARY
360
100004F2
102
}
330
1F
100
AcDbEntity
  8
VISIBLE
100
AcDbCircle
 10
-0.0373429025
 20
0.0330071
 30
0.0
 40
0.0005
100
AcDbArc
 50
90.0
 51
180.0
  0
LINE
  5
100004F7
102
{ACAD_XDICTIONARY
360
100004F8
102
}
330
1F
100
AcDbEntity
  8
VISIBLE
100
AcDbLine
 10
-0.0373429025
 20
0.0335071
 30
0.0
 11
-0.0243429025
 21
0.0335071
 31
0.0
  0
ARC
  5
100004FB
102
{ACAD_XDICTIONARY
360
100004FC
102
}
330
1F
100
AcDbEntity
  8
VISIBLE
100
AcDbCircle
 10
-0.0243429025
 20
0.0330071
 30
0.0
 40
0.0005
100
AcDbArc
 50
0.0
 51
90.0
  0
LINE
  5
10000501
102
{ACAD_XDICTIONARY
360
10000502
102
}
330
1F
100
AcDbEntity
  8
VISIBLE
100
AcDbLine
 10
-0.0238429025
 20
0.0330071
 30
0.0
 11
-0.0238429025
 21
0.0200071
 31
0.0
  0
ARC
  5
10000505
102
{ACAD_XDICTIONARY
360
10000506
102
}
330
1F
100
AcDbEntity
  8
VISIBLE
100
AcDbCircle
 10
-0.0243429025
 20
0.0200071
 30
0.0
 40
0.0005
100
AcDbArc
 50
269.9999999999992
 51
0.0
  0
LINE
  5
1000050B
102
{ACAD_XDICTIONARY
360
1000050C
102
}
330
1F
100
AcDbEntity
  8
VISIBLE
100
AcDbLine
 10
-0.0373429025
 20
0.0195071
 30
0.0
 11
-0.0243429025
 21
0.0195071
 31
0.0
  0
ARC
  5
1000050F
102
{ACAD_XDICTIONARY
360
10000510
102
}
330
1F
100
AcDbEntity
  8
VISIBLE
100
AcDbCircle
 10
-0.0373429025
 20
0.0200071
 30
0.0
 40
0.0005
100
AcDbArc
 50
180.0
 51
270.0000000000008
  0
LINE
  5
10000515
102
{ACAD_XDICTIONARY
360
10000516
102
}
330
1F
100
AcDbEntity
  8
VISIBLE
100
AcDbLine
 10
-0.0378429025
 20
0.0330071
 30
0.0
 11
-0.0378429025
 21
0.0200071
 31
0.0
  0
ARC
  5
10000519
102
{ACAD_XDICTIONARY
360
1000051A
102
}
330
1F
100
AcDbEntity
  8
VISIBLE
100
AcDbCircle
 10
-0.0182929025
 20
0.0330071
 30
0.0
 40
0.0005
100
AcDbArc
 50
90.0
 51
179.9999999999992
  0
LINE
  5
1000051F
102
{ACAD_XDICTIONARY
360
10000520
102
}
330
1F
100
AcDbEntity
  8
VISIBLE
100
AcDbLine
 10
-0.0182929025
 20
0.0335071
 30
0.0
 11
-0.0052929025
 21
0.0335071
 31
0.0
  0
ARC
  5
10000523
102
{ACAD_XDICTIONARY
360
10000524
102
}
330
1F
100
AcDbEntity
  8
VISIBLE
100
AcDbCircle
 10
-0.0052929025
 20
0.0330071
 30
0.0
 40
0.0005
100
AcDbArc
 50
0.0
 51
90.0
  0
LINE
  5
10000529
102
{ACAD_XDICTIONARY
360
1000052A
102
}
330
1F
100
AcDbEntity
  8
VISIBLE
100
AcDbLine
 10
-0.0047929025
 20
0.0330071
 30
0.0
 11
-0.0047929025
 21
0.0200071
 31
0.0
  0
ARC
  5
1000052D
102
{ACAD_XDICTIONARY
360
1000052E
102
}
330
1F
100
AcDbEntity
  8
VISIBLE
100
AcDbCircle
 10
-0.0052929025
 20
0.0200071
 30
0.0
 40
0.0005
100
AcDbArc
 50
269.9999999999993
 51
0.0
  0
LINE
  5
10000533
102
{ACAD_XDICTIONARY
360
10000534
102
}
330
1F
100
AcDbEntity
  8
VISIBLE
100
AcDbLine
 10
-0.0182929025
 20
0.0195071
 30
0.0
 11
-0.0052929025
 21
0.0195071
 31
0.0
  0
ARC
  5
10000537
102
{ACAD_XDICTIONARY
360
10000538
102
}
330
1F
100
AcDbEntity
  8
VISIBLE
100
AcDbCircle
 10
-0.0182929025
 20
0.0200071
 30
0.0
 40
0.0005
100
AcDbArc
 50
180.0000000000008
 51
270.0000000000008
  0
LINE
  5
1000053D
102
{ACAD_XDICTIONARY
360
1000053E
102
}
330
1F
100
AcDbEntity
  8
VISIBLE
100
AcDbLine
 10
-0.0187929025
 20
0.0330071
 30
0.0
 11
-0.0187929025
 21
0.0200071
 31
0.0
  0
ARC
  5
10000541
102
{ACAD_XDICTIONARY
360
10000542
102
}
330
1F
100
AcDbEntity
  8
VISIBLE
100
AcDbCircle
 10
0.0007570975
 20
0.0330071
 30
0.0
 40
0.0005
100
AcDbArc
 50
90.0
 51
180.0
  0
LINE
  5
10000547
102
{ACAD_XDICTIONARY
360
10000548
102
}
330
1F
100
AcDbEntity
  8
VISIBLE
100
AcDbLine
 10
0.0007570975
 20
0.0335071
 30
0.0
 11
0.0137570975
 21
0.0335071
 31
0.0
  0
ARC
  5
1000054B
102
{ACAD_XDICTIONARY
360
1000054C
102
}
330
1F
100
AcDbEntity
  8
VISIBLE
100
AcDbCircle
 10
0.0137570975
 20
0.0330071
 30
0.0
 40
0.0005
100
AcDbArc
 50
0.0
 51
90.0
  0
LINE
  5
10000551
102
{ACAD_XDICTIONARY
360
10000552
102
}
330
1F
100
AcDbEntity
  8
VISIBLE
100
AcDbLine
 10
0.0142570975
 20
0.0330071
 30
0.0
 11
0.0142570975
 21
0.0200071
 31
0.0
  0
ARC
  5
10000555
102
{ACAD_XDICTIONARY
360
10000556
102
}
330
1F
100
AcDbEntity
  8
VISIBLE
100
AcDbCircle
 10
0.0137570975
 20
0.0200071
 30
0.0
 40
0.0005
100
AcDbArc
 50
269.9999999999994
 51
0.0
  0
LINE
  5
1000055B
102
{ACAD_XDICTIONARY
360
1000055C
102
}
330
1F
100
AcDbEntity
  8
VISIBLE
100
AcDbLine
 10
0.0007570975
 20
0.0195071
 30
0.0
 11
0.0137570975
 21
0.0195071
 31
0.0
  0
ARC
  5
1000055F
102
{ACAD_XDICTIONARY
360
10000560
102
}
330
1F
100
AcDbEntity
  8
VISIBLE
100
AcDbCircle
 10
0.0007570975
 20
0.0200071
 30
0.0
 40
0.0005
100
AcDbArc
 50
180.0
 51
270.0000000000007
  0
LINE
  5
10000565
102
{ACAD_XDICTIONARY
360
10000566
102
}
330
1F
100
AcDbEntity
  8
VISIBLE
100
AcDbLine
 10
0.0002570975
 20
0.0330071
 30
0.0
 11
0.0002570975
 21
0.0200071
 31
0.0
  0
ARC
  5
10000569
102
{ACAD_XDICTIONARY
360
1000056A
102
}
330
1F
100
AcDbEntity
  8
VISIBLE
100
AcDbCircle
 10
0.0198070975
 20
0.0330071
 30
0.0
 40
0.0005
100
AcDbArc
 50
90.0
 51
180.0
  0
LINE
  5
1000056F
102
{ACAD_XDICTIONARY
360
10000570
102
}
330
1F
100
AcDbEntity
  8
VISIBLE
100
AcDbLine
 10
0.0198070975
 20
0.0335071
 30
0.0
 11
0.0328070975
 21
0.0335071
 31
0.0
  0
ARC
  5
10000573
102
{ACAD_XDICTIONARY
360
10000574
102
}
330
1F
100
AcDbEntity
  8
VISIBLE
100
AcDbCircle
 10
0.0328070975
 20
0.0330071
 30
0.0
 40
0.0005
100
AcDbArc
 50
0.0
 51
90.0
  0
LINE
  5
10000579
102
{ACAD_XDICTIONARY
360
1000057A
102
}
330
1F
100
AcDbEntity
  8
VISIBLE
100
AcDbLine
 10
0.0333070975
 20
0.0330071
 30
0.0
 11
0.0333070975
 21
0.0200071
 31
0.0
  0
ARC
  5
1000057D
102
{ACAD_XDICTIONARY
360
1000057E
102
}
330
1F
100
AcDbEntity
  8
VISIBLE
100
AcDbCircle
 10
0.0328070975
 20
0.0200071
 30
0.0
 40
0.0005
100
AcDbArc
 50
269.9999999999992
 51
0.0
  0
LINE
  5
10000583
102
{ACAD_XDICTIONARY
360
10000584
102
}
330
1F
100
AcDbEntity
  8
VISIBLE
100
AcDbLine
 10
0.0198070975
 20
0.0195071
 30
0.0
 11
0.0328070975
 21
0.0195071
 31
0.0
  0
ARC
  5
10000587
102
{ACAD_XDICTIONARY
360
10000588
102
}
330
1F
100
AcDbEntity
  8
VISIBLE
100
AcDbCircle
 10
0.0198070975
 20
0.0200071
 30
0.0
 40
0.0005
100
AcDbArc
 50
180.0
 51
270.0000000000008
  0
LINE
  5
1000058D
102
{ACAD_XDICTIONARY
360
1000058E
102
}
330
1F
100
AcDbEntity
  8
VISIBLE
100
AcDbLine
 10
0.0193070975
 20
0.0330071
 30
0.0
 11
0.0193070975
 21
0.0200071
 31
0.0
  0
ARC
  5
10000591
102
{ACAD_XDICTIONARY
360
10000592
102
}
330
1F
100
AcDbEntity
  8
VISIBLE
100
AcDbCircle
 10
0.0388570975
 20
0.0330071
 30
0.0
 40
0.0005
100
AcDbArc
 50
90.0
 51
180.0
  0
LINE
  5
10000597
102
{ACAD_XDICTIONARY
360
10000598
102
}
330
1F
100
AcDbEntity
  8
VISIBLE
100
AcDbLine
 10
0.0388570975
 20
0.0335071
 30
0.0
 11
0.0518570975
 21
0.0335071
 31
0.0
  0
ARC
  5
1000059B
102
{ACAD_XDICTIONARY
360
1000059C
102
}
330
1F
100
AcDbEntity
  8
VISIBLE
100
AcDbCircle
 10
0.0518570975
 20
0.0330071
 30
0.0
 40
0.0005
100
AcDbArc
 50
0.0
 51
90.0
  0
LINE
  5
100005A1
102
{ACAD_XDICTIONARY
360
100005A2
102
}
330
1F
100
AcDbEntity
  8
VISIBLE
100
AcDbLine
 10
0.0523570975
 20
0.0330071
 30
0.0
 11
0.0523570975
 21
0.0200071
 31
0.0
  0
ARC
  5
100005A5
102
{ACAD_XDICTIONARY
360
100005A6
102
}
330
1F
100
AcDbEntity
  8
VISIBLE
100
AcDbCircle
 10
0.0518570975
 20
0.0200071
 30
0.0
 40
0.0005
100
AcDbArc
 50
269.9999999999992
 51
0.0
  0
LINE
  5
100005AB
102
{ACAD_XDICTIONARY
360
100005AC
102
}
330
1F
100
AcDbEntity
  8
VISIBLE
100
AcDbLine
 10
0.0388570975
 20
0.0195071
 30
0.0
 11
0.0518570975
 21
0.0195071
 31
0.0
  0
ARC
  5
100005AF
102
{ACAD_XDICTIONARY
360
100005B0
102
}
330
1F
100
AcDbEntity
  8
VISIBLE
100
AcDbCircle
 10
0.0388570975
 20
0.0200071
 30
0.0
 40
0.0005
100
AcDbArc
 50
180.0
 51
270.0000000000008
  0
LINE
  5
100005B5
102
{ACAD_XDICTIONARY
360
100005B6
102
}
330
1F
100
AcDbEntity
  8
VISIBLE
100
AcDbLine
 10
0.0383570975
 20
0.0330071
 30
0.0
 11
0.0383570975
 21
0.0200071
 31
0.0
  0
ARC
  5
100005B9
102
{ACAD_XDICTIONARY
360
100005BA
102
}
330
1F
100
AcDbEntity
  8
VISIBLE
100
AcDbCircle
 10
0.0579070975
 20
0.0330071
 30
0.0
 40
0.0005
100
AcDbArc
 50
90.0
 51
180.0
  0
LINE
  5
100005BF
102
{ACAD_XDICTIONARY
360
100005C0
102
}
330
1F
100
AcDbEntity
  8
VISIBLE
100
AcDbLine
 10
0.0579070975
 20
0.0335071
 30
0.0
 11
0.0709070975
 21
0.0335071
 31
0.0
  0
ARC
  5
100005C3
102
{ACAD_XDICTIONARY
360
100005C4
102
}
330
1F
100
AcDbEntity
  8
VISIBLE
100
AcDbCircle
 10
0.0709070975
 20
0.0330071
 30
0.0
 40
0.0005
100
AcDbArc
 50
0.0
 51
90.0
  0
LINE
  5
100005C9
102
{ACAD_XDICTIONARY
360
100005CA
102
}
330
1F
100
AcDbEntity
  8
VISIBLE
100
AcDbLine
 10
0.0714070975
 20
0.0330071
 30
0.0
 11
0.0714070975
 21
0.0200071
 31
0.0
  0
ARC
  5
100005CD
102
{ACAD_XDICTIONARY
360
100005CE
102
}
330
1F
100
AcDbEntity
  8
VISIBLE
100
AcDbCircle
 10
0.0709070975
 20
0.0200071
 30
0.0
 40
0.0005
100
AcDbArc
 50
270.0
 51
0.0
  0
LINE
  5
100005D3
102
{ACAD_XDICTIONARY
360
100005D4
102
}
330
1F
100
AcDbEntity
  8
VISIBLE
100
AcDbLine
 10
0.0579070975
 20
0.0195071
 30
0.0
 11
0.0709070975
 21
0.0195071
 31
0.0
  0
ARC
  5
100005D7
102
{ACAD_XDICTIONARY
360
100005D8
102
}
330
1F
100
AcDbEntity
  8
VISIBLE
100
AcDbCircle
 10
0.0579070975
 20
0.0200071
 30
0.0
 40
0.0005
100
AcDbArc
 50
180.0
 51
270.0000000000008
  0
LINE
  5
100005DD
102
{ACAD_XDICTIONARY
360
100005DE
102
}
330
1F
100
AcDbEntity
  8
VISIBLE
100
AcDbLine
 10
0.0574070975
 20
0.0330071
 30
0.0
 11
0.0574070975
 21
0.0200071
 31
0.0
  0
ARC
  5
100005E1
102
{ACAD_XDICTIONARY
360
100005E2
102
}
330
1F
100
AcDbEntity
  8
VISIBLE
100
AcDbCircle
 10
0.0864820975
 20
0.0330071
 30
0.0
 40
0.0005
100
AcDbArc
 50
90.0
 51
180.0
  0
LINE
  5
100005E7
102
{ACAD_XDICTIONARY
360
100005E8
102
}
330
1F
100
AcDbEntity
  8
VISIBLE
100
AcDbLine
 10
0.0864820975
 20
0.0335071
 30
0.0
 11
0.0994820975
 21
0.0335071
 31
0.0
  0
ARC
  5
100005EB
102
{ACAD_XDICTIONARY
360
100005EC
102
}
330
1F
100
AcDbEntity
  8
VISIBLE
100
AcDbCircle
 10
0.0994820975
 20
0.0330071
 30
0.0
 40
0.0005
100
AcDbArc
 50
0.0
 51
90.0
  0
LINE
  5
100005F1
102
{ACAD_XDICTIONARY
360
100005F2
102
}
330
1F
100
AcDbEntity
  8
VISIBLE
100
AcDbLine
 10
0.0999820975
 20
0.0330071
 30
0.0
 11
0.0999820975
 21
0.0200071
 31
0.0
  0
ARC
  5
100005F5
102
{ACAD_XDICTIONARY
360
100005F6
102
}
330
1F
100
AcDbEntity
  8
VISIBLE
100
AcDbCircle
 10
0.0994820975
 20
0.0200071
 30
0.0
 40
0.0005
100
AcDbArc
 50
270.0
 51
0.0
  0
LINE
  5
100005FB
102
{ACAD_XDICTIONARY
360
100005FC
102
}
330
1F
100
AcDbEntity
  8
VISIBLE
100
AcDbLine
 10
0.0864820975
 20
0.0195071
 30
0.0
 11
0.0994820975
 21
0.0195071
 31
0.0
  0
ARC
  5
100005FF
102
{ACAD_XDICTIONARY
360
10000600
102
}
330
1F
100
AcDbEntity
  8
VISIBLE
100
AcDbCircle
 10
0.0864820975
 20
0.0200071
 30
0.0
 40
0.0005
100
AcDbArc
 50
180.0
 51
270.0
  0
LINE
  5
10000605
102
{ACAD_XDICTIONARY
360
10000606
102
}
330
1F
100
AcDbEntity
  8
VISIBLE
100
AcDbLine
 10
0.0859820975
 20
0.0330071
 30
0.0
 11
0.0859820975
 21
0.0200071
 31
0.0
  0
ARC
  5
10000609
102
{ACAD_XDICTIONARY
360
1000060A
102
}
330
1F
100
AcDbEntity
  8
VISIBLE
100
AcDbCircle
 10
0.0780440975
 20
0.0320071
 30
0.0
 40
0.0005
100
AcDbArc
 50
90.0
 51
180.0
  0
LINE
  5
1000060F
102
{ACAD_XDICTIONARY
360
10000610
102
}
330
1F
100
AcDbEntity
  8
VISIBLE
100
AcDbLine
 10
0.0780440975
 20
0.0325071
 30
0.0
 11
0.0840440975
 21
0.0325071
 31
0.0
  0
ARC
  5
10000613
102
{ACAD_XDICTIONARY
360
10000614
102
}
330
1F
100
AcDbEntity
  8
VISIBLE
100
AcDbCircle
 10
0.0840440975
 20
0.0320071
 30
0.0
 40
0.0005
100
AcDbArc
 50
0.0
 51
90.0
  0
LINE
  5
10000619
102
{ACAD_XDICTIONARY
360
1000061A
102
}
330
1F
100
AcDbEntity
  8
VISIBLE
100
AcDbLine
 10
0.0845440975
 20
0.0320071
 30
0.0
 11
0.0845440975
 21
0.0180071
 31
0.0
  0
ARC
  5
1000061D
102
{ACAD_XDICTIONARY
360
1000061E
102
}
330
1F
100
AcDbEntity
  8
VISIBLE
100
AcDbCircle
 10
0.0840440975
 20
0.0180071
 30
0.0
 40
0.0005
100
AcDbArc
 50
270.0
 51
0.0
  0
LINE
  5
10000623
102
{ACAD_XDICTIONARY
360
10000624
102
}
330
1F
100
AcDbEntity
  8
VISIBLE
100
AcDbLine
 10
0.0780440975
 20
0.0175071
 30
0.0
 11
0.0840440975
 21
0.0175071
 31
0.0
  0
ARC
  5
10000627
102
{ACAD_XDICTIONARY
360
10000628
102
}
330
1F
100
AcDbEntity
  8
VISIBLE
100
AcDbCircle
 10
0.0780440975
 20
0.0180071
 30
0.0
 40
0.0005
100
AcDbArc
 50
180.0
 51
270.0
  0
LINE
  5
1000062D
102
{ACAD_XDICTIONARY
360
1000062E
102
}
330
1F
100
AcDbEntity
  8
VISIBLE
100
AcDbLine
 10
0.0775440975
 20
0.0320071
 30
0.0
 11
0.0775440975
 21
0.0180071
 31
0.0
  0
ARC
  5
10000631
102
{ACAD_XDICTIONARY
360
10000632
102
}
330
1F
100
AcDbEntity
  8
VISIBLE
100
AcDbCircle
 10
0.1019200975
 20
0.0320071
 30
0.0
 40
0.0005
100
AcDbArc
 50
90.0
 51
180.0
  0
LINE
  5
10000637
102
{ACAD_XDICTIONARY
360
10000638
102
}
330
1F
100
AcDbEntity
  8
VISIBLE
100
AcDbLine
 10
0.1019200975
 20
0.0325071
 30
0.0
 11
0.1079200975
 21
0.0325071
 31
0.0
  0
ARC
  5
1000063B
102
{ACAD_XDICTIONARY
360
1000063C
102
}
330
1F
100
AcDbEntity
  8
VISIBLE
100
AcDbCircle
 10
0.1079200975
 20
0.0320071
 30
0.0
 40
0.0005
100
AcDbArc
 50
0.0
 51
90.0
  0
LINE
  5
10000641
102
{ACAD_XDICTIONARY
360
10000642
102
}
330
1F
100
AcDbEntity
  8
VISIBLE
100
AcDbLine
 10
0.1084200975
 20
0.0320071
 30
0.0
 11
0.1084200975
 21
0.0180071
 31
0.0
  0
ARC
  5
10000645
102
{ACAD_XDICTIONARY
360
10000646
102
}
330
1F
100
AcDbEntity
  8
VISIBLE
100
AcDbCircle
 10
0.1079200975
 20
0.0180071
 30
0.0
 40
0.0005
100
AcDbArc
 50
270.0
 51
0.0
  0
LINE
  5
1000064B
102
{ACAD_XDICTIONARY
360
1000064C
102
}
330
1F
100
AcDbEntity
  8
VISIBLE
100
AcDbLine
 10
0.1019200975
 20
0.0175071
 30
0.0
 11
0.1079200975
 21
0.0175071
 31
0.0
  0
ARC
  5
1000064F
102
{ACAD_XDICTIONARY
360
10000650
102
}
330
1F
100
AcDbEntity
  8
VISIBLE
100
AcDbCircle
 10
0.1019200975
 20
0.0180071
 30
0.0
 40
0.0005
100
AcDbArc
 50
180.0
 51
270.0
  0
LINE
  5
10000655
102
{ACAD_XDICTIONARY
360
10000656
102
}
330
1F
100
AcDbEntity
  8
VISIBLE
100
AcDbLine
 10
0.1014200975
 20
0.0320071
 30
0.0
 11
0.1014200975
 21
0.0180071
 31
0.0
  0
ARC
  5
10000659
102
{ACAD_XDICTIONARY
360
1000065A
102
}
330
1F
100
AcDbEntity
  8
VISIBLE
100
AcDbCircle
 10
-0.1659304025
 20
0.0139571
 30
0.0
 40
0.0005
100
AcDbArc
 50
90.0
 51
180.0
  0
LINE
  5
1000065F
102
{ACAD_XDICTIONARY
360
10000660
102
}
330
1F
100
AcDbEntity
  8
VISIBLE
100
AcDbLine
 10
-0.1659304025
 20
0.0144571
 30
0.0
 11
-0.1529304025
 21
0.0144571
 31
0.0
  0
ARC
  5
10000663
102
{ACAD_XDICTIONARY
360
10000664
102
}
330
1F
100
AcDbEntity
  8
VISIBLE
100
AcDbCircle
 10
-0.1529304025
 20
0.0139571
 30
0.0
 40
0.0005
100
AcDbArc
 50
0.0
 51
90.0
  0
LINE
  5
10000669
102
{ACAD_XDICTIONARY
360
1000066A
102
}
330
1F
100
AcDbEntity
  8
VISIBLE
100
AcDbLine
 10
-0.1524304025
 20
0.0139571
 30
0.0
 11
-0.1524304025
 21
0.0009571
 31
0.0
  0
ARC
  5
1000066D
102
{ACAD_XDICTIONARY
360
1000066E
102
}
330
1F
100
AcDbEntity
  8
VISIBLE
100
AcDbCircle
 10
-0.1529304025
 20
0.0009571
 30
0.0
 40
0.0005
100
AcDbArc
 50
270.0
 51
0.0
  0
LINE
  5
10000673
102
{ACAD_XDICTIONARY
360
10000674
102
}
330
1F
100
AcDbEntity
  8
VISIBLE
100
AcDbLine
 10
-0.1659304025
 20
0.0004571
 30
0.0
 11
-0.1529304025
 21
0.0004571
 31
0.0
  0
ARC
  5
10000677
102
{ACAD_XDICTIONARY
360
10000678
102
}
330
1F
100
AcDbEntity
  8
VISIBLE
100
AcDbCircle
 10
-0.1659304025
 20
0.0009571
 30
0.0
 40
0.0005
100
AcDbArc
 50
180.0
 51
270.0
  0
LINE
  5
1000067D
102
{ACAD_XDICTIONARY
360
1000067E
102
}
330
1F
100
AcDbEntity
  8
VISIBLE
100
AcDbLine
 10
-0.1664304025
 20
0.0139571
 30
0.0
 11
-0.1664304025
 21
0.0009571
 31
0.0
  0
ARC
  5
10000681
102
{ACAD_XDICTIONARY
360
10000682
102
}
330
1F
100
AcDbEntity
  8
VISIBLE
100
AcDbCircle
 10
-0.1421179025
 20
0.0139571
 30
0.0
 40
0.0005
100
AcDbArc
 50
90.0
 51
180.0
  0
LINE
  5
10000687
102
{ACAD_XDICTIONARY
360
10000688
102
}
330
1F
100
AcDbEntity
  8
VISIBLE
100
AcDbLine
 10
-0.1421179025
 20
0.0144571
 30
0.0
 11
-0.1291179025
 21
0.0144571
 31
0.0
  0
ARC
  5
1000068B
102
{ACAD_XDICTIONARY
360
1000068C
102
}
330
1F
100
AcDbEntity
  8
VISIBLE
100
AcDbCircle
 10
-0.1291179025
 20
0.0139571
 30
0.0
 40
0.0005
100
AcDbArc
 50
0.0
 51
90.0
  0
LINE
  5
10000691
102
{ACAD_XDICTIONARY
360
10000692
102
}
330
1F
100
AcDbEntity
  8
VISIBLE
100
AcDbLine
 10
-0.1286179025
 20
0.0139571
 30
0.0
 11
-0.1286179025
 21
0.0009571
 31
0.0
  0
ARC
  5
10000695
102
{ACAD_XDICTIONARY
360
10000696
102
}
330
1F
100
AcDbEntity
  8
VISIBLE
100
AcDbCircle
 10
-0.1291179025
 20
0.0009571
 30
0.0
 40
0.0005
100
AcDbArc
 50
270.0
 51
0.0
  0
LINE
  5
1000069B
102
{ACAD_XDICTIONARY
360
1000069C
102
}
330
1F
100
AcDbEntity
  8
VISIBLE
100
AcDbLine
 10
-0.1421179025
 20
0.0004571
 30
0.0
 11
-0.1291179025
 21
0.0004571
 31
0.0
  0
ARC
  5
1000069F
102
{ACAD_XDICTIONARY
360
100006A0
102
}
330
1F
100
AcDbEntity
  8
VISIBLE
100
AcDbCircle
 10
-0.1421179025
 20
0.0009571
 30
0.0
 40
0.0005
100
AcDbArc
 50
180.0
 51
270.0
  0
LINE
  5
100006A5
102
{ACAD_XDICTIONARY
360
100006A6
102
}
330
1F
100
AcDbEntity
  8
VISIBLE
100
AcDbLine
 10
-0.1426179025
 20
0.0139571
 30
0.0
 11
-0.1426179025
 21
0.0009571
 31
0.0
  0
ARC
  5
100006A9
102
{ACAD_XDICTIONARY
360
100006AA
102
}
330
1F
100
AcDbEntity
  8
VISIBLE
100
AcDbCircle
 10
-0.1230679025
 20
0.0139571
 30
0.0
 40
0.0005
100
AcDbArc
 50
90.0
 51
180.0
  0
LINE
  5
100006AF
102
{ACAD_XDICTIONARY
360
100006B0
102
}
330
1F
100
AcDbEntity
  8
VISIBLE
100
AcDbLine
 10
-0.1230679025
 20
0.0144571
 30
0.0
 11
-0.1100679025
 21
0.0144571
 31
0.0
  0
ARC
  5
100006B3
102
{ACAD_XDICTIONARY
360
100006B4
102
}
330
1F
100
AcDbEntity
  8
VISIBLE
100
AcDbCircle
 10
-0.1100679025
 20
0.0139571
 30
0.0
 40
0.0005
100
AcDbArc
 50
0.0
 51
90.0
  0
LINE
  5
100006B9
102
{ACAD_XDICTIONARY
360
100006BA
102
}
330
1F
100
AcDbEntity
  8
VISIBLE
100
AcDbLine
 10
-0.1095679025
 20
0.0139571
 30
0.0
 11
-0.1095679025
 21
0.0009571
 31
0.0
  0
ARC
  5
100006BD
102
{ACAD_XDICTIONARY
360
100006BE
102
}
330
1F
100
AcDbEntity
  8
VISIBLE
100
AcDbCircle
 10
-0.1100679025
 20
0.0009571
 30
0.0
 40
0.0005
100
AcDbArc
 50
270.0
 51
0.0
  0
LINE
  5
100006C3
102
{ACAD_XDICTIONARY
360
100006C4
102
}
330
1F
100
AcDbEntity
  8
VISIBLE
100
AcDbLine
 10
-0.1230679025
 20
0.0004571
 30
0.0
 11
-0.1100679025
 21
0.0004571
 31
0.0
  0
ARC
  5
100006C7
102
{ACAD_XDICTIONARY
360
100006C8
102
}
330
1F
100
AcDbEntity
  8
VISIBLE
100
AcDbCircle
 10
-0.1230679025
 20
0.0009571
 30
0.0
 40
0.0005
100
AcDbArc
 50
180.0
 51
270.0
  0
LINE
  5
100006CD
102
{ACAD_XDICTIONARY
360
100006CE
102
}
330
1F
100
AcDbEntity
  8
VISIBLE
100
AcDbLine
 10
-0.1235679025
 20
0.0139571
 30
0.0
 11
-0.1235679025
 21
0.0009571
 31
0.0
  0
ARC
  5
100006D1
102
{ACAD_XDICTIONARY
360
100006D2
102
}
330
1F
100
AcDbEntity
  8
VISIBLE
100
AcDbCircle
 10
-0.1040179025
 20
0.0139571
 30
0.0
 40
0.0005
100
AcDbArc
 50
90.0
 51
180.0
  0
LINE
  5
100006D7
102
{ACAD_XDICTIONARY
360
100006D8
102
}
330
1F
100
AcDbEntity
  8
VISIBLE
100
AcDbLine
 10
-0.1040179025
 20
0.0144571
 30
0.0
 11
-0.0910179025
 21
0.0144571
 31
0.0
  0
ARC
  5
100006DB
102
{ACAD_XDICTIONARY
360
100006DC
102
}
330
1F
100
AcDbEntity
  8
VISIBLE
100
AcDbCircle
 10
-0.0910179025
 20
0.0139571
 30
0.0
 40
0.0005
100
AcDbArc
 50
0.0
 51
90.0
  0
LINE
  5
100006E1
102
{ACAD_XDICTIONARY
360
100006E2
102
}
330
1F
100
AcDbEntity
  8
VISIBLE
100
AcDbLine
 10
-0.0905179025
 20
0.0139571
 30
0.0
 11
-0.0905179025
 21
0.0009571
 31
0.0
  0
ARC
  5
100006E5
102
{ACAD_XDICTIONARY
360
100006E6
102
}
330
1F
100
AcDbEntity
  8
VISIBLE
100
AcDbCircle
 10
-0.0910179025
 20
0.0009571
 30
0.0
 40
0.0005
100
AcDbArc
 50
270.0
 51
0.0
  0
LINE
  5
100006EB
102
{ACAD_XDICTIONARY
360
100006EC
102
}
330
1F
100
AcDbEntity
  8
VISIBLE
100
AcDbLine
 10
-0.1040179025
 20
0.0004571
 30
0.0
 11
-0.0910179025
 21
0.0004571
 31
0.0
  0
ARC
  5
100006EF
102
{ACAD_XDICTIONARY
360
100006F0
102
}
330
1F
100
AcDbEntity
  8
VISIBLE
100
AcDbCircle
 10
-0.1040179025
 20
0.0009571
 30
0.0
 40
0.0005
100
AcDbArc
 50
180.0
 51
270.0
  0
LINE
  5
100006F5
102
{ACAD_XDICTIONARY
360
100006F6
102
}
330
1F
100
AcDbEntity
  8
VISIBLE
100
AcDbLine
 10
-0.1045179025
 20
0.0139571
 30
0.0
 11
-0.1045179025
 21
0.0009571
 31
0.0
  0
ARC
  5
100006F9
102
{ACAD_XDICTIONARY
360
100006FA
102
}
330
1F
100
AcDbEntity
  8
VISIBLE
100
AcDbCircle
 10
-0.0849679025
 20
0.0139571
 30
0.0
 40
0.0005
100
AcDbArc
 50
90.0
 51
179.9999999999972
  0
LINE
  5
100006FF
102
{ACAD_XDICTIONARY
360
10000700
102
}
330
1F
100
AcDbEntity
  8
VISIBLE
100
AcDbLine
 10
-0.0849679025
 20
0.0144571
 30
0.0
 11
-0.0719679025
 21
0.0144571
 31
0.0
  0
ARC
  5
10000703
102
{ACAD_XDICTIONARY
360
10000704
102
}
330
1F
100
AcDbEntity
  8
VISIBLE
100
AcDbCircle
 10
-0.0719679025
 20
0.0139571
 30
0.0
 40
0.0005
100
AcDbArc
 50
0.0
 51
90.0
  0
LINE
  5
10000709
102
{ACAD_XDICTIONARY
360
1000070A
102
}
330
1F
100
AcDbEntity
  8
VISIBLE
100
AcDbLine
 10
-0.0714679025
 20
0.0139571
 30
0.0
 11
-0.0714679025
 21
0.0009571
 31
0.0
  0
ARC
  5
1000070D
102
{ACAD_XDICTIONARY
360
1000070E
102
}
330
1F
100
AcDbEntity
  8
VISIBLE
100
AcDbCircle
 10
-0.0719679025
 20
0.0009571
 30
0.0
 40
0.0005
100
AcDbArc
 50
270.0
 51
0.0
  0
LINE
  5
10000713
102
{ACAD_XDICTIONARY
360
10000714
102
}
330
1F
100
AcDbEntity
  8
VISIBLE
100
AcDbLine
 10
-0.0849679025
 20
0.0004571
 30
0.0
 11
-0.0719679025
 21
0.0004571
 31
0.0
  0
ARC
  5
10000717
102
{ACAD_XDICTIONARY
360
10000718
102
}
330
1F
100
AcDbEntity
  8
VISIBLE
100
AcDbCircle
 10
-0.0849679025
 20
0.0009571
 30
0.0
 40
0.0005
100
AcDbArc
 50
180.0000000000027
 51
270.0
  0
LINE
  5
1000071D
102
{ACAD_XDICTIONARY
360
1000071E
102
}
330
1F
100
AcDbEntity
  8
VISIBLE
100
AcDbLine
 10
-0.0854679025
 20
0.0139571
 30
0.0
 11
-0.0854679025
 21
0.0009571
 31
0.0
  0
ARC
  5
10000721
102
{ACAD_XDICTIONARY
360
10000722
102
}
330
1F
100
AcDbEntity
  8
VISIBLE
100
AcDbCircle
 10
-0.0659179025
 20
0.0139571
 30
0.0
 40
0.0005
100
AcDbArc
 50
90.0
 51
180.0
  0
LINE
  5
10000727
102
{ACAD_XDICTIONARY
360
10000728
102
}
330
1F
100
AcDbEntity
  8
VISIBLE
100
AcDbLine
 10
-0.0659179025
 20
0.0144571
 30
0.0
 11
-0.0529179025
 21
0.0144571
 31
0.0
  0
ARC
  5
1000072B
102
{ACAD_XDICTIONARY
360
1000072C
102
}
330
1F
100
AcDbEntity
  8
VISIBLE
100
AcDbCircle
 10
-0.0529179025
 20
0.0139571
 30
0.0
 40
0.0005
100
AcDbArc
 50
0.0
 51
90.0
  0
LINE
  5
10000731
102
{ACAD_XDICTIONARY
360
10000732
102
}
330
1F
100
AcDbEntity
  8
VISIBLE
100
AcDbLine
 10
-0.0524179025
 20
0.0139571
 30
0.0
 11
-0.0524179025
 21
0.0009571
 31
0.0
  0
ARC
  5
10000735
102
{ACAD_XDICTIONARY
360
10000736
102
}
330
1F
100
AcDbEntity
  8
VISIBLE
100
AcDbCircle
 10
-0.0529179025
 20
0.0009571
 30
0.0
 40
0.0005
100
AcDbArc
 50
270.0
 51
0.0
  0
LINE
  5
1000073B
102
{ACAD_XDICTIONARY
360
1000073C
102
}
330
1F
100
AcDbEntity
  8
VISIBLE
100
AcDbLine
 10
-0.0659179025
 20
0.0004571
 30
0.0
 11
-0.0529179025
 21
0.0004571
 31
0.0
  0
ARC
  5
1000073F
102
{ACAD_XDICTIONARY
360
10000740
102
}
330
1F
100
AcDbEntity
  8
VISIBLE
100
AcDbCircle
 10
-0.0659179025
 20
0.0009571
 30
0.0
 40
0.0005
100
AcDbArc
 50
180.0
 51
270.0
  0
LINE
  5
10000745
102
{ACAD_XDICTIONARY
360
10000746
102
}
330
1F
100
AcDbEntity
  8
VISIBLE
100
AcDbLine
 10
-0.0664179025
 20
0.0139571
 30
0.0
 11
-0.0664179025
 21
0.0009571
 31
0.0
  0
ARC
  5
10000749
102
{ACAD_XDICTIONARY
360
1000074A
102
}
330
1F
100
AcDbEntity
  8
VISIBLE
100
AcDbCircle
 10
-0.0468679025
 20
0.0139571
 30
0.0
 40
0.0005
100
AcDbArc
 50
90.0
 51
179.9999999999986
  0
LINE
  5
1000074F
102
{ACAD_XDICTIONARY
360
10000750
102
}
330
1F
100
AcDbEntity
  8
VISIBLE
100
AcDbLine
 10
-0.0468679025
 20
0.0144571
 30
0.0
 11
-0.0338679025
 21
0.0144571
 31
0.0
  0
ARC
  5
10000753
102
{ACAD_XDICTIONARY
360
10000754
102
}
330
1F
100
AcDbEntity
  8
VISIBLE
100
AcDbCircle
 10
-0.0338679025
 20
0.0139571
 30
0.0
 40
0.0005
100
AcDbArc
 50
0.0
 51
90.0
  0
LINE
  5
10000759
102
{ACAD_XDICTIONARY
360
1000075A
102
}
330
1F
100
AcDbEntity
  8
VISIBLE
100
AcDbLine
 10
-0.0333679025
 20
0.0139571
 30
0.0
 11
-0.0333679025
 21
0.0009571
 31
0.0
  0
ARC
  5
1000075D
102
{ACAD_XDICTIONARY
360
1000075E
102
}
330
1F
100
AcDbEntity
  8
VISIBLE
100
AcDbCircle
 10
-0.0338679025
 20
0.0009571
 30
0.0
 40
0.0005
100
AcDbArc
 50
270.0
 51
0.0
  0
LINE
  5
10000763
102
{ACAD_XDICTIONARY
360
10000764
102
}
330
1F
100
AcDbEntity
  8
VISIBLE
100
AcDbLine
 10
-0.0468679025
 20
0.0004571
 30
0.0
 11
-0.0338679025
 21
0.0004571
 31
0.0
  0
ARC
  5
10000767
102
{ACAD_XDICTIONARY
360
10000768
102
}
330
1F
100
AcDbEntity
  8
VISIBLE
100
AcDbCircle
 10
-0.0468679025
 20
0.0009571
 30
0.0
 40
0.0005
100
AcDbArc
 50
180.0000000000014
 51
270.0
  0
LINE
  5
1000076D
102
{ACAD_XDICTIONARY
360
1000076E
102
}
330
1F
100
AcDbEntity
  8
VISIBLE
100
AcDbLine
 10
-0.0473679025
 20
0.0139571
 30
0.0
 11
-0.0473679025
 21
0.0009571
 31
0.0
  0
ARC
  5
10000771
102
{ACAD_XDICTIONARY
360
10000772
102
}
330
1F
100
AcDbEntity
  8
VISIBLE
100
AcDbCircle
 10
-0.0278179025
 20
0.0139571
 30
0.0
 40
0.0005
100
AcDbArc
 50
90.0000000000004
 51
180.0
  0
LINE
  5
10000777
102
{ACAD_XDICTIONARY
360
10000778
102
}
330
1F
100
AcDbEntity
  8
VISIBLE
100
AcDbLine
 10
-0.0278179025
 20
0.0144571
 30
0.0
 11
-0.0148179025
 21
0.0144571
 31
0.0
  0
ARC
  5
1000077B
102
{ACAD_XDICTIONARY
360
1000077C
102
}
330
1F
100
AcDbEntity
  8
VISIBLE
100
AcDbCircle
 10
-0.0148179025
 20
0.0139571
 30
0.0
 40
0.0005
100
AcDbArc
 50
0.0
 51
89.99999999999959
  0
LINE
  5
10000781
102
{ACAD_XDICTIONARY
360
10000782
102
}
330
1F
100
AcDbEntity
  8
VISIBLE
100
AcDbLine
 10
-0.0143179025
 20
0.0139571
 30
0.0
 11
-0.0143179025
 21
0.0009571
 31
0.0
  0
ARC
  5
10000785
102
{ACAD_XDICTIONARY
360
10000786
102
}
330
1F
100
AcDbEntity
  8
VISIBLE
100
AcDbCircle
 10
-0.0148179025
 20
0.0009571
 30
0.0
 40
0.0005
100
AcDbArc
 50
270.0
 51
0.0
  0
LINE
  5
1000078B
102
{ACAD_XDICTIONARY
360
1000078C
102
}
330
1F
100
AcDbEntity
  8
VISIBLE
100
AcDbLine
 10
-0.0278179025
 20
0.0004571
 30
0.0
 11
-0.0148179025
 21
0.0004571
 31
0.0
  0
ARC
  5
1000078F
102
{ACAD_XDICTIONARY
360
10000790
102
}
330
1F
100
AcDbEntity
  8
VISIBLE
100
AcDbCircle
 10
-0.0278179025
 20
0.0009571
 30
0.0
 40
0.0005
100
AcDbArc
 50
180.0
 51
270.0
  0
LINE
  5
10000795
102
{ACAD_XDICTIONARY
360
10000796
102
}
330
1F
100
AcDbEntity
  8
VISIBLE
100
AcDbLine
 10
-0.0283179025
 20
0.0139571
 30
0.0
 11
-0.0283179025
 21
0.0009571
 31
0.0
  0
ARC
  5
10000799
102
{ACAD_XDICTIONARY
360
1000079A
102
}
330
1F
100
AcDbEntity
  8
VISIBLE
100
AcDbCircle
 10
-0.0087679025
 20
0.0139571
 30
0.0
 40
0.0005
100
AcDbArc
 50
90.0000000000004
 51
180.0
  0
LINE
  5
1000079F
102
{ACAD_XDICTIONARY
360
100007A0
102
}
330
1F
100
AcDbEntity
  8
VISIBLE
100
AcDbLine
 10
-0.0087679025
 20
0.0144571
 30
0.0
 11
0.0042320975
 21
0.0144571
 31
0.0
  0
ARC
  5
100007A3
102
{ACAD_XDICTIONARY
360
100007A4
102
}
330
1F
100
AcDbEntity
  8
VISIBLE
100
AcDbCircle
 10
0.0042320975
 20
0.0139571
 30
0.0
 40
0.0005
100
AcDbArc
 50
0.0
 51
89.99999999999969
  0
LINE
  5
100007A9
102
{ACAD_XDICTIONARY
360
100007AA
102
}
330
1F
100
AcDbEntity
  8
VISIBLE
100
AcDbLine
 10
0.0047320975
 20
0.0139571
 30
0.0
 11
0.0047320975
 21
0.0009571
 31
0.0
  0
ARC
  5
100007AD
102
{ACAD_XDICTIONARY
360
100007AE
102
}
330
1F
100
AcDbEntity
  8
VISIBLE
100
AcDbCircle
 10
0.0042320975
 20
0.0009571
 30
0.0
 40
0.0005
100
AcDbArc
 50
270.0
 51
0.0
  0
LINE
  5
100007B3
102
{ACAD_XDICTIONARY
360
100007B4
102
}
330
1F
100
AcDbEntity
  8
VISIBLE
100
AcDbLine
 10
-0.0087679025
 20
0.0004571
 30
0.0
 11
0.0042320975
 21
0.0004571
 31
0.0
  0
ARC
  5
100007B7
102
{ACAD_XDICTIONARY
360
100007B8
102
}
330
1F
100
AcDbEntity
  8
VISIBLE
100
AcDbCircle
 10
-0.0087679025
 20
0.0009571
 30
0.0
 40
0.0005
100
AcDbArc
 50
180.0
 51
270.0
  0
LINE
  5
100007BD
102
{ACAD_XDICTIONARY
360
100007BE
102
}
330
1F
100
AcDbEntity
  8
VISIBLE
100
AcDbLine
 10
-0.0092679025
 20
0.0139571
 30
0.0
 11
-0.0092679025
 21
0.0009571
 31
0.0
  0
ARC
  5
100007C1
102
{ACAD_XDICTIONARY
360
100007C2
102
}
330
1F
100
AcDbEntity
  8
VISIBLE
100
AcDbCircle
 10
0.0102820975
 20
0.0139571
 30
0.0
 40
0.0005
100
AcDbArc
 50
90.0000000000004
 51
180.0
  0
LINE
  5
100007C7
102
{ACAD_XDICTIONARY
360
100007C8
102
}
330
1F
100
AcDbEntity
  8
VISIBLE
100
AcDbLine
 10
0.0102820975
 20
0.0144571
 30
0.0
 11
0.0232820975
 21
0.0144571
 31
0.0
  0
ARC
  5
100007CB
102
{ACAD_XDICTIONARY
360
100007CC
102
}
330
1F
100
AcDbEntity
  8
VISIBLE
100
AcDbCircle
 10
0.0232820975
 20
0.0139571
 30
0.0
 40
0.0005
100
AcDbArc
 50
0.0
 51
89.99999999999959
  0
LINE
  5
100007D1
102
{ACAD_XDICTIONARY
360
100007D2
102
}
330
1F
100
AcDbEntity
  8
VISIBLE
100
AcDbLine
 10
0.0237820975
 20
0.0139571
 30
0.0
 11
0.0237820975
 21
0.0009571
 31
0.0
  0
ARC
  5
100007D5
102
{ACAD_XDICTIONARY
360
100007D6
102
}
330
1F
100
AcDbEntity
  8
VISIBLE
100
AcDbCircle
 10
0.0232820975
 20
0.0009571
 30
0.0
 40
0.0005
100
AcDbArc
 50
270.0
 51
0.0
  0
LINE
  5
100007DB
102
{ACAD_XDICTIONARY
360
100007DC
102
}
330
1F
100
AcDbEntity
  8
VISIBLE
100
AcDbLine
 10
0.0102820975
 20
0.0004571
 30
0.0
 11
0.0232820975
 21
0.0004571
 31
0.0
  0
ARC
  5
100007DF
102
{ACAD_XDICTIONARY
360
100007E0
102
}
330
1F
100
AcDbEntity
  8
VISIBLE
100
AcDbCircle
 10
0.0102820975
 20
0.0009571
 30
0.0
 40
0.0005
100
AcDbArc
 50
180.0
 51
270.0
  0
LINE
  5
100007E5
102
{ACAD_XDICTIONARY
360
100007E6
102
}
330
1F
100
AcDbEntity
  8
VISIBLE
100
AcDbLine
 10
0.0097820975
 20
0.0139571
 30
0.0
 11
0.0097820975
 21
0.0009571
 31
0.0
  0
ARC
  5
100007E9
102
{ACAD_XDICTIONARY
360
100007EA
102
}
330
1F
100
AcDbEntity
  8
VISIBLE
100
AcDbCircle
 10
0.0293320975
 20
0.0139571
 30
0.0
 40
0.0005
100
AcDbArc
 50
90.0000000000004
 51
180.0
  0
LINE
  5
100007EF
102
{ACAD_XDICTIONARY
360
100007F0
102
}
330
1F
100
AcDbEntity
  8
VISIBLE
100
AcDbLine
 10
0.0293320975
 20
0.0144571
 30
0.0
 11
0.0423320975
 21
0.0144571
 31
0.0
  0
ARC
  5
100007F3
102
{ACAD_XDICTIONARY
360
100007F4
102
}
330
1F
100
AcDbEntity
  8
VISIBLE
100
AcDbCircle
 10
0.0423320975
 20
0.0139571
 30
0.0
 40
0.0005
100
AcDbArc
 50
0.0
 51
90.0
  0
LINE
  5
100007F9
102
{ACAD_XDICTIONARY
360
100007FA
102
}
330
1F
100
AcDbEntity
  8
VISIBLE
100
AcDbLine
 10
0.0428320975
 20
0.0139571
 30
0.0
 11
0.0428320975
 21
0.0009571
 31
0.0
  0
ARC
  5
100007FD
102
{ACAD_XDICTIONARY
360
100007FE
102
}
330
1F
100
AcDbEntity
  8
VISIBLE
100
AcDbCircle
 10
0.0423320975
 20
0.0009571
 30
0.0
 40
0.0005
100
AcDbArc
 50
270.0
 51
0.0
  0
LINE
  5
10000803
102
{ACAD_XDICTIONARY
360
10000804
102
}
330
1F
100
AcDbEntity
  8
VISIBLE
100
AcDbLine
 10
0.0293320975
 20
0.0004571
 30
0.0
 11
0.0423320975
 21
0.0004571
 31
0.0
  0
ARC
  5
10000807
102
{ACAD_XDICTIONARY
360
10000808
102
}
330
1F
100
AcDbEntity
  8
VISIBLE
100
AcDbCircle
 10
0.0293320975
 20
0.0009571
 30
0.0
 40
0.0005
100
AcDbArc
 50
180.0
 51
270.0
  0
LINE
  5
1000080D
102
{ACAD_XDICTIONARY
360
1000080E
102
}
330
1F
100
AcDbEntity
  8
VISIBLE
100
AcDbLine
 10
0.0288320975
 20
0.0139571
 30
0.0
 11
0.0288320975
 21
0.0009571
 31
0.0
  0
ARC
  5
10000811
102
{ACAD_XDICTIONARY
360
10000812
102
}
330
1F
100
AcDbEntity
  8
VISIBLE
100
AcDbCircle
 10
0.0483820975
 20
0.0139571
 30
0.0
 40
0.0005
100
AcDbArc
 50
90.0
 51
180.0
  0
LINE
  5
10000817
102
{ACAD_XDICTIONARY
360
10000818
102
}
330
1F
100
AcDbEntity
  8
VISIBLE
100
AcDbLine
 10
0.0483820975
 20
0.0144571
 30
0.0
 11
0.0613820975
 21
0.0144571
 31
0.0
  0
ARC
  5
1000081B
102
{ACAD_XDICTIONARY
360
1000081C
102
}
330
1F
100
AcDbEntity
  8
VISIBLE
100
AcDbCircle
 10
0.0613820975
 20
0.0139571
 30
0.0
 40
0.0005
100
AcDbArc
 50
0.0
 51
90.0
  0
LINE
  5
10000821
102
{ACAD_XDICTIONARY
360
10000822
102
}
330
1F
100
AcDbEntity
  8
VISIBLE
100
AcDbLine
 10
0.0618820975
 20
0.0139571
 30
0.0
 11
0.0618820975
 21
0.0009571
 31
0.0
  0
ARC
  5
10000825
102
{ACAD_XDICTIONARY
360
10000826
102
}
330
1F
100
AcDbEntity
  8
VISIBLE
100
AcDbCircle
 10
0.0613820975
 20
0.0009571
 30
0.0
 40
0.0005
100
AcDbArc
 50
270.0
 51
0.0
  0
LINE
  5
1000082B
102
{ACAD_XDICTIONARY
360
1000082C
102
}
330
1F
100
AcDbEntity
  8
VISIBLE
100
AcDbLine
 10
0.0483820975
 20
0.0004571
 30
0.0
 11
0.0613820975
 21
0.0004571
 31
0.0
  0
ARC
  5
1000082F
102
{ACAD_XDICTIONARY
360
10000830
102
}
330
1F
100
AcDbEntity
  8
VISIBLE
100
AcDbCircle
 10
0.0483820975
 20
0.0009571
 30
0.0
 40
0.0005
100
AcDbArc
 50
180.0
 51
270.0
  0
LINE
  5
10000835
102
{ACAD_XDICTIONARY
360
10000836
102
}
330
1F
100
AcDbEntity
  8
VISIBLE
100
AcDbLine
 10
0.0478820975
 20
0.0139571
 30
0.0
 11
0.0478820975
 21
0.0009571
 31
0.0
  0
ARC
  5
10000839
102
{ACAD_XDICTIONARY
360
1000083A
102
}
330
1F
100
AcDbEntity
  8
VISIBLE
100
AcDbCircle
 10
0.0674320975
 20
0.0139571
 30
0.0
 40
0.0005
100
AcDbArc
 50
90.0
 51
180.0000000000028
  0
LINE
  5
1000083F
102
{ACAD_XDICTIONARY
360
10000840
102
}
330
1F
100
AcDbEntity
  8
VISIBLE
100
AcDbLine
 10
0.0674320975
 20
0.0144571
 30
0.0
 11
0.0804320975
 21
0.0144571
 31
0.0
  0
ARC
  5
10000843
102
{ACAD_XDICTIONARY
360
10000844
102
}
330
1F
100
AcDbEntity
  8
VISIBLE
100
AcDbCircle
 10
0.0804320975
 20
0.0139571
 30
0.0
 40
0.0005
100
AcDbArc
 50
0.0
 51
90.0
  0
LINE
  5
10000849
102
{ACAD_XDICTIONARY
360
1000084A
102
}
330
1F
100
AcDbEntity
  8
VISIBLE
100
AcDbLine
 10
0.0809320975
 20
0.0139571
 30
0.0
 11
0.0809320975
 21
0.0009571
 31
0.0
  0
ARC
  5
1000084D
102
{ACAD_XDICTIONARY
360
1000084E
102
}
330
1F
100
AcDbEntity
  8
VISIBLE
100
AcDbCircle
 10
0.0804320975
 20
0.0009571
 30
0.0
 40
0.0005
100
AcDbArc
 50
270.0
 51
0.0
  0
LINE
  5
10000853
102
{ACAD_XDICTIONARY
360
10000854
102
}
330
1F
100
AcDbEntity
  8
VISIBLE
100
AcDbLine
 10
0.0674320975
 20
0.0004571
 30
0.0
 11
0.0804320975
 21
0.0004571
 31
0.0
  0
ARC
  5
10000857
102
{ACAD_XDICTIONARY
360
10000858
102
}
330
1F
100
AcDbEntity
  8
VISIBLE
100
AcDbCircle
 10
0.0674320975
 20
0.0009571
 30
0.0
 40
0.0005
100
AcDbArc
 50
179.9999999999973
 51
270.0
  0
LINE
  5
1000085D
102
{ACAD_XDICTIONARY
360
1000085E
102
}
330
1F
100
AcDbEntity
  8
VISIBLE
100
AcDbLine
 10
0.0669320975
 20
0.0139571
 30
0.0
 11
0.0669320975
 21
0.0009571
 31
0.0
  0
ARC
  5
10000861
102
{ACAD_XDICTIONARY
360
10000862
102
}
330
1F
100
AcDbEntity
  8
VISIBLE
100
AcDbCircle
 10
0.0912445975
 20
0.0139571
 30
0.0
 40
0.0005
100
AcDbArc
 50
90.0
 51
180.0
  0
LINE
  5
10000867
102
{ACAD_XDICTIONARY
360
10000868
102
}
330
1F
100
AcDbEntity
  8
VISIBLE
100
AcDbLine
 10
0.0912445975
 20
0.0144571
 30
0.0
 11
0.1042445975
 21
0.0144571
 31
0.0
  0
ARC
  5
1000086B
102
{ACAD_XDICTIONARY
360
1000086C
102
}
330
1F
100
AcDbEntity
  8
VISIBLE
100
AcDbCircle
 10
0.1042445975
 20
0.0139571
 30
0.0
 40
0.0005
100
AcDbArc
 50
0.0
 51
90.0
  0
LINE
  5
10000871
102
{ACAD_XDICTIONARY
360
10000872
102
}
330
1F
100
AcDbEntity
  8
VISIBLE
100
AcDbLine
 10
0.1047445975
 20
0.0139571
 30
0.0
 11
0.1047445975
 21
0.0009571
 31
0.0
  0
ARC
  5
10000875
102
{ACAD_XDICTIONARY
360
10000876
102
}
330
1F
100
AcDbEntity
  8
VISIBLE
100
AcDbCircle
 10
0.1042445975
 20
0.0009571
 30
0.0
 40
0.0005
100
AcDbArc
 50
270.0
 51
0.0
  0
LINE
  5
1000087B
102
{ACAD_XDICTIONARY
360
1000087C
102
}
330
1F
100
AcDbEntity
  8
VISIBLE
100
AcDbLine
 10
0.0912445975
 20
0.0004571
 30
0.0
 11
0.1042445975
 21
0.0004571
 31
0.0
  0
ARC
  5
1000087F
102
{ACAD_XDICTIONARY
360
10000880
102
}
330
1F
100
AcDbEntity
  8
VISIBLE
100
AcDbCircle
 10
0.0912445975
 20
0.0009571
 30
0.0
 40
0.0005
100
AcDbArc
 50
180.0
 51
270.0
  0
LINE
  5
10000885
102
{ACAD_XDICTIONARY
360
10000886
102
}
330
1F
100
AcDbEntity
  8
VISIBLE
100
AcDbLine
 10
0.0907445975
 20
0.0139571
 30
0.0
 11
0.0907445975
 21
0.0009571
 31
0.0
  0
ARC
  5
10000889
102
{ACAD_XDICTIONARY
360
1000088A
102
}
330
1F
100
AcDbEntity
  8
VISIBLE
100
AcDbCircle
 10
-0.1635491525
 20
-0.0050929
 30
0.0
 40
0.0005
100
AcDbArc
 50
90.0
 51
179.9999999999945
  0
LINE
  5
1000088F
102
{ACAD_XDICTIONARY
360
10000890
102
}
330
1F
100
AcDbEntity
  8
VISIBLE
100
AcDbLine
 10
-0.1635491525
 20
-0.0045929
 30
0.0
 11
-0.1505491525
 21
-0.0045929
 31
0.0
  0
ARC
  5
10000893
102
{ACAD_XDICTIONARY
360
10000894
102
}
330
1F
100
AcDbEntity
  8
VISIBLE
100
AcDbCircle
 10
-0.1505491525
 20
-0.0050929
 30
0.0
 40
0.0005
100
AcDbArc
 50
0.0
 51
90.0
  0
LINE
  5
10000899
102
{ACAD_XDICTIONARY
360
1000089A
102
}
330
1F
100
AcDbEntity
  8
VISIBLE
100
AcDbLine
 10
-0.1500491525
 20
-0.0050929
 30
0.0
 11
-0.1500491525
 21
-0.0180929
 31
0.0
  0
ARC
  5
1000089D
102
{ACAD_XDICTIONARY
360
1000089E
102
}
330
1F
100
AcDbEntity
  8
VISIBLE
100
AcDbCircle
 10
-0.1505491525
 20
-0.0180929
 30
0.0
 40
0.0005
100
AcDbArc
 50
270.0
 51
0.0
  0
LINE
  5
100008A3
102
{ACAD_XDICTIONARY
360
100008A4
102
}
330
1F
100
AcDbEntity
  8
VISIBLE
100
AcDbLine
 10
-0.1635491525
 20
-0.0185929
 30
0.0
 11
-0.1505491525
 21
-0.0185929
 31
0.0
  0
ARC
  5
100008A7
102
{ACAD_XDICTIONARY
360
100008A8
102
}
330
1F
100
AcDbEntity
  8
VISIBLE
100
AcDbCircle
 10
-0.1635491525
 20
-0.0180928999999999
 30
0.0
 40
0.0005
100
AcDbArc
 50
180.0000000000055
 51
270.0
  0
LINE
  5
100008AD
102
{ACAD_XDICTIONARY
360
100008AE
102
}
330
1F
100
AcDbEntity
  8
VISIBLE
100
AcDbLine
 10
-0.1640491525
 20
-0.0050929
 30
0.0
 11
-0.1640491525
 21
-0.0180929
 31
0.0
  0
ARC
  5
100008B1
102
{ACAD_XDICTIONARY
360
100008B2
102
}
330
1F
100
AcDbEntity
  8
VISIBLE
100
AcDbCircle
 10
-0.1373554025
 20
-0.0050929
 30
0.0
 40
0.0005
100
AcDbArc
 50
90.0
 51
180.0
  0
LINE
  5
100008B7
102
{ACAD_XDICTIONARY
360
100008B8
102
}
330
1F
100
AcDbEntity
  8
VISIBLE
100
AcDbLine
 10
-0.1373554025
 20
-0.0045929
 30
0.0
 11
-0.1243554025
 21
-0.0045929
 31
0.0
  0
ARC
  5
100008BB
102
{ACAD_XDICTIONARY
360
100008BC
102
}
330
1F
100
AcDbEntity
  8
VISIBLE
100
AcDbCircle
 10
-0.1243554025
 20
-0.0050929
 30
0.0
 40
0.0005
100
AcDbArc
 50
0.0
 51
90.0
  0
LINE
  5
100008C1
102
{ACAD_XDICTIONARY
360
100008C2
102
}
330
1F
100
AcDbEntity
  8
VISIBLE
100
AcDbLine
 10
-0.1238554025
 20
-0.0050929
 30
0.0
 11
-0.1238554025
 21
-0.0180929
 31
0.0
  0
ARC
  5
100008C5
102
{ACAD_XDICTIONARY
360
100008C6
102
}
330
1F
100
AcDbEntity
  8
VISIBLE
100
AcDbCircle
 10
-0.1243554025
 20
-0.0180929
 30
0.0
 40
0.0005
100
AcDbArc
 50
270.0
 51
0.0
  0
LINE
  5
100008CB
102
{ACAD_XDICTIONARY
360
100008CC
102
}
330
1F
100
AcDbEntity
  8
VISIBLE
100
AcDbLine
 10
-0.1373554025
 20
-0.0185929
 30
0.0
 11
-0.1243554025
 21
-0.0185929
 31
0.0
  0
ARC
  5
100008CF
102
{ACAD_XDICTIONARY
360
100008D0
102
}
330
1F
100
AcDbEntity
  8
VISIBLE
100
AcDbCircle
 10
-0.1373554025
 20
-0.0180929
 30
0.0
 40
0.0005
100
AcDbArc
 50
180.0
 51
270.0
  0
LINE
  5
100008D5
102
{ACAD_XDICTIONARY
360
100008D6
102
}
330
1F
100
AcDbEntity
  8
VISIBLE
100
AcDbLine
 10
-0.1378554025
 20
-0.0050929
 30
0.0
 11
-0.1378554025
 21
-0.0180929
 31
0.0
  0
ARC
  5
100008D9
102
{ACAD_XDICTIONARY
360
100008DA
102
}
330
1F
100
AcDbEntity
  8
VISIBLE
100
AcDbCircle
 10
-0.1183054025
 20
-0.0050929
 30
0.0
 40
0.0005
100
AcDbArc
 50
90.0
 51
179.9999999999973
  0
LINE
  5
100008DF
102
{ACAD_XDICTIONARY
360
100008E0
102
}
330
1F
100
AcDbEntity
  8
VISIBLE
100
AcDbLine
 10
-0.1183054025
 20
-0.0045929
 30
0.0
 11
-0.1053054025
 21
-0.0045929
 31
0.0
  0
ARC
  5
100008E3
102
{ACAD_XDICTIONARY
360
100008E4
102
}
330
1F
100
AcDbEntity
  8
VISIBLE
100
AcDbCircle
 10
-0.1053054025
 20
-0.0050929
 30
0.0
 40
0.0005
100
AcDbArc
 50
0.0
 51
90.0
  0
LINE
  5
100008E9
102
{ACAD_XDICTIONARY
360
100008EA
102
}
330
1F
100
AcDbEntity
  8
VISIBLE
100
AcDbLine
 10
-0.1048054025
 20
-0.0050929
 30
0.0
 11
-0.1048054025
 21
-0.0180929
 31
0.0
  0
ARC
  5
100008ED
102
{ACAD_XDICTIONARY
360
100008EE
102
}
330
1F
100
AcDbEntity
  8
VISIBLE
100
AcDbCircle
 10
-0.1053054025
 20
-0.0180929
 30
0.0
 40
0.0005
100
AcDbArc
 50
270.0
 51
0.0
  0
LINE
  5
100008F3
102
{ACAD_XDICTIONARY
360
100008F4
102
}
330
1F
100
AcDbEntity
  8
VISIBLE
100
AcDbLine
 10
-0.1183054025
 20
-0.0185929
 30
0.0
 11
-0.1053054025
 21
-0.0185929
 31
0.0
  0
ARC
  5
100008F7
102
{ACAD_XDICTIONARY
360
100008F8
102
}
330
1F
100
AcDbEntity
  8
VISIBLE
100
AcDbCircle
 10
-0.1183054025
 20
-0.0180929
 30
0.0
 40
0.0005
100
AcDbArc
 50
180.0000000000028
 51
270.0
  0
LINE
  5
100008FD
102
{ACAD_XDICTIONARY
360
100008FE
102
}
330
1F
100
AcDbEntity
  8
VISIBLE
100
AcDbLine
 10
-0.1188054025
 20
-0.0050929
 30
0.0
 11
-0.1188054025
 21
-0.0180929
 31
0.0
  0
ARC
  5
10000901
102
{ACAD_XDICTIONARY
360
10000902
102
}
330
1F
100
AcDbEntity
  8
VISIBLE
100
AcDbCircle
 10
-0.0992554025
 20
-0.0050929
 30
0.0
 40
0.0005
100
AcDbArc
 50
90.0
 51
180.0
  0
LINE
  5
10000907
102
{ACAD_XDICTIONARY
360
10000908
102
}
330
1F
100
AcDbEntity
  8
VISIBLE
100
AcDbLine
 10
-0.0992554025
 20
-0.0045929
 30
0.0
 11
-0.0862554025
 21
-0.0045929
 31
0.0
  0
ARC
  5
1000090B
102
{ACAD_XDICTIONARY
360
1000090C
102
}
330
1F
100
AcDbEntity
  8
VISIBLE
100
AcDbCircle
 10
-0.0862554025
 20
-0.0050929
 30
0.0
 40
0.0005
100
AcDbArc
 50
0.0
 51
90.0
  0
LINE
  5
10000911
102
{ACAD_XDICTIONARY
360
10000912
102
}
330
1F
100
AcDbEntity
  8
VISIBLE
100
AcDbLine
 10
-0.0857554025
 20
-0.0050929
 30
0.0
 11
-0.0857554025
 21
-0.0180929
 31
0.0
  0
ARC
  5
10000915
102
{ACAD_XDICTIONARY
360
10000916
102
}
330
1F
100
AcDbEntity
  8
VISIBLE
100
AcDbCircle
 10
-0.0862554025
 20
-0.0180929
 30
0.0
 40
0.0005
100
AcDbArc
 50
270.0
 51
0.0
  0
LINE
  5
1000091B
102
{ACAD_XDICTIONARY
360
1000091C
102
}
330
1F
100
AcDbEntity
  8
VISIBLE
100
AcDbLine
 10
-0.0992554025
 20
-0.0185929
 30
0.0
 11
-0.0862554025
 21
-0.0185929
 31
0.0
  0
ARC
  5
1000091F
102
{ACAD_XDICTIONARY
360
10000920
102
}
330
1F
100
AcDbEntity
  8
VISIBLE
100
AcDbCircle
 10
-0.0992554025
 20
-0.0180929
 30
0.0
 40
0.0005
100
AcDbArc
 50
180.0
 51
270.0
  0
LINE
  5
10000925
102
{ACAD_XDICTIONARY
360
10000926
102
}
330
1F
100
AcDbEntity
  8
VISIBLE
100
AcDbLine
 10
-0.0997554025
 20
-0.0050929
 30
0.0
 11
-0.0997554025
 21
-0.0180929
 31
0.0
  0
ARC
  5
10000929
102
{ACAD_XDICTIONARY
360
1000092A
102
}
330
1F
100
AcDbEntity
  8
VISIBLE
100
AcDbCircle
 10
-0.0802054025
 20
-0.0050929
 30
0.0
 40
0.0005
100
AcDbArc
 50
90.0
 51
180.0
  0
LINE
  5
1000092F
102
{ACAD_XDICTIONARY
360
10000930
102
}
330
1F
100
AcDbEntity
  8
VISIBLE
100
AcDbLine
 10
-0.0802054025
 20
-0.0045929
 30
0.0
 11
-0.0672054025
 21
-0.0045929
 31
0.0
  0
ARC
  5
10000933
102
{ACAD_XDICTIONARY
360
10000934
102
}
330
1F
100
AcDbEntity
  8
VISIBLE
100
AcDbCircle
 10
-0.0672054025
 20
-0.0050929
 30
0.0
 40
0.0005
100
AcDbArc
 50
0.0
 51
90.0
  0
LINE
  5
10000939
102
{ACAD_XDICTIONARY
360
1000093A
102
}
330
1F
100
AcDbEntity
  8
VISIBLE
100
AcDbLine
 10
-0.0667054025
 20
-0.0050929
 30
0.0
 11
-0.0667054025
 21
-0.0180929
 31
0.0
  0
ARC
  5
1000093D
102
{ACAD_XDICTIONARY
360
1000093E
102
}
330
1F
100
AcDbEntity
  8
VISIBLE
100
AcDbCircle
 10
-0.0672054025
 20
-0.0180929
 30
0.0
 40
0.0005
100
AcDbArc
 50
270.0
 51
0.0
  0
LINE
  5
10000943
102
{ACAD_XDICTIONARY
360
10000944
102
}
330
1F
100
AcDbEntity
  8
VISIBLE
100
AcDbLine
 10
-0.0802054025
 20
-0.0185929
 30
0.0
 11
-0.0672054025
 21
-0.0185929
 31
0.0
  0
ARC
  5
10000947
102
{ACAD_XDICTIONARY
360
10000948
102
}
330
1F
100
AcDbEntity
  8
VISIBLE
100
AcDbCircle
 10
-0.0802054025
 20
-0.0180929
 30
0.0
 40
0.0005
100
AcDbArc
 50
180.0
 51
270.0
  0
LINE
  5
1000094D
102
{ACAD_XDICTIONARY
360
1000094E
102
}
330
1F
100
AcDbEntity
  8
VISIBLE
100
AcDbLine
 10
-0.0807054025
 20
-0.0050929
 30
0.0
 11
-0.0807054025
 21
-0.0180929
 31
0.0
  0
ARC
  5
10000951
102
{ACAD_XDICTIONARY
360
10000952
102
}
330
1F
100
AcDbEntity
  8
VISIBLE
100
AcDbCircle
 10
-0.0611554025
 20
-0.0050929
 30
0.0
 40
0.0005
100
AcDbArc
 50
90.0
 51
180.0
  0
LINE
  5
10000957
102
{ACAD_XDICTIONARY
360
10000958
102
}
330
1F
100
AcDbEntity
  8
VISIBLE
100
AcDbLine
 10
-0.0611554025
 20
-0.0045929
 30
0.0
 11
-0.0481554025
 21
-0.0045929
 31
0.0
  0
ARC
  5
1000095B
102
{ACAD_XDICTIONARY
360
1000095C
102
}
330
1F
100
AcDbEntity
  8
VISIBLE
100
AcDbCircle
 10
-0.0481554025
 20
-0.0050929
 30
0.0
 40
0.0005
100
AcDbArc
 50
0.0
 51
90.0
  0
LINE
  5
10000961
102
{ACAD_XDICTIONARY
360
10000962
102
}
330
1F
100
AcDbEntity
  8
VISIBLE
100
AcDbLine
 10
-0.0476554025
 20
-0.0050929
 30
0.0
 11
-0.0476554025
 21
-0.0180929
 31
0.0
  0
ARC
  5
10000965
102
{ACAD_XDICTIONARY
360
10000966
102
}
330
1F
100
AcDbEntity
  8
VISIBLE
100
AcDbCircle
 10
-0.0481554025
 20
-0.0180929
 30
0.0
 40
0.0005
100
AcDbArc
 50
270.0
 51
0.0
  0
LINE
  5
1000096B
102
{ACAD_XDICTIONARY
360
1000096C
102
}
330
1F
100
AcDbEntity
  8
VISIBLE
100
AcDbLine
 10
-0.0611554025
 20
-0.0185929
 30
0.0
 11
-0.0481554025
 21
-0.0185929
 31
0.0
  0
ARC
  5
1000096F
102
{ACAD_XDICTIONARY
360
10000970
102
}
330
1F
100
AcDbEntity
  8
VISIBLE
100
AcDbCircle
 10
-0.0611554025
 20
-0.0180929
 30
0.0
 40
0.0005
100
AcDbArc
 50
180.0
 51
270.0
  0
LINE
  5
10000975
102
{ACAD_XDICTIONARY
360
10000976
102
}
330
1F
100
AcDbEntity
  8
VISIBLE
100
AcDbLine
 10
-0.0616554025
 20
-0.0050929
 30
0.0
 11
-0.0616554025
 21
-0.0180929
 31
0.0
  0
ARC
  5
10000979
102
{ACAD_XDICTIONARY
360
1000097A
102
}
330
1F
100
AcDbEntity
  8
VISIBLE
100
AcDbCircle
 10
-0.0421054025
 20
-0.0050929
 30
0.0
 40
0.0005
100
AcDbArc
 50
90.0
 51
180.0
  0
LINE
  5
1000097F
102
{ACAD_XDICTIONARY
360
10000980
102
}
330
1F
100
AcDbEntity
  8
VISIBLE
100
AcDbLine
 10
-0.0421054025
 20
-0.0045929
 30
0.0
 11
-0.0291054025
 21
-0.0045929
 31
0.0
  0
ARC
  5
10000983
102
{ACAD_XDICTIONARY
360
10000984
102
}
330
1F
100
AcDbEntity
  8
VISIBLE
100
AcDbCircle
 10
-0.0291054025
 20
-0.0050929
 30
0.0
 40
0.0005
100
AcDbArc
 50
0.0
 51
90.0
  0
LINE
  5
10000989
102
{ACAD_XDICTIONARY
360
1000098A
102
}
330
1F
100
AcDbEntity
  8
VISIBLE
100
AcDbLine
 10
-0.0286054025
 20
-0.0050929
 30
0.0
 11
-0.0286054025
 21
-0.0180929
 31
0.0
  0
ARC
  5
1000098D
102
{ACAD_XDICTIONARY
360
1000098E
102
}
330
1F
100
AcDbEntity
  8
VISIBLE
100
AcDbCircle
 10
-0.0291054025
 20
-0.0180929
 30
0.0
 40
0.0005
100
AcDbArc
 50
270.0
 51
0.0
  0
LINE
  5
10000993
102
{ACAD_XDICTIONARY
360
10000994
102
}
330
1F
100
AcDbEntity
  8
VISIBLE
100
AcDbLine
 10
-0.0421054025
 20
-0.0185929
 30
0.0
 11
-0.0291054025
 21
-0.0185929
 31
0.0
  0
ARC
  5
10000997
102
{ACAD_XDICTIONARY
360
10000998
102
}
330
1F
100
AcDbEntity
  8
VISIBLE
100
AcDbCircle
 10
-0.0421054025
 20
-0.0180929
 30
0.0
 40
0.0005
100
AcDbArc
 50
180.0
 51
270.0
  0
LINE
  5
1000099D
102
{ACAD_XDICTIONARY
360
1000099E
102
}
330
1F
100
AcDbEntity
  8
VISIBLE
100
AcDbLine
 10
-0.0426054025
 20
-0.0050929
 30
0.0
 11
-0.0426054025
 21
-0.0180929
 31
0.0
  0
ARC
  5
100009A1
102
{ACAD_XDICTIONARY
360
100009A2
102
}
330
1F
100
AcDbEntity
  8
VISIBLE
100
AcDbCircle
 10
-0.0230554025
 20
-0.0050929
 30
0.0
 40
0.0005
100
AcDbArc
 50
90.0
 51
180.0
  0
LINE
  5
100009A7
102
{ACAD_XDICTIONARY
360
100009A8
102
}
330
1F
100
AcDbEntity
  8
VISIBLE
100
AcDbLine
 10
-0.0230554025
 20
-0.0045929
 30
0.0
 11
-0.0100554025
 21
-0.0045929
 31
0.0
  0
ARC
  5
100009AB
102
{ACAD_XDICTIONARY
360
100009AC
102
}
330
1F
100
AcDbEntity
  8
VISIBLE
100
AcDbCircle
 10
-0.0100554025
 20
-0.0050929
 30
0.0
 40
0.0005
100
AcDbArc
 50
0.0
 51
90.0
  0
LINE
  5
100009B1
102
{ACAD_XDICTIONARY
360
100009B2
102
}
330
1F
100
AcDbEntity
  8
VISIBLE
100
AcDbLine
 10
-0.0095554025
 20
-0.0050929
 30
0.0
 11
-0.0095554025
 21
-0.0180929
 31
0.0
  0
ARC
  5
100009B5
102
{ACAD_XDICTIONARY
360
100009B6
102
}
330
1F
100
AcDbEntity
  8
VISIBLE
100
AcDbCircle
 10
-0.0100554025
 20
-0.0180929
 30
0.0
 40
0.0005
100
AcDbArc
 50
270.0
 51
0.0
  0
LINE
  5
100009BB
102
{ACAD_XDICTIONARY
360
100009BC
102
}
330
1F
100
AcDbEntity
  8
VISIBLE
100
AcDbLine
 10
-0.0230554025
 20
-0.0185929
 30
0.0
 11
-0.0100554025
 21
-0.0185929
 31
0.0
  0
ARC
  5
100009BF
102
{ACAD_XDICTIONARY
360
100009C0
102
}
330
1F
100
AcDbEntity
  8
VISIBLE
100
AcDbCircle
 10
-0.0230554025
 20
-0.0180929
 30
0.0
 40
0.0005
100
AcDbArc
 50
180.0
 51
270.0
  0
LINE
  5
100009C5
102
{ACAD_XDICTIONARY
360
100009C6
102
}
330
1F
100
AcDbEntity
  8
VISIBLE
100
AcDbLine
 10
-0.0235554025
 20
-0.0050929
 30
0.0
 11
-0.0235554025
 21
-0.0180929
 31
0.0
  0
ARC
  5
100009C9
102
{ACAD_XDICTIONARY
360
100009CA
102
}
330
1F
100
AcDbEntity
  8
VISIBLE
100
AcDbCircle
 10
-0.0040054025
 20
-0.0050929
 30
0.0
 40
0.0005
100
AcDbArc
 50
90.0
 51
180.0
  0
LINE
  5
100009CF
102
{ACAD_XDICTIONARY
360
100009D0
102
}
330
1F
100
AcDbEntity
  8
VISIBLE
100
AcDbLine
 10
-0.0040054025
 20
-0.0045929
 30
0.0
 11
0.0089945975
 21
-0.0045929
 31
0.0
  0
ARC
  5
100009D3
102
{ACAD_XDICTIONARY
360
100009D4
102
}
330
1F
100
AcDbEntity
  8
VISIBLE
100
AcDbCircle
 10
0.0089945975
 20
-0.0050929
 30
0.0
 40
0.0005
100
AcDbArc
 50
0.0
 51
90.0
  0
LINE
  5
100009D9
102
{ACAD_XDICTIONARY
360
100009DA
102
}
330
1F
100
AcDbEntity
  8
VISIBLE
100
AcDbLine
 10
0.0094945975
 20
-0.0050929
 30
0.0
 11
0.0094945975
 21
-0.0180929
 31
0.0
  0
ARC
  5
100009DD
102
{ACAD_XDICTIONARY
360
100009DE
102
}
330
1F
100
AcDbEntity
  8
VISIBLE
100
AcDbCircle
 10
0.0089945975
 20
-0.0180929
 30
0.0
 40
0.0005
100
AcDbArc
 50
270.0
 51
0.0
  0
LINE
  5
100009E3
102
{ACAD_XDICTIONARY
360
100009E4
102
}
330
1F
100
AcDbEntity
  8
VISIBLE
100
AcDbLine
 10
-0.0040054025
 20
-0.0185929
 30
0.0
 11
0.0089945975
 21
-0.0185929
 31
0.0
  0
ARC
  5
100009E7
102
{ACAD_XDICTIONARY
360
100009E8
102
}
330
1F
100
AcDbEntity
  8
VISIBLE
100
AcDbCircle
 10
-0.0040054025
 20
-0.0180929
 30
0.0
 40
0.0005
100
AcDbArc
 50
180.0
 51
270.0
  0
LINE
  5
100009ED
102
{ACAD_XDICTIONARY
360
100009EE
102
}
330
1F
100
AcDbEntity
  8
VISIBLE
100
AcDbLine
 10
-0.0045054025
 20
-0.0050929
 30
0.0
 11
-0.0045054025
 21
-0.0180929
 31
0.0
  0
ARC
  5
100009F1
102
{ACAD_XDICTIONARY
360
100009F2
102
}
330
1F
100
AcDbEntity
  8
VISIBLE
100
AcDbCircle
 10
0.0150445975
 20
-0.0050929
 30
0.0
 40
0.0005
100
AcDbArc
 50
90.0
 51
180.0
  0
LINE
  5
100009F7
102
{ACAD_XDICTIONARY
360
100009F8
102
}
330
1F
100
AcDbEntity
  8
VISIBLE
100
AcDbLine
 10
0.0150445975
 20
-0.0045929
 30
0.0
 11
0.0280445975
 21
-0.0045929
 31
0.0
  0
ARC
  5
100009FB
102
{ACAD_XDICTIONARY
360
100009FC
102
}
330
1F
100
AcDbEntity
  8
VISIBLE
100
AcDbCircle
 10
0.0280445975
 20
-0.0050929
 30
0.0
 40
0.0005
100
AcDbArc
 50
0.0
 51
90.0
  0
LINE
  5
10000A01
102
{ACAD_XDICTIONARY
360
10000A02
102
}
330
1F
100
AcDbEntity
  8
VISIBLE
100
AcDbLine
 10
0.0285445975
 20
-0.0050929
 30
0.0
 11
0.0285445975
 21
-0.0180929
 31
0.0
  0
ARC
  5
10000A05
102
{ACAD_XDICTIONARY
360
10000A06
102
}
330
1F
100
AcDbEntity
  8
VISIBLE
100
AcDbCircle
 10
0.0280445975
 20
-0.0180929
 30
0.0
 40
0.0005
100
AcDbArc
 50
270.0
 51
0.0
  0
LINE
  5
10000A0B
102
{ACAD_XDICTIONARY
360
10000A0C
102
}
330
1F
100
AcDbEntity
  8
VISIBLE
100
AcDbLine
 10
0.0150445975
 20
-0.0185929
 30
0.0
 11
0.0280445975
 21
-0.0185929
 31
0.0
  0
ARC
  5
10000A0F
102
{ACAD_XDICTIONARY
360
10000A10
102
}
330
1F
100
AcDbEntity
  8
VISIBLE
100
AcDbCircle
 10
0.0150445975
 20
-0.0180929
 30
0.0
 40
0.0005
100
AcDbArc
 50
180.0
 51
270.0
  0
LINE
  5
10000A15
102
{ACAD_XDICTIONARY
360
10000A16
102
}
330
1F
100
AcDbEntity
  8
VISIBLE
100
AcDbLine
 10
0.0145445975
 20
-0.0050929
 30
0.0
 11
0.0145445975
 21
-0.0180929
 31
0.0
  0
ARC
  5
10000A19
102
{ACAD_XDICTIONARY
360
10000A1A
102
}
330
1F
100
AcDbEntity
  8
VISIBLE
100
AcDbCircle
 10
0.0340945975
 20
-0.0050929
 30
0.0
 40
0.0005
100
AcDbArc
 50
90.0
 51
180.0
  0
LINE
  5
10000A1F
102
{ACAD_XDICTIONARY
360
10000A20
102
}
330
1F
100
AcDbEntity
  8
VISIBLE
100
AcDbLine
 10
0.0340945975
 20
-0.0045929
 30
0.0
 11
0.0470945975
 21
-0.0045929
 31
0.0
  0
ARC
  5
10000A23
102
{ACAD_XDICTIONARY
360
10000A24
102
}
330
1F
100
AcDbEntity
  8
VISIBLE
100
AcDbCircle
 10
0.0470945975
 20
-0.0050929
 30
0.0
 40
0.0005
100
AcDbArc
 50
0.0
 51
90.0
  0
LINE
  5
10000A29
102
{ACAD_XDICTIONARY
360
10000A2A
102
}
330
1F
100
AcDbEntity
  8
VISIBLE
100
AcDbLine
 10
0.0475945975
 20
-0.0050929
 30
0.0
 11
0.0475945975
 21
-0.0180929
 31
0.0
  0
ARC
  5
10000A2D
102
{ACAD_XDICTIONARY
360
10000A2E
102
}
330
1F
100
AcDbEntity
  8
VISIBLE
100
AcDbCircle
 10
0.0470945975
 20
-0.0180929
 30
0.0
 40
0.0005
100
AcDbArc
 50
270.0
 51
0.0
  0
LINE
  5
10000A33
102
{ACAD_XDICTIONARY
360
10000A34
102
}
330
1F
100
AcDbEntity
  8
VISIBLE
100
AcDbLine
 10
0.0340945975
 20
-0.0185929
 30
0.0
 11
0.0470945975
 21
-0.0185929
 31
0.0
  0
ARC
  5
10000A37
102
{ACAD_XDICTIONARY
360
10000A38
102
}
330
1F
100
AcDbEntity
  8
VISIBLE
100
AcDbCircle
 10
0.0340945975
 20
-0.0180929
 30
0.0
 40
0.0005
100
AcDbArc
 50
180.0
 51
270.0
  0
LINE
  5
10000A3D
102
{ACAD_XDICTIONARY
360
10000A3E
102
}
330
1F
100
AcDbEntity
  8
VISIBLE
100
AcDbLine
 10
0.0335945975
 20
-0.0050929
 30
0.0
 11
0.0335945975
 21
-0.0180929
 31
0.0
  0
ARC
  5
10000A41
102
{ACAD_XDICTIONARY
360
10000A42
102
}
330
1F
100
AcDbEntity
  8
VISIBLE
100
AcDbCircle
 10
0.0531445975
 20
-0.0050929
 30
0.0
 40
0.0005
100
AcDbArc
 50
90.0
 51
180.0
  0
LINE
  5
10000A47
102
{ACAD_XDICTIONARY
360
10000A48
102
}
330
1F
100
AcDbEntity
  8
VISIBLE
100
AcDbLine
 10
0.0531445975
 20
-0.0045929
 30
0.0
 11
0.0661445975
 21
-0.0045929
 31
0.0
  0
ARC
  5
10000A4B
102
{ACAD_XDICTIONARY
360
10000A4C
102
}
330
1F
100
AcDbEntity
  8
VISIBLE
100
AcDbCircle
 10
0.0661445975
 20
-0.0050929
 30
0.0
 40
0.0005
100
AcDbArc
 50
0.0
 51
90.0
  0
LINE
  5
10000A51
102
{ACAD_XDICTIONARY
360
10000A52
102
}
330
1F
100
AcDbEntity
  8
VISIBLE
100
AcDbLine
 10
0.0666445975
 20
-0.0050929
 30
0.0
 11
0.0666445975
 21
-0.0180929
 31
0.0
  0
ARC
  5
10000A55
102
{ACAD_XDICTIONARY
360
10000A56
102
}
330
1F
100
AcDbEntity
  8
VISIBLE
100
AcDbCircle
 10
0.0661445975
 20
-0.0180929
 30
0.0
 40
0.0005
100
AcDbArc
 50
270.0
 51
0.0
  0
LINE
  5
10000A5B
102
{ACAD_XDICTIONARY
360
10000A5C
102
}
330
1F
100
AcDbEntity
  8
VISIBLE
100
AcDbLine
 10
0.0531445975
 20
-0.0185929
 30
0.0
 11
0.0661445975
 21
-0.0185929
 31
0.0
  0
ARC
  5
10000A5F
102
{ACAD_XDICTIONARY
360
10000A60
102
}
330
1F
100
AcDbEntity
  8
VISIBLE
100
AcDbCircle
 10
0.0531445975
 20
-0.0180929
 30
0.0
 40
0.0005
100
AcDbArc
 50
180.0
 51
270.0
  0
LINE
  5
10000A65
102
{ACAD_XDICTIONARY
360
10000A66
102
}
330
1F
100
AcDbEntity
  8
VISIBLE
100
AcDbLine
 10
0.0526445975
 20
-0.0050929
 30
0.0
 11
0.0526445975
 21
-0.0180929
 31
0.0
  0
ARC
  5
10000A69
102
{ACAD_XDICTIONARY
360
10000A6A
102
}
330
1F
100
AcDbEntity
  8
VISIBLE
100
AcDbCircle
 10
0.0841008475
 20
-0.0050929
 30
0.0
 40
0.0005
100
AcDbArc
 50
90.0
 51
180.0
  0
LINE
  5
10000A6F
102
{ACAD_XDICTIONARY
360
10000A70
102
}
330
1F
100
AcDbEntity
  8
VISIBLE
100
AcDbLine
 10
0.0841008475
 20
-0.0045929
 30
0.0
 11
0.0971008475
 21
-0.0045929
 31
0.0
  0
ARC
  5
10000A73
102
{ACAD_XDICTIONARY
360
10000A74
102
}
330
1F
100
AcDbEntity
  8
VISIBLE
100
AcDbCircle
 10
0.0971008475
 20
-0.0050929
 30
0.0
 40
0.0005
100
AcDbArc
 50
0.0
 51
90.0
  0
LINE
  5
10000A79
102
{ACAD_XDICTIONARY
360
10000A7A
102
}
330
1F
100
AcDbEntity
  8
VISIBLE
100
AcDbLine
 10
0.0976008475
 20
-0.0050929
 30
0.0
 11
0.0976008475
 21
-0.0180929
 31
0.0
  0
ARC
  5
10000A7D
102
{ACAD_XDICTIONARY
360
10000A7E
102
}
330
1F
100
AcDbEntity
  8
VISIBLE
100
AcDbCircle
 10
0.0971008475
 20
-0.0180929
 30
0.0
 40
0.0005
100
AcDbArc
 50
270.0
 51
0.0
  0
LINE
  5
10000A83
102
{ACAD_XDICTIONARY
360
10000A84
102
}
330
1F
100
AcDbEntity
  8
VISIBLE
100
AcDbLine
 10
0.0841008475
 20
-0.0185929
 30
0.0
 11
0.0971008475
 21
-0.0185929
 31
0.0
  0
ARC
  5
10000A87
102
{ACAD_XDICTIONARY
360
10000A88
102
}
330
1F
100
AcDbEntity
  8
VISIBLE
100
AcDbCircle
 10
0.0841008475
 20
-0.0180929
 30
0.0
 40
0.0005
100
AcDbArc
 50
180.0
 51
270.0
  0
LINE
  5
10000A8D
102
{ACAD_XDICTIONARY
360
10000A8E
102
}
330
1F
100
AcDbEntity
  8
VISIBLE
100
AcDbLine
 10
0.0836008475
 20
-0.0050929
 30
0.0
 11
0.0836008475
 21
-0.0180929
 31
0.0
  0
ARC
  5
10000A91
102
{ACAD_XDICTIONARY
360
10000A92
102
}
330
1F
100
AcDbEntity
  8
VISIBLE
100
AcDbCircle
 10
0.0756628475
 20
-0.0060929
 30
0.0
 40
0.0005
100
AcDbArc
 50
90.0
 51
180.0
  0
LINE
  5
10000A97
102
{ACAD_XDICTIONARY
360
10000A98
102
}
330
1F
100
AcDbEntity
  8
VISIBLE
100
AcDbLine
 10
0.0756628475
 20
-0.0055929
 30
0.0
 11
0.0816628475
 21
-0.0055929
 31
0.0
  0
ARC
  5
10000A9B
102
{ACAD_XDICTIONARY
360
10000A9C
102
}
330
1F
100
AcDbEntity
  8
VISIBLE
100
AcDbCircle
 10
0.0816628475
 20
-0.0060929
 30
0.0
 40
0.0005
100
AcDbArc
 50
0.0
 51
90.0
  0
LINE
  5
10000AA1
102
{ACAD_XDICTIONARY
360
10000AA2
102
}
330
1F
100
AcDbEntity
  8
VISIBLE
100
AcDbLine
 10
0.0821628475
 20
-0.0060929
 30
0.0
 11
0.0821628475
 21
-0.0200929
 31
0.0
  0
ARC
  5
10000AA5
102
{ACAD_XDICTIONARY
360
10000AA6
102
}
330
1F
100
AcDbEntity
  8
VISIBLE
100
AcDbCircle
 10
0.0816628475
 20
-0.0200929
 30
0.0
 40
0.0005
100
AcDbArc
 50
270.0
 51
0.0
  0
LINE
  5
10000AAB
102
{ACAD_XDICTIONARY
360
10000AAC
102
}
330
1F
100
AcDbEntity
  8
VISIBLE
100
AcDbLine
 10
0.0756628475
 20
-0.0205929
 30
0.0
 11
0.0816628475
 21
-0.0205929
 31
0.0
  0
ARC
  5
10000AAF
102
{ACAD_XDICTIONARY
360
10000AB0
102
}
330
1F
100
AcDbEntity
  8
VISIBLE
100
AcDbCircle
 10
0.0756628475
 20
-0.0200929
 30
0.0
 40
0.0005
100
AcDbArc
 50
180.0
 51
270.0
  0
LINE
  5
10000AB5
102
{ACAD_XDICTIONARY
360
10000AB6
102
}
330
1F
100
AcDbEntity
  8
VISIBLE
100
AcDbLine
 10
0.0751628475
 20
-0.0060929
 30
0.0
 11
0.0751628475
 21
-0.0200929
 31
0.0
  0
ARC
  5
10000AB9
102
{ACAD_XDICTIONARY
360
10000ABA
102
}
330
1F
100
AcDbEntity
  8
VISIBLE
100
AcDbCircle
 10
0.0995388475
 20
-0.0060929
 30
0.0
 40
0.0005
100
AcDbArc
 50
90.0
 51
180.0
  0
LINE
  5
10000ABF
102
{ACAD_XDICTIONARY
360
10000AC0
102
}
330
1F
100
AcDbEntity
  8
VISIBLE
100
AcDbLine
 10
0.0995388475
 20
-0.0055929
 30
0.0
 11
0.1055388475
 21
-0.0055929
 31
0.0
  0
ARC
  5
10000AC3
102
{ACAD_XDICTIONARY
360
10000AC4
102
}
330
1F
100
AcDbEntity
  8
VISIBLE
100
AcDbCircle
 10
0.1055388475
 20
-0.0060929
 30
0.0
 40
0.0005
100
AcDbArc
 50
0.0
 51
90.0
  0
LINE
  5
10000AC9
102
{ACAD_XDICTIONARY
360
10000ACA
102
}
330
1F
100
AcDbEntity
  8
VISIBLE
100
AcDbLine
 10
0.1060388475
 20
-0.0060929
 30
0.0
 11
0.1060388475
 21
-0.0200929
 31
0.0
  0
ARC
  5
10000ACD
102
{ACAD_XDICTIONARY
360
10000ACE
102
}
330
1F
100
AcDbEntity
  8
VISIBLE
100
AcDbCircle
 10
0.1055388475
 20
-0.0200929
 30
0.0
 40
0.0005
100
AcDbArc
 50
270.0
 51
0.0
  0
LINE
  5
10000AD3
102
{ACAD_XDICTIONARY
360
10000AD4
102
}
330
1F
100
AcDbEntity
  8
VISIBLE
100
AcDbLine
 10
0.0995388475
 20
-0.0205929
 30
0.0
 11
0.1055388475
 21
-0.0205929
 31
0.0
  0
ARC
  5
10000AD7
102
{ACAD_XDICTIONARY
360
10000AD8
102
}
330
1F
100
AcDbEntity
  8
VISIBLE
100
AcDbCircle
 10
0.0995388475
 20
-0.0200929
 30
0.0
 40
0.0005
100
AcDbArc
 50
180.0
 51
270.0
  0
LINE
  5
10000ADD
102
{ACAD_XDICTIONARY
360
10000ADE
102
}
330
1F
100
AcDbEntity
  8
VISIBLE
100
AcDbLine
 10
0.0990388475
 20
-0.0060929
 30
0.0
 11
0.0990388475
 21
-0.0200929
 31
0.0
  0
ARC
  5
10000AE1
102
{ACAD_XDICTIONARY
360
10000AE2
102
}
330
1F
100
AcDbEntity
  8
VISIBLE
100
AcDbCircle
 10
-0.1587866525
 20
-0.0241429
 30
0.0
 40
0.0005
100
AcDbArc
 50
90.0
 51
180.0
  0
LINE
  5
10000AE7
102
{ACAD_XDICTIONARY
360
10000AE8
102
}
330
1F
100
AcDbEntity
  8
VISIBLE
100
AcDbLine
 10
-0.1587866525
 20
-0.0236429
 30
0.0
 11
-0.1457866525
 21
-0.0236429
 31
0.0
  0
ARC
  5
10000AEB
102
{ACAD_XDICTIONARY
360
10000AEC
102
}
330
1F
100
AcDbEntity
  8
VISIBLE
100
AcDbCircle
 10
-0.1457866525
 20
-0.0241429
 30
0.0
 40
0.0005
100
AcDbArc
 50
0.0
 51
90.0
  0
LINE
  5
10000AF1
102
{ACAD_XDICTIONARY
360
10000AF2
102
}
330
1F
100
AcDbEntity
  8
VISIBLE
100
AcDbLine
 10
-0.1452866525
 20
-0.0241429
 30
0.0
 11
-0.1452866525
 21
-0.0371429
 31
0.0
  0
ARC
  5
10000AF5
102
{ACAD_XDICTIONARY
360
10000AF6
102
}
330
1F
100
AcDbEntity
  8
VISIBLE
100
AcDbCircle
 10
-0.1457866525
 20
-0.0371429
 30
0.0
 40
0.0005
100
AcDbArc
 50
270.0
 51
0.0
  0
LINE
  5
10000AFB
102
{ACAD_XDICTIONARY
360
10000AFC
102
}
330
1F
100
AcDbEntity
  8
VISIBLE
100
AcDbLine
 10
-0.1587866525
 20
-0.0376429
 30
0.0
 11
-0.1457866525
 21
-0.0376429
 31
0.0
  0
ARC
  5
10000AFF
102
{ACAD_XDICTIONARY
360
10000B00
102
}
330
1F
100
AcDbEntity
  8
VISIBLE
100
AcDbCircle
 10
-0.1587866525
 20
-0.0371429
 30
0.0
 40
0.0005
100
AcDbArc
 50
180.0
 51
270.0
  0
LINE
  5
10000B05
102
{ACAD_XDICTIONARY
360
10000B06
102
}
330
1F
100
AcDbEntity
  8
VISIBLE
100
AcDbLine
 10
-0.1592866525
 20
-0.0241429
 30
0.0
 11
-0.1592866525
 21
-0.0371429
 31
0.0
  0
ARC
  5
10000B09
102
{ACAD_XDICTIONARY
360
10000B0A
102
}
330
1F
100
AcDbEntity
  8
VISIBLE
100
AcDbCircle
 10
-0.1672246525
 20
-0.0251429
 30
0.0
 40
0.0005
100
AcDbArc
 50
90.0
 51
179.9999999999945
  0
LINE
  5
10000B0F
102
{ACAD_XDICTIONARY
360
10000B10
102
}
330
1F
100
AcDbEntity
  8
VISIBLE
100
AcDbLine
 10
-0.1672246525
 20
-0.0246429
 30
0.0
 11
-0.1612246525
 21
-0.0246429
 31
0.0
  0
ARC
  5
10000B13
102
{ACAD_XDICTIONARY
360
10000B14
102
}
330
1F
100
AcDbEntity
  8
VISIBLE
100
AcDbCircle
 10
-0.1612246525
 20
-0.0251429
 30
0.0
 40
0.0005
100
AcDbArc
 50
0.0
 51
90.0
  0
LINE
  5
10000B19
102
{ACAD_XDICTIONARY
360
10000B1A
102
}
330
1F
100
AcDbEntity
  8
VISIBLE
100
AcDbLine
 10
-0.1607246525
 20
-0.0251429
 30
0.0
 11
-0.1607246525
 21
-0.0391429
 31
0.0
  0
ARC
  5
10000B1D
102
{ACAD_XDICTIONARY
360
10000B1E
102
}
330
1F
100
AcDbEntity
  8
VISIBLE
100
AcDbCircle
 10
-0.1612246525
 20
-0.0391429
 30
0.0
 40
0.0005
100
AcDbArc
 50
270.0
 51
0.0
  0
LINE
  5
10000B23
102
{ACAD_XDICTIONARY
360
10000B24
102
}
330
1F
100
AcDbEntity
  8
VISIBLE
100
AcDbLine
 10
-0.1672246525
 20
-0.0396429
 30
0.0
 11
-0.1612246525
 21
-0.0396429
 31
0.0
  0
ARC
  5
10000B27
102
{ACAD_XDICTIONARY
360
10000B28
102
}
330
1F
100
AcDbEntity
  8
VISIBLE
100
AcDbCircle
 10
-0.1672246525
 20
-0.0391428999999999
 30
0.0
 40
0.0005
100
AcDbArc
 50
180.0000000000055
 51
270.0
  0
LINE
  5
10000B2D
102
{ACAD_XDICTIONARY
360
10000B2E
102
}
330
1F
100
AcDbEntity
  8
VISIBLE
100
AcDbLine
 10
-0.1677246525
 20
-0.0251429
 30
0.0
 11
-0.1677246525
 21
-0.0391429
 31
0.0
  0
ARC
  5
10000B31
102
{ACAD_XDICTIONARY
360
10000B32
102
}
330
1F
100
AcDbEntity
  8
VISIBLE
100
AcDbCircle
 10
-0.1433486525
 20
-0.0251429
 30
0.0
 40
0.0005
100
AcDbArc
 50
90.0
 51
180.0
  0
LINE
  5
10000B37
102
{ACAD_XDICTIONARY
360
10000B38
102
}
330
1F
100
AcDbEntity
  8
VISIBLE
100
AcDbLine
 10
-0.1433486525
 20
-0.0246429
 30
0.0
 11
-0.1373486525
 21
-0.0246429
 31
0.0
  0
ARC
  5
10000B3B
102
{ACAD_XDICTIONARY
360
10000B3C
102
}
330
1F
100
AcDbEntity
  8
VISIBLE
100
AcDbCircle
 10
-0.1373486525
 20
-0.0251429
 30
0.0
 40
0.0005
100
AcDbArc
 50
0.0
 51
90.0
  0
LINE
  5
10000B41
102
{ACAD_XDICTIONARY
360
10000B42
102
}
330
1F
100
AcDbEntity
  8
VISIBLE
100
AcDbLine
 10
-0.1368486525
 20
-0.0251429
 30
0.0
 11
-0.1368486525
 21
-0.0391429
 31
0.0
  0
ARC
  5
10000B45
102
{ACAD_XDICTIONARY
360
10000B46
102
}
330
1F
100
AcDbEntity
  8
VISIBLE
100
AcDbCircle
 10
-0.1373486525
 20
-0.0391429
 30
0.0
 40
0.0005
100
AcDbArc
 50
270.0
 51
0.0
  0
LINE
  5
10000B4B
102
{ACAD_XDICTIONARY
360
10000B4C
102
}
330
1F
100
AcDbEntity
  8
VISIBLE
100
AcDbLine
 10
-0.1433486525
 20
-0.0396429
 30
0.0
 11
-0.1373486525
 21
-0.0396429
 31
0.0
  0
ARC
  5
10000B4F
102
{ACAD_XDICTIONARY
360
10000B50
102
}
330
1F
100
AcDbEntity
  8
VISIBLE
100
AcDbCircle
 10
-0.1433486525
 20
-0.0391429
 30
0.0
 40
0.0005
100
AcDbArc
 50
180.0
 51
270.0
  0
LINE
  5
10000B55
102
{ACAD_XDICTIONARY
360
10000B56
102
}
330
1F
100
AcDbEntity
  8
VISIBLE
100
AcDbLine
 10
-0.1438486525
 20
-0.0251429
 30
0.0
 11
-0.1438486525
 21
-0.0391429
 31
0.0
  0
ARC
  5
10000B59
102
{ACAD_XDICTIONARY
360
10000B5A
102
}
330
1F
100
AcDbEntity
  8
VISIBLE
100
AcDbCircle
 10
-0.1278304025
 20
-0.0241429
 30
0.0
 40
0.0005
100
AcDbArc
 50
90.0
 51
180.0
  0
LINE
  5
10000B5F
102
{ACAD_XDICTIONARY
360
10000B60
102
}
330
1F
100
AcDbEntity
  8
VISIBLE
100
AcDbLine
 10
-0.1278304025
 20
-0.0236429
 30
0.0
 11
-0.1148304025
 21
-0.0236429
 31
0.0
  0
ARC
  5
10000B63
102
{ACAD_XDICTIONARY
360
10000B64
102
}
330
1F
100
AcDbEntity
  8
VISIBLE
100
AcDbCircle
 10
-0.1148304025
 20
-0.0241429
 30
0.0
 40
0.0005
100
AcDbArc
 50
0.0
 51
90.0
  0
LINE
  5
10000B69
102
{ACAD_XDICTIONARY
360
10000B6A
102
}
330
1F
100
AcDbEntity
  8
VISIBLE
100
AcDbLine
 10
-0.1143304025
 20
-0.0241429
 30
0.0
 11
-0.1143304025
 21
-0.0371429
 31
0.0
  0
ARC
  5
10000B6D
102
{ACAD_XDICTIONARY
360
10000B6E
102
}
330
1F
100
AcDbEntity
  8
VISIBLE
100
AcDbCircle
 10
-0.1148304025
 20
-0.0371429
 30
0.0
 40
0.0005
100
AcDbArc
 50
270.0
 51
0.0
  0
LINE
  5
10000B73
102
{ACAD_XDICTIONARY
360
10000B74
102
}
330
1F
100
AcDbEntity
  8
VISIBLE
100
AcDbLine
 10
-0.1278304025
 20
-0.0376429
 30
0.0
 11
-0.1148304025
 21
-0.0376429
 31
0.0
  0
ARC
  5
10000B77
102
{ACAD_XDICTIONARY
360
10000B78
102
}
330
1F
100
AcDbEntity
  8
VISIBLE
100
AcDbCircle
 10
-0.1278304025
 20
-0.0371429
 30
0.0
 40
0.0005
100
AcDbArc
 50
180.0
 51
270.0
  0
LINE
  5
10000B7D
102
{ACAD_XDICTIONARY
360
10000B7E
102
}
330
1F
100
AcDbEntity
  8
VISIBLE
100
AcDbLine
 10
-0.1283304025
 20
-0.0241429
 30
0.0
 11
-0.1283304025
 21
-0.0371429
 31
0.0
  0
ARC
  5
10000B81
102
{ACAD_XDICTIONARY
360
10000B82
102
}
330
1F
100
AcDbEntity
  8
VISIBLE
100
AcDbCircle
 10
-0.1087804025
 20
-0.0241429
 30
0.0
 40
0.0005
100
AcDbArc
 50
90.0
 51
179.9999999999972
  0
LINE
  5
10000B87
102
{ACAD_XDICTIONARY
360
10000B88
102
}
330
1F
100
AcDbEntity
  8
VISIBLE
100
AcDbLine
 10
-0.1087804025
 20
-0.0236429
 30
0.0
 11
-0.0957804025
 21
-0.0236429
 31
0.0
  0
ARC
  5
10000B8B
102
{ACAD_XDICTIONARY
360
10000B8C
102
}
330
1F
100
AcDbEntity
  8
VISIBLE
100
AcDbCircle
 10
-0.0957804025
 20
-0.0241429
 30
0.0
 40
0.0005
100
AcDbArc
 50
0.0
 51
90.0
  0
LINE
  5
10000B91
102
{ACAD_XDICTIONARY
360
10000B92
102
}
330
1F
100
AcDbEntity
  8
VISIBLE
100
AcDbLine
 10
-0.0952804025
 20
-0.0241429
 30
0.0
 11
-0.0952804025
 21
-0.0371429
 31
0.0
  0
ARC
  5
10000B95
102
{ACAD_XDICTIONARY
360
10000B96
102
}
330
1F
100
AcDbEntity
  8
VISIBLE
100
AcDbCircle
 10
-0.0957804025
 20
-0.0371429
 30
0.0
 40
0.0005
100
AcDbArc
 50
270.0
 51
0.0
  0
LINE
  5
10000B9B
102
{ACAD_XDICTIONARY
360
10000B9C
102
}
330
1F
100
AcDbEntity
  8
VISIBLE
100
AcDbLine
 10
-0.1087804025
 20
-0.0376429
 30
0.0
 11
-0.0957804025
 21
-0.0376429
 31
0.0
  0
ARC
  5
10000B9F
102
{ACAD_XDICTIONARY
360
10000BA0
102
}
330
1F
100
AcDbEntity
  8
VISIBLE
100
AcDbCircle
 10
-0.1087804025
 20
-0.0371429
 30
0.0
 40
0.0005
100
AcDbArc
 50
180.0000000000024
 51
270.0
  0
LINE
  5
10000BA5
102
{ACAD_XDICTIONARY
360
10000BA6
102
}
330
1F
100
AcDbEntity
  8
VISIBLE
100
AcDbLine
 10
-0.1092804025
 20
-0.0241429
 30
0.0
 11
-0.1092804025
 21
-0.0371429
 31
0.0
  0
ARC
  5
10000BA9
102
{ACAD_XDICTIONARY
360
10000BAA
102
}
330
1F
100
AcDbEntity
  8
VISIBLE
100
AcDbCircle
 10
-0.0897304025
 20
-0.0241429
 30
0.0
 40
0.0005
100
AcDbArc
 50
90.0
 51
180.0
  0
LINE
  5
10000BAF
102
{ACAD_XDICTIONARY
360
10000BB0
102
}
330
1F
100
AcDbEntity
  8
VISIBLE
100
AcDbLine
 10
-0.0897304025
 20
-0.0236429
 30
0.0
 11
-0.0767304025
 21
-0.0236429
 31
0.0
  0
ARC
  5
10000BB3
102
{ACAD_XDICTIONARY
360
10000BB4
102
}
330
1F
100
AcDbEntity
  8
VISIBLE
100
AcDbCircle
 10
-0.0767304025
 20
-0.0241429
 30
0.0
 40
0.0005
100
AcDbArc
 50
0.0
 51
90.0
  0
LINE
  5
10000BB9
102
{ACAD_XDICTIONARY
360
10000BBA
102
}
330
1F
100
AcDbEntity
  8
VISIBLE
100
AcDbLine
 10
-0.0762304025
 20
-0.0241429
 30
0.0
 11
-0.0762304025
 21
-0.0371429
 31
0.0
  0
ARC
  5
10000BBD
102
{ACAD_XDICTIONARY
360
10000BBE
102
}
330
1F
100
AcDbEntity
  8
VISIBLE
100
AcDbCircle
 10
-0.0767304025
 20
-0.0371429
 30
0.0
 40
0.0005
100
AcDbArc
 50
270.0
 51
0.0
  0
LINE
  5
10000BC3
102
{ACAD_XDICTIONARY
360
10000BC4
102
}
330
1F
100
AcDbEntity
  8
VISIBLE
100
AcDbLine
 10
-0.0897304025
 20
-0.0376429
 30
0.0
 11
-0.0767304025
 21
-0.0376429
 31
0.0
  0
ARC
  5
10000BC7
102
{ACAD_XDICTIONARY
360
10000BC8
102
}
330
1F
100
AcDbEntity
  8
VISIBLE
100
AcDbCircle
 10
-0.0897304025
 20
-0.0371429
 30
0.0
 40
0.0005
100
AcDbArc
 50
180.0
 51
270.0
  0
LINE
  5
10000BCD
102
{ACAD_XDICTIONARY
360
10000BCE
102
}
330
1F
100
AcDbEntity
  8
VISIBLE
100
AcDbLine
 10
-0.0902304025
 20
-0.0241429
 30
0.0
 11
-0.0902304025
 21
-0.0371429
 31
0.0
  0
ARC
  5
10000BD1
102
{ACAD_XDICTIONARY
360
10000BD2
102
}
330
1F
100
AcDbEntity
  8
VISIBLE
100
AcDbCircle
 10
-0.0706804025
 20
-0.0241429
 30
0.0
 40
0.0005
100
AcDbArc
 50
90.0
 51
180.0
  0
LINE
  5
10000BD7
102
{ACAD_XDICTIONARY
360
10000BD8
102
}
330
1F
100
AcDbEntity
  8
VISIBLE
100
AcDbLine
 10
-0.0706804025
 20
-0.0236429
 30
0.0
 11
-0.0576804025
 21
-0.0236429
 31
0.0
  0
ARC
  5
10000BDB
102
{ACAD_XDICTIONARY
360
10000BDC
102
}
330
1F
100
AcDbEntity
  8
VISIBLE
100
AcDbCircle
 10
-0.0576804025
 20
-0.0241429
 30
0.0
 40
0.0005
100
AcDbArc
 50
0.0
 51
90.0
  0
LINE
  5
10000BE1
102
{ACAD_XDICTIONARY
360
10000BE2
102
}
330
1F
100
AcDbEntity
  8
VISIBLE
100
AcDbLine
 10
-0.0571804025
 20
-0.0241429
 30
0.0
 11
-0.0571804025
 21
-0.0371429
 31
0.0
  0
ARC
  5
10000BE5
102
{ACAD_XDICTIONARY
360
10000BE6
102
}
330
1F
100
AcDbEntity
  8
VISIBLE
100
AcDbCircle
 10
-0.0576804025
 20
-0.0371429
 30
0.0
 40
0.0005
100
AcDbArc
 50
270.0
 51
0.0
  0
LINE
  5
10000BEB
102
{ACAD_XDICTIONARY
360
10000BEC
102
}
330
1F
100
AcDbEntity
  8
VISIBLE
100
AcDbLine
 10
-0.0706804025
 20
-0.0376429
 30
0.0
 11
-0.0576804025
 21
-0.0376429
 31
0.0
  0
ARC
  5
10000BEF
102
{ACAD_XDICTIONARY
360
10000BF0
102
}
330
1F
100
AcDbEntity
  8
VISIBLE
100
AcDbCircle
 10
-0.0706804025
 20
-0.0371429
 30
0.0
 40
0.0005
100
AcDbArc
 50
180.0
 51
270.0
  0
LINE
  5
10000BF5
102
{ACAD_XDICTIONARY
360
10000BF6
102
}
330
1F
100
AcDbEntity
  8
VISIBLE
100
AcDbLine
 10
-0.0711804025
 20
-0.0241429
 30
0.0
 11
-0.0711804025
 21
-0.0371429
 31
0.0
  0
ARC
  5
10000BF9
102
{ACAD_XDICTIONARY
360
10000BFA
102
}
330
1F
100
AcDbEntity
  8
VISIBLE
100
AcDbCircle
 10
-0.0516304025
 20
-0.0241429
 30
0.0
 40
0.0005
100
AcDbArc
 50
90.0
 51
179.9999999999988
  0
LINE
  5
10000BFF
102
{ACAD_XDICTIONARY
360
10000C00
102
}
330
1F
100
AcDbEntity
  8
VISIBLE
100
AcDbLine
 10
-0.0516304025
 20
-0.0236429
 30
0.0
 11
-0.0386304025
 21
-0.0236429
 31
0.0
  0
ARC
  5
10000C03
102
{ACAD_XDICTIONARY
360
10000C04
102
}
330
1F
100
AcDbEntity
  8
VISIBLE
100
AcDbCircle
 10
-0.0386304025
 20
-0.0241429
 30
0.0
 40
0.0005
100
AcDbArc
 50
0.0
 51
90.0
  0
LINE
  5
10000C09
102
{ACAD_XDICTIONARY
360
10000C0A
102
}
330
1F
100
AcDbEntity
  8
VISIBLE
100
AcDbLine
 10
-0.0381304025
 20
-0.0241429
 30
0.0
 11
-0.0381304025
 21
-0.0371429
 31
0.0
  0
ARC
  5
10000C0D
102
{ACAD_XDICTIONARY
360
10000C0E
102
}
330
1F
100
AcDbEntity
  8
VISIBLE
100
AcDbCircle
 10
-0.0386304025
 20
-0.0371429
 30
0.0
 40
0.0005
100
AcDbArc
 50
270.0
 51
0.0
  0
LINE
  5
10000C13
102
{ACAD_XDICTIONARY
360
10000C14
102
}
330
1F
100
AcDbEntity
  8
VISIBLE
100
AcDbLine
 10
-0.0516304025
 20
-0.0376429
 30
0.0
 11
-0.0386304025
 21
-0.0376429
 31
0.0
  0
ARC
  5
10000C17
102
{ACAD_XDICTIONARY
360
10000C18
102
}
330
1F
100
AcDbEntity
  8
VISIBLE
100
AcDbCircle
 10
-0.0516304025
 20
-0.0371429
 30
0.0
 40
0.0005
100
AcDbArc
 50
180.0000000000016
 51
270.0
  0
LINE
  5
10000C1D
102
{ACAD_XDICTIONARY
360
10000C1E
102
}
330
1F
100
AcDbEntity
  8
VISIBLE
100
AcDbLine
 10
-0.0521304025
 20
-0.0241429
 30
0.0
 11
-0.0521304025
 21
-0.0371429
 31
0.0
  0
ARC
  5
10000C21
102
{ACAD_XDICTIONARY
360
10000C22
102
}
330
1F
100
AcDbEntity
  8
VISIBLE
100
AcDbCircle
 10
-0.0325804025
 20
-0.0241429
 30
0.0
 40
0.0005
100
AcDbArc
 50
90.0
 51
180.0
  0
LINE
  5
10000C27
102
{ACAD_XDICTIONARY
360
10000C28
102
}
330
1F
100
AcDbEntity
  8
VISIBLE
100
AcDbLine
 10
-0.0325804025
 20
-0.0236429
 30
0.0
 11
-0.0195804025
 21
-0.0236429
 31
0.0
  0
ARC
  5
10000C2B
102
{ACAD_XDICTIONARY
360
10000C2C
102
}
330
1F
100
AcDbEntity
  8
VISIBLE
100
AcDbCircle
 10
-0.0195804025
 20
-0.0241429
 30
0.0
 40
0.0005
100
AcDbArc
 50
0.0
 51
90.0
  0
LINE
  5
10000C31
102
{ACAD_XDICTIONARY
360
10000C32
102
}
330
1F
100
AcDbEntity
  8
VISIBLE
100
AcDbLine
 10
-0.0190804025
 20
-0.0241429
 30
0.0
 11
-0.0190804025
 21
-0.0371429
 31
0.0
  0
ARC
  5
10000C35
102
{ACAD_XDICTIONARY
360
10000C36
102
}
330
1F
100
AcDbEntity
  8
VISIBLE
100
AcDbCircle
 10
-0.0195804025
 20
-0.0371429
 30
0.0
 40
0.0005
100
AcDbArc
 50
270.0
 51
0.0
  0
LINE
  5
10000C3B
102
{ACAD_XDICTIONARY
360
10000C3C
102
}
330
1F
100
AcDbEntity
  8
VISIBLE
100
AcDbLine
 10
-0.0325804025
 20
-0.0376429
 30
0.0
 11
-0.0195804025
 21
-0.0376429
 31
0.0
  0
ARC
  5
10000C3F
102
{ACAD_XDICTIONARY
360
10000C40
102
}
330
1F
100
AcDbEntity
  8
VISIBLE
100
AcDbCircle
 10
-0.0325804025
 20
-0.0371429
 30
0.0
 40
0.0005
100
AcDbArc
 50
180.0
 51
270.0
  0
LINE
  5
10000C45
102
{ACAD_XDICTIONARY
360
10000C46
102
}
330
1F
100
AcDbEntity
  8
VISIBLE
100
AcDbLine
 10
-0.0330804025
 20
-0.0241429
 30
0.0
 11
-0.0330804025
 21
-0.0371429
 31
0.0
  0
ARC
  5
10000C49
102
{ACAD_XDICTIONARY
360
10000C4A
102
}
330
1F
100
AcDbEntity
  8
VISIBLE
100
AcDbCircle
 10
-0.0135304025
 20
-0.0241429
 30
0.0
 40
0.0005
100
AcDbArc
 50
90.0
 51
180.0
  0
LINE
  5
10000C4F
102
{ACAD_XDICTIONARY
360
10000C50
102
}
330
1F
100
AcDbEntity
  8
VISIBLE
100
AcDbLine
 10
-0.0135304025
 20
-0.0236429
 30
0.0
 11
-0.0005304025
 21
-0.0236429
 31
0.0
  0
ARC
  5
10000C53
102
{ACAD_XDICTIONARY
360
10000C54
102
}
330
1F
100
AcDbEntity
  8
VISIBLE
100
AcDbCircle
 10
-0.0005304025
 20
-0.0241429
 30
0.0
 40
0.0005
100
AcDbArc
 50
0.0
 51
90.0
  0
LINE
  5
10000C59
102
{ACAD_XDICTIONARY
360
10000C5A
102
}
330
1F
100
AcDbEntity
  8
VISIBLE
100
AcDbLine
 10
-0.0000304025
 20
-0.0241429
 30
0.0
 11
-0.0000304025
 21
-0.0371429
 31
0.0
  0
ARC
  5
10000C5D
102
{ACAD_XDICTIONARY
360
10000C5E
102
}
330
1F
100
AcDbEntity
  8
VISIBLE
100
AcDbCircle
 10
-0.0005304025
 20
-0.0371429
 30
0.0
 40
0.0005
100
AcDbArc
 50
270.0
 51
0.0
  0
LINE
  5
10000C63
102
{ACAD_XDICTIONARY
360
10000C64
102
}
330
1F
100
AcDbEntity
  8
VISIBLE
100
AcDbLine
 10
-0.0135304025
 20
-0.0376429
 30
0.0
 11
-0.0005304025
 21
-0.0376429
 31
0.0
  0
ARC
  5
10000C67
102
{ACAD_XDICTIONARY
360
10000C68
102
}
330
1F
100
AcDbEntity
  8
VISIBLE
100
AcDbCircle
 10
-0.0135304025
 20
-0.0371429
 30
0.0
 40
0.0005
100
AcDbArc
 50
180.0
 51
270.0
  0
LINE
  5
10000C6D
102
{ACAD_XDICTIONARY
360
10000C6E
102
}
330
1F
100
AcDbEntity
  8
VISIBLE
100
AcDbLine
 10
-0.0140304025
 20
-0.0241429
 30
0.0
 11
-0.0140304025
 21
-0.0371429
 31
0.0
  0
ARC
  5
10000C71
102
{ACAD_XDICTIONARY
360
10000C72
102
}
330
1F
100
AcDbEntity
  8
VISIBLE
100
AcDbCircle
 10
0.0055195975
 20
-0.0241429
 30
0.0
 40
0.0005
100
AcDbArc
 50
90.0
 51
180.0
  0
LINE
  5
10000C77
102
{ACAD_XDICTIONARY
360
10000C78
102
}
330
1F
100
AcDbEntity
  8
VISIBLE
100
AcDbLine
 10
0.0055195975
 20
-0.0236429
 30
0.0
 11
0.0185195975
 21
-0.0236429
 31
0.0
  0
ARC
  5
10000C7B
102
{ACAD_XDICTIONARY
360
10000C7C
102
}
330
1F
100
AcDbEntity
  8
VISIBLE
100
AcDbCircle
 10
0.0185195975
 20
-0.0241429
 30
0.0
 40
0.0005
100
AcDbArc
 50
0.0
 51
90.0
  0
LINE
  5
10000C81
102
{ACAD_XDICTIONARY
360
10000C82
102
}
330
1F
100
AcDbEntity
  8
VISIBLE
100
AcDbLine
 10
0.0190195975
 20
-0.0241429
 30
0.0
 11
0.0190195975
 21
-0.0371429
 31
0.0
  0
ARC
  5
10000C85
102
{ACAD_XDICTIONARY
360
10000C86
102
}
330
1F
100
AcDbEntity
  8
VISIBLE
100
AcDbCircle
 10
0.0185195975
 20
-0.0371429
 30
0.0
 40
0.0005
100
AcDbArc
 50
270.0
 51
0.0
  0
LINE
  5
10000C8B
102
{ACAD_XDICTIONARY
360
10000C8C
102
}
330
1F
100
AcDbEntity
  8
VISIBLE
100
AcDbLine
 10
0.0055195975
 20
-0.0376429
 30
0.0
 11
0.0185195975
 21
-0.0376429
 31
0.0
  0
ARC
  5
10000C8F
102
{ACAD_XDICTIONARY
360
10000C90
102
}
330
1F
100
AcDbEntity
  8
VISIBLE
100
AcDbCircle
 10
0.0055195975
 20
-0.0371429
 30
0.0
 40
0.0005
100
AcDbArc
 50
180.0
 51
270.0
  0
LINE
  5
10000C95
102
{ACAD_XDICTIONARY
360
10000C96
102
}
330
1F
100
AcDbEntity
  8
VISIBLE
100
AcDbLine
 10
0.0050195975
 20
-0.0241429
 30
0.0
 11
0.0050195975
 21
-0.0371429
 31
0.0
  0
ARC
  5
10000C99
102
{ACAD_XDICTIONARY
360
10000C9A
102
}
330
1F
100
AcDbEntity
  8
VISIBLE
100
AcDbCircle
 10
0.0245695975
 20
-0.0241429
 30
0.0
 40
0.0005
100
AcDbArc
 50
90.0
 51
180.0
  0
LINE
  5
10000C9F
102
{ACAD_XDICTIONARY
360
10000CA0
102
}
330
1F
100
AcDbEntity
  8
VISIBLE
100
AcDbLine
 10
0.0245695975
 20
-0.0236429
 30
0.0
 11
0.0375695975
 21
-0.0236429
 31
0.0
  0
ARC
  5
10000CA3
102
{ACAD_XDICTIONARY
360
10000CA4
102
}
330
1F
100
AcDbEntity
  8
VISIBLE
100
AcDbCircle
 10
0.0375695975
 20
-0.0241429
 30
0.0
 40
0.0005
100
AcDbArc
 50
0.0
 51
90.0
  0
LINE
  5
10000CA9
102
{ACAD_XDICTIONARY
360
10000CAA
102
}
330
1F
100
AcDbEntity
  8
VISIBLE
100
AcDbLine
 10
0.0380695975
 20
-0.0241429
 30
0.0
 11
0.0380695975
 21
-0.0371429
 31
0.0
  0
ARC
  5
10000CAD
102
{ACAD_XDICTIONARY
360
10000CAE
102
}
330
1F
100
AcDbEntity
  8
VISIBLE
100
AcDbCircle
 10
0.0375695975
 20
-0.0371429
 30
0.0
 40
0.0005
100
AcDbArc
 50
270.0
 51
0.0
  0
LINE
  5
10000CB3
102
{ACAD_XDICTIONARY
360
10000CB4
102
}
330
1F
100
AcDbEntity
  8
VISIBLE
100
AcDbLine
 10
0.0245695975
 20
-0.0376429
 30
0.0
 11
0.0375695975
 21
-0.0376429
 31
0.0
  0
ARC
  5
10000CB7
102
{ACAD_XDICTIONARY
360
10000CB8
102
}
330
1F
100
AcDbEntity
  8
VISIBLE
100
AcDbCircle
 10
0.0245695975
 20
-0.0371429
 30
0.0
 40
0.0005
100
AcDbArc
 50
180.0
 51
270.0
  0
LINE
  5
10000CBD
102
{ACAD_XDICTIONARY
360
10000CBE
102
}
330
1F
100
AcDbEntity
  8
VISIBLE
100
AcDbLine
 10
0.0240695975
 20
-0.0241429
 30
0.0
 11
0.0240695975
 21
-0.0371429
 31
0.0
  0
ARC
  5
10000CC1
102
{ACAD_XDICTIONARY
360
10000CC2
102
}
330
1F
100
AcDbEntity
  8
VISIBLE
100
AcDbCircle
 10
0.0436195975
 20
-0.0241429
 30
0.0
 40
0.0005
100
AcDbArc
 50
90.0
 51
180.0000000000012
  0
LINE
  5
10000CC7
102
{ACAD_XDICTIONARY
360
10000CC8
102
}
330
1F
100
AcDbEntity
  8
VISIBLE
100
AcDbLine
 10
0.0436195975
 20
-0.0236429
 30
0.0
 11
0.0566195975
 21
-0.0236429
 31
0.0
  0
ARC
  5
10000CCB
102
{ACAD_XDICTIONARY
360
10000CCC
102
}
330
1F
100
AcDbEntity
  8
VISIBLE
100
AcDbCircle
 10
0.0566195975
 20
-0.0241429
 30
0.0
 40
0.0005
100
AcDbArc
 50
0.0
 51
90.0
  0
LINE
  5
10000CD1
102
{ACAD_XDICTIONARY
360
10000CD2
102
}
330
1F
100
AcDbEntity
  8
VISIBLE
100
AcDbLine
 10
0.0571195975
 20
-0.0241429
 30
0.0
 11
0.0571195975
 21
-0.0371429
 31
0.0
  0
ARC
  5
10000CD5
102
{ACAD_XDICTIONARY
360
10000CD6
102
}
330
1F
100
AcDbEntity
  8
VISIBLE
100
AcDbCircle
 10
0.0566195975
 20
-0.0371429
 30
0.0
 40
0.0005
100
AcDbArc
 50
270.0
 51
0.0
  0
LINE
  5
10000CDB
102
{ACAD_XDICTIONARY
360
10000CDC
102
}
330
1F
100
AcDbEntity
  8
VISIBLE
100
AcDbLine
 10
0.0436195975
 20
-0.0376429
 30
0.0
 11
0.0566195975
 21
-0.0376429
 31
0.0
  0
ARC
  5
10000CDF
102
{ACAD_XDICTIONARY
360
10000CE0
102
}
330
1F
100
AcDbEntity
  8
VISIBLE
100
AcDbCircle
 10
0.0436195975
 20
-0.0371429
 30
0.0
 40
0.0005
100
AcDbArc
 50
179.9999999999984
 51
270.0
  0
LINE
  5
10000CE5
102
{ACAD_XDICTIONARY
360
10000CE6
102
}
330
1F
100
AcDbEntity
  8
VISIBLE
100
AcDbLine
 10
0.0431195975
 20
-0.0241429
 30
0.0
 11
0.0431195975
 21
-0.0371429
 31
0.0
  0
ARC
  5
10000CE9
102
{ACAD_XDICTIONARY
360
10000CEA
102
}
330
1F
100
AcDbEntity
  8
VISIBLE
100
AcDbCircle
 10
0.0793383475
 20
-0.0241429
 30
0.0
 40
0.0005
100
AcDbArc
 50
90.0
 51
180.0
  0
LINE
  5
10000CEF
102
{ACAD_XDICTIONARY
360
10000CF0
102
}
330
1F
100
AcDbEntity
  8
VISIBLE
100
AcDbLine
 10
0.0793383475
 20
-0.0236429
 30
0.0
 11
0.0923383475
 21
-0.0236429
 31
0.0
  0
ARC
  5
10000CF3
102
{ACAD_XDICTIONARY
360
10000CF4
102
}
330
1F
100
AcDbEntity
  8
VISIBLE
100
AcDbCircle
 10
0.0923383475
 20
-0.0241429
 30
0.0
 40
0.0005
100
AcDbArc
 50
0.0
 51
90.0
  0
LINE
  5
10000CF9
102
{ACAD_XDICTIONARY
360
10000CFA
102
}
330
1F
100
AcDbEntity
  8
VISIBLE
100
AcDbLine
 10
0.0928383475
 20
-0.0241429
 30
0.0
 11
0.0928383475
 21
-0.0371429
 31
0.0
  0
ARC
  5
10000CFD
102
{ACAD_XDICTIONARY
360
10000CFE
102
}
330
1F
100
AcDbEntity
  8
VISIBLE
100
AcDbCircle
 10
0.0923383475
 20
-0.0371429
 30
0.0
 40
0.0005
100
AcDbArc
 50
270.0
 51
0.0
  0
LINE
  5
10000D03
102
{ACAD_XDICTIONARY
360
10000D04
102
}
330
1F
100
AcDbEntity
  8
VISIBLE
100
AcDbLine
 10
0.0793383475
 20
-0.0376429
 30
0.0
 11
0.0923383475
 21
-0.0376429
 31
0.0
  0
ARC
  5
10000D07
102
{ACAD_XDICTIONARY
360
10000D08
102
}
330
1F
100
AcDbEntity
  8
VISIBLE
100
AcDbCircle
 10
0.0793383475
 20
-0.0371429
 30
0.0
 40
0.0005
100
AcDbArc
 50
180.0
 51
270.0
  0
LINE
  5
10000D0D
102
{ACAD_XDICTIONARY
360
10000D0E
102
}
330
1F
100
AcDbEntity
  8
VISIBLE
100
AcDbLine
 10
0.0788383475
 20
-0.0241429
 30
0.0
 11
0.0788383475
 21
-0.0371429
 31
0.0
  0
ARC
  5
10000D11
102
{ACAD_XDICTIONARY
360
10000D12
102
}
330
1F
100
AcDbEntity
  8
VISIBLE
100
AcDbCircle
 10
0.0709003475
 20
-0.0251429
 30
0.0
 40
0.0005
100
AcDbArc
 50
90.0
 51
180.0
  0
LINE
  5
10000D17
102
{ACAD_XDICTIONARY
360
10000D18
102
}
330
1F
100
AcDbEntity
  8
VISIBLE
100
AcDbLine
 10
0.0709003475
 20
-0.0246429
 30
0.0
 11
0.0769003475
 21
-0.0246429
 31
0.0
  0
ARC
  5
10000D1B
102
{ACAD_XDICTIONARY
360
10000D1C
102
}
330
1F
100
AcDbEntity
  8
VISIBLE
100
AcDbCircle
 10
0.0769003475
 20
-0.0251429
 30
0.0
 40
0.0005
100
AcDbArc
 50
0.0
 51
90.0
  0
LINE
  5
10000D21
102
{ACAD_XDICTIONARY
360
10000D22
102
}
330
1F
100
AcDbEntity
  8
VISIBLE
100
AcDbLine
 10
0.0774003475
 20
-0.0251429
 30
0.0
 11
0.0774003475
 21
-0.0391429
 31
0.0
  0
ARC
  5
10000D25
102
{ACAD_XDICTIONARY
360
10000D26
102
}
330
1F
100
AcDbEntity
  8
VISIBLE
100
AcDbCircle
 10
0.0769003475
 20
-0.0391429
 30
0.0
 40
0.0005
100
AcDbArc
 50
270.0000000000015
 51
0.0
  0
LINE
  5
10000D2B
102
{ACAD_XDICTIONARY
360
10000D2C
102
}
330
1F
100
AcDbEntity
  8
VISIBLE
100
AcDbLine
 10
0.0709003475
 20
-0.0396429
 30
0.0
 11
0.0769003475
 21
-0.0396429
 31
0.0
  0
ARC
  5
10000D2F
102
{ACAD_XDICTIONARY
360
10000D30
102
}
330
1F
100
AcDbEntity
  8
VISIBLE
100
AcDbCircle
 10
0.0709003475
 20
-0.0391429
 30
0.0
 40
0.0005
100
AcDbArc
 50
180.0
 51
269.9999999999985
  0
LINE
  5
10000D35
102
{ACAD_XDICTIONARY
360
10000D36
102
}
330
1F
100
AcDbEntity
  8
VISIBLE
100
AcDbLine
 10
0.0704003475
 20
-0.0251429
 30
0.0
 11
0.0704003475
 21
-0.0391429
 31
0.0
  0
ARC
  5
10000D39
102
{ACAD_XDICTIONARY
360
10000D3A
102
}
330
1F
100
AcDbEntity
  8
VISIBLE
100
AcDbCircle
 10
0.0947763475
 20
-0.0251429
 30
0.0
 40
0.0005
100
AcDbArc
 50
90.0
 51
180.0
  0
LINE
  5
10000D3F
102
{ACAD_XDICTIONARY
360
10000D40
102
}
330
1F
100
AcDbEntity
  8
VISIBLE
100
AcDbLine
 10
0.0947763475
 20
-0.0246429
 30
0.0
 11
0.1007763475
 21
-0.0246429
 31
0.0
  0
ARC
  5
10000D43
102
{ACAD_XDICTIONARY
360
10000D44
102
}
330
1F
100
AcDbEntity
  8
VISIBLE
100
AcDbCircle
 10
0.1007763475
 20
-0.0251429
 30
0.0
 40
0.0005
100
AcDbArc
 50
0.0
 51
90.0
  0
LINE
  5
10000D49
102
{ACAD_XDICTIONARY
360
10000D4A
102
}
330
1F
100
AcDbEntity
  8
VISIBLE
100
AcDbLine
 10
0.1012763475
 20
-0.0251429
 30
0.0
 11
0.1012763475
 21
-0.0391429
 31
0.0
  0
ARC
  5
10000D4D
102
{ACAD_XDICTIONARY
360
10000D4E
102
}
330
1F
100
AcDbEntity
  8
VISIBLE
100
AcDbCircle
 10
0.1007763475
 20
-0.0391429
 30
0.0
 40
0.0005
100
AcDbArc
 50
270.0000000000015
 51
0.0
  0
LINE
  5
10000D53
102
{ACAD_XDICTIONARY
360
10000D54
102
}
330
1F
100
AcDbEntity
  8
VISIBLE
100
AcDbLine
 10
0.0947763475
 20
-0.0396429
 30
0.0
 11
0.1007763475
 21
-0.0396429
 31
0.0
  0
ARC
  5
10000D57
102
{ACAD_XDICTIONARY
360
10000D58
102
}
330
1F
100
AcDbEntity
  8
VISIBLE
100
AcDbCircle
 10
0.0947763475
 20
-0.0391429
 30
0.0
 40
0.0005
100
AcDbArc
 50
180.0
 51
269.9999999999985
  0
LINE
  5
10000D5D
102
{ACAD_XDICTIONARY
360
10000D5E
102
}
330
1F
100
AcDbEntity
  8
VISIBLE
100
AcDbLine
 10
0.0942763475
 20
-0.0251429
 30
0.0
 11
0.0942763475
 21
-0.0391429
 31
0.0
  0
ARC
  5
10000D61
102
{ACAD_XDICTIONARY
360
10000D62
102
}
330
1F
100
AcDbEntity
  8
VISIBLE
100
AcDbCircle
 10
0.1386429025
 20
-0.0241429
 30
0.0
 40
0.0005
100
AcDbArc
 50
90.0
 51
180.0
  0
LINE
  5
10000D67
102
{ACAD_XDICTIONARY
360
10000D68
102
}
330
1F
100
AcDbEntity
  8
VISIBLE
100
AcDbLine
 10
0.1386429025
 20
-0.0236429
 30
0.0
 11
0.1516429025
 21
-0.0236429
 31
0.0
  0
ARC
  5
10000D6B
102
{ACAD_XDICTIONARY
360
10000D6C
102
}
330
1F
100
AcDbEntity
  8
VISIBLE
100
AcDbCircle
 10
0.1516429025
 20
-0.0241429
 30
0.0
 40
0.0005
100
AcDbArc
 50
0.0
 51
90.0
  0
LINE
  5
10000D71
102
{ACAD_XDICTIONARY
360
10000D72
102
}
330
1F
100
AcDbEntity
  8
VISIBLE
100
AcDbLine
 10
0.1521429025
 20
-0.0241429
 30
0.0
 11
0.1521429025
 21
-0.0371429
 31
0.0
  0
ARC
  5
10000D75
102
{ACAD_XDICTIONARY
360
10000D76
102
}
330
1F
100
AcDbEntity
  8
VISIBLE
100
AcDbCircle
 10
0.1516429025
 20
-0.0371429
 30
0.0
 40
0.0005
100
AcDbArc
 50
270.0
 51
0.0
  0
LINE
  5
10000D7B
102
{ACAD_XDICTIONARY
360
10000D7C
102
}
330
1F
100
AcDbEntity
  8
VISIBLE
100
AcDbLine
 10
0.1386429025
 20
-0.0376429
 30
0.0
 11
0.1516429025
 21
-0.0376429
 31
0.0
  0
ARC
  5
10000D7F
102
{ACAD_XDICTIONARY
360
10000D80
102
}
330
1F
100
AcDbEntity
  8
VISIBLE
100
AcDbCircle
 10
0.1386429025
 20
-0.0371429
 30
0.0
 40
0.0005
100
AcDbArc
 50
180.0
 51
270.0
  0
LINE
  5
10000D85
102
{ACAD_XDICTIONARY
360
10000D86
102
}
330
1F
100
AcDbEntity
  8
VISIBLE
100
AcDbLine
 10
0.1381429025
 20
-0.0241429
 30
0.0
 11
0.1381429025
 21
-0.0371429
 31
0.0
  0
ARC
  5
10000D89
102
{ACAD_XDICTIONARY
360
10000D8A
102
}
330
1F
100
AcDbEntity
  8
VISIBLE
100
AcDbCircle
 10
-0.1683116525
 20
-0.0431929
 30
0.0
 40
0.0005
100
AcDbArc
 50
90.0
 51
180.0
  0
LINE
  5
10000D8F
102
{ACAD_XDICTIONARY
360
10000D90
102
}
330
1F
100
AcDbEntity
  8
VISIBLE
100
AcDbLine
 10
-0.1683116525
 20
-0.0426929
 30
0.0
 11
-0.1553116525
 21
-0.0426929
 31
0.0
  0
ARC
  5
10000D93
102
{ACAD_XDICTIONARY
360
10000D94
102
}
330
1F
100
AcDbEntity
  8
VISIBLE
100
AcDbCircle
 10
-0.1553116525
 20
-0.0431929
 30
0.0
 40
0.0005
100
AcDbArc
 50
0.0
 51
90.0
  0
LINE
  5
10000D99
102
{ACAD_XDICTIONARY
360
10000D9A
102
}
330
1F
100
AcDbEntity
  8
VISIBLE
100
AcDbLine
 10
-0.1548116525
 20
-0.0431929
 30
0.0
 11
-0.1548116525
 21
-0.0561929
 31
0.0
  0
ARC
  5
10000D9D
102
{ACAD_XDICTIONARY
360
10000D9E
102
}
330
1F
100
AcDbEntity
  8
VISIBLE
100
AcDbCircle
 10
-0.1553116525
 20
-0.0561929000000001
 30
0.0
 40
0.0005
100
AcDbArc
 50
270.0
 51
0.0
  0
LINE
  5
10000DA3
102
{ACAD_XDICTIONARY
360
10000DA4
102
}
330
1F
100
AcDbEntity
  8
VISIBLE
100
AcDbLine
 10
-0.1683116525
 20
-0.0566929
 30
0.0
 11
-0.1553116525
 21
-0.0566929
 31
0.0
  0
ARC
  5
10000DA7
102
{ACAD_XDICTIONARY
360
10000DA8
102
}
330
1F
100
AcDbEntity
  8
VISIBLE
100
AcDbCircle
 10
-0.1683116525
 20
-0.0561929
 30
0.0
 40
0.0005
100
AcDbArc
 50
180.0
 51
270.0
  0
LINE
  5
10000DAD
102
{ACAD_XDICTIONARY
360
10000DAE
102
}
330
1F
100
AcDbEntity
  8
VISIBLE
100
AcDbLine
 10
-0.1688116525
 20
-0.0431929
 30
0.0
 11
-0.1688116525
 21
-0.0561929
 31
0.0
  0
ARC
  5
10000DB1
102
{ACAD_XDICTIONARY
360
10000DB2
102
}
330
1F
100
AcDbEntity
  8
VISIBLE
100
AcDbCircle
 10
-0.1444991525
 20
-0.0431929
 30
0.0
 40
0.0005
100
AcDbArc
 50
90.0
 51
180.0
  0
LINE
  5
10000DB7
102
{ACAD_XDICTIONARY
360
10000DB8
102
}
330
1F
100
AcDbEntity
  8
VISIBLE
100
AcDbLine
 10
-0.1444991525
 20
-0.0426929
 30
0.0
 11
-0.1314991525
 21
-0.0426929
 31
0.0
  0
ARC
  5
10000DBB
102
{ACAD_XDICTIONARY
360
10000DBC
102
}
330
1F
100
AcDbEntity
  8
VISIBLE
100
AcDbCircle
 10
-0.1314991525
 20
-0.0431929
 30
0.0
 40
0.0005
100
AcDbArc
 50
0.0
 51
90.0
  0
LINE
  5
10000DC1
102
{ACAD_XDICTIONARY
360
10000DC2
102
}
330
1F
100
AcDbEntity
  8
VISIBLE
100
AcDbLine
 10
-0.1309991525
 20
-0.0431929
 30
0.0
 11
-0.1309991525
 21
-0.0561929
 31
0.0
  0
ARC
  5
10000DC5
102
{ACAD_XDICTIONARY
360
10000DC6
102
}
330
1F
100
AcDbEntity
  8
VISIBLE
100
AcDbCircle
 10
-0.1314991525
 20
-0.0561929
 30
0.0
 40
0.0005
100
AcDbArc
 50
270.0
 51
0.0
  0
LINE
  5
10000DCB
102
{ACAD_XDICTIONARY
360
10000DCC
102
}
330
1F
100
AcDbEntity
  8
VISIBLE
100
AcDbLine
 10
-0.1444991525
 20
-0.0566929
 30
0.0
 11
-0.1314991525
 21
-0.0566929
 31
0.0
  0
ARC
  5
10000DCF
102
{ACAD_XDICTIONARY
360
10000DD0
102
}
330
1F
100
AcDbEntity
  8
VISIBLE
100
AcDbCircle
 10
-0.1444991525
 20
-0.0561929
 30
0.0
 40
0.0005
100
AcDbArc
 50
180.0
 51
270.0
  0
LINE
  5
10000DD5
102
{ACAD_XDICTIONARY
360
10000DD6
102
}
330
1F
100
AcDbEntity
  8
VISIBLE
100
AcDbLine
 10
-0.1449991525
 20
-0.0431929
 30
0.0
 11
-0.1449991525
 21
-0.0561929
 31
0.0
  0
ARC
  5
10000DD9
102
{ACAD_XDICTIONARY
360
10000DDA
102
}
330
1F
100
AcDbEntity
  8
VISIBLE
100
AcDbCircle
 10
-0.1206866525
 20
-0.0431929
 30
0.0
 40
0.0005
100
AcDbArc
 50
90.0
 51
180.0
  0
LINE
  5
10000DDF
102
{ACAD_XDICTIONARY
360
10000DE0
102
}
330
1F
100
AcDbEntity
  8
VISIBLE
100
AcDbLine
 10
-0.1206866525
 20
-0.0426929
 30
0.0
 11
-0.1076866525
 21
-0.0426929
 31
0.0
  0
ARC
  5
10000DE3
102
{ACAD_XDICTIONARY
360
10000DE4
102
}
330
1F
100
AcDbEntity
  8
VISIBLE
100
AcDbCircle
 10
-0.1076866525
 20
-0.0431929
 30
0.0
 40
0.0005
100
AcDbArc
 50
0.0
 51
90.0
  0
LINE
  5
10000DE9
102
{ACAD_XDICTIONARY
360
10000DEA
102
}
330
1F
100
AcDbEntity
  8
VISIBLE
100
AcDbLine
 10
-0.1071866525
 20
-0.0431929
 30
0.0
 11
-0.1071866525
 21
-0.0561929
 31
0.0
  0
ARC
  5
10000DED
102
{ACAD_XDICTIONARY
360
10000DEE
102
}
330
1F
100
AcDbEntity
  8
VISIBLE
100
AcDbCircle
 10
-0.1076866525
 20
-0.0561929
 30
0.0
 40
0.0005
100
AcDbArc
 50
270.0
 51
0.0
  0
LINE
  5
10000DF3
102
{ACAD_XDICTIONARY
360
10000DF4
102
}
330
1F
100
AcDbEntity
  8
VISIBLE
100
AcDbLine
 10
-0.1206866525
 20
-0.0566929
 30
0.0
 11
-0.1076866525
 21
-0.0566929
 31
0.0
  0
ARC
  5
10000DF7
102
{ACAD_XDICTIONARY
360
10000DF8
102
}
330
1F
100
AcDbEntity
  8
VISIBLE
100
AcDbCircle
 10
-0.1206866525
 20
-0.0561929
 30
0.0
 40
0.0005
100
AcDbArc
 50
180.0
 51
270.0
  0
LINE
  5
10000DFD
102
{ACAD_XDICTIONARY
360
10000DFE
102
}
330
1F
100
AcDbEntity
  8
VISIBLE
100
AcDbLine
 10
-0.1211866525
 20
-0.0431929
 30
0.0
 11
-0.1211866525
 21
-0.0561929
 31
0.0
  0
ARC
  5
10000E01
102
{ACAD_XDICTIONARY
360
10000E02
102
}
330
1F
100
AcDbEntity
  8
VISIBLE
100
AcDbCircle
 10
-0.0968741525
 20
-0.0431929
 30
0.0
 40
0.0005
100
AcDbArc
 50
90.0
 51
180.0
  0
LINE
  5
10000E07
102
{ACAD_XDICTIONARY
360
10000E08
102
}
330
1F
100
AcDbEntity
  8
VISIBLE
100
AcDbLine
 10
-0.0968741525
 20
-0.0426929
 30
0.0
 11
-0.0838741525
 21
-0.0426929
 31
0.0
  0
ARC
  5
10000E0B
102
{ACAD_XDICTIONARY
360
10000E0C
102
}
330
1F
100
AcDbEntity
  8
VISIBLE
100
AcDbCircle
 10
-0.0838741525
 20
-0.0431929
 30
0.0
 40
0.0005
100
AcDbArc
 50
0.0
 51
90.0
  0
LINE
  5
10000E11
102
{ACAD_XDICTIONARY
360
10000E12
102
}
330
1F
100
AcDbEntity
  8
VISIBLE
100
AcDbLine
 10
-0.0833741525
 20
-0.0431929
 30
0.0
 11
-0.0833741525
 21
-0.0561929
 31
0.0
  0
ARC
  5
10000E15
102
{ACAD_XDICTIONARY
360
10000E16
102
}
330
1F
100
AcDbEntity
  8
VISIBLE
100
AcDbCircle
 10
-0.0838741525
 20
-0.0561929
 30
0.0
 40
0.0005
100
AcDbArc
 50
270.0
 51
0.0
  0
LINE
  5
10000E1B
102
{ACAD_XDICTIONARY
360
10000E1C
102
}
330
1F
100
AcDbEntity
  8
VISIBLE
100
AcDbLine
 10
-0.0968741525
 20
-0.0566929
 30
0.0
 11
-0.0838741525
 21
-0.0566929
 31
0.0
  0
ARC
  5
10000E1F
102
{ACAD_XDICTIONARY
360
10000E20
102
}
330
1F
100
AcDbEntity
  8
VISIBLE
100
AcDbCircle
 10
-0.0968741525
 20
-0.0561929
 30
0.0
 40
0.0005
100
AcDbArc
 50
180.0
 51
270.0
  0
LINE
  5
10000E25
102
{ACAD_XDICTIONARY
360
10000E26
102
}
330
1F
100
AcDbEntity
  8
VISIBLE
100
AcDbLine
 10
-0.0973741525
 20
-0.0431929
 30
0.0
 11
-0.0973741525
 21
-0.0561929
 31
0.0
  0
ARC
  5
10000E29
102
{ACAD_XDICTIONARY
360
10000E2A
102
}
330
1F
100
AcDbEntity
  8
VISIBLE
100
AcDbCircle
 10
-0.0254366525
 20
-0.0431929
 30
0.0
 40
0.0005
100
AcDbArc
 50
90.0
 51
180.0
  0
LINE
  5
10000E2F
102
{ACAD_XDICTIONARY
360
10000E30
102
}
330
1F
100
AcDbEntity
  8
VISIBLE
100
AcDbLine
 10
-0.0254366525
 20
-0.0426929
 30
0.0
 11
-0.0124366525
 21
-0.0426929
 31
0.0
  0
ARC
  5
10000E33
102
{ACAD_XDICTIONARY
360
10000E34
102
}
330
1F
100
AcDbEntity
  8
VISIBLE
100
AcDbCircle
 10
-0.0124366525
 20
-0.0431929
 30
0.0
 40
0.0005
100
AcDbArc
 50
0.0
 51
90.0
  0
LINE
  5
10000E39
102
{ACAD_XDICTIONARY
360
10000E3A
102
}
330
1F
100
AcDbEntity
  8
VISIBLE
100
AcDbLine
 10
-0.0119366525
 20
-0.0431929
 30
0.0
 11
-0.0119366525
 21
-0.0561929
 31
0.0
  0
ARC
  5
10000E3D
102
{ACAD_XDICTIONARY
360
10000E3E
102
}
330
1F
100
AcDbEntity
  8
VISIBLE
100
AcDbCircle
 10
-0.0124366525
 20
-0.0561929
 30
0.0
 40
0.0005
100
AcDbArc
 50
270.0
 51
0.0
  0
LINE
  5
10000E43
102
{ACAD_XDICTIONARY
360
10000E44
102
}
330
1F
100
AcDbEntity
  8
VISIBLE
100
AcDbLine
 10
-0.0254366525
 20
-0.0566929
 30
0.0
 11
-0.0124366525
 21
-0.0566929
 31
0.0
  0
ARC
  5
10000E47
102
{ACAD_XDICTIONARY
360
10000E48
102
}
330
1F
100
AcDbEntity
  8
VISIBLE
100
AcDbCircle
 10
-0.0254366525
 20
-0.0561929
 30
0.0
 40
0.0005
100
AcDbArc
 50
180.0
 51
270.0
  0
LINE
  5
10000E4D
102
{ACAD_XDICTIONARY
360
10000E4E
102
}
330
1F
100
AcDbEntity
  8
VISIBLE
100
AcDbLine
 10
-0.0259366525
 20
-0.0431929
 30
0.0
 11
-0.0259366525
 21
-0.0561929
 31
0.0
  0
ARC
  5
10000E51
102
{ACAD_XDICTIONARY
360
10000E52
102
}
330
1F
100
AcDbEntity
  8
VISIBLE
100
AcDbCircle
 10
-0.0719366525
 20
-0.0441929
 30
0.0
 40
0.0005
100
AcDbArc
 50
89.99999999999842
 51
180.0
  0
LINE
  5
10000E57
102
{ACAD_XDICTIONARY
360
10000E58
102
}
330
1F
100
AcDbEntity
  8
VISIBLE
100
AcDbLine
 10
-0.0719366525
 20
-0.0436929
 30
0.0
 11
-0.0659366525
 21
-0.0436929
 31
0.0
  0
ARC
  5
10000E5B
102
{ACAD_XDICTIONARY
360
10000E5C
102
}
330
1F
100
AcDbEntity
  8
VISIBLE
100
AcDbCircle
 10
-0.0659366525
 20
-0.0441929
 30
0.0
 40
0.0005
100
AcDbArc
 50
0.0
 51
90.00000000000158
  0
LINE
  5
10000E61
102
{ACAD_XDICTIONARY
360
10000E62
102
}
330
1F
100
AcDbEntity
  8
VISIBLE
100
AcDbLine
 10
-0.0654366525
 20
-0.0441929
 30
0.0
 11
-0.0654366525
 21
-0.0581929
 31
0.0
  0
ARC
  5
10000E65
102
{ACAD_XDICTIONARY
360
10000E66
102
}
330
1F
100
AcDbEntity
  8
VISIBLE
100
AcDbCircle
 10
-0.0659366525
 20
-0.0581929
 30
0.0
 40
0.0005
100
AcDbArc
 50
270.0000000000015
 51
0.0
  0
LINE
  5
10000E6B
102
{ACAD_XDICTIONARY
360
10000E6C
102
}
330
1F
100
AcDbEntity
  8
VISIBLE
100
AcDbLine
 10
-0.0719366525
 20
-0.0586929
 30
0.0
 11
-0.0659366525
 21
-0.0586929
 31
0.0
  0
ARC
  5
10000E6F
102
{ACAD_XDICTIONARY
360
10000E70
102
}
330
1F
100
AcDbEntity
  8
VISIBLE
100
AcDbCircle
 10
-0.0719366525
 20
-0.0581929
 30
0.0
 40
0.0005
100
AcDbArc
 50
180.0
 51
269.9999999999985
  0
LINE
  5
10000E75
102
{ACAD_XDICTIONARY
360
10000E76
102
}
330
1F
100
AcDbEntity
  8
VISIBLE
100
AcDbLine
 10
-0.0724366525
 20
-0.0441929
 30
0.0
 11
-0.0724366525
 21
-0.0581929
 31
0.0
  0
ARC
  5
10000E79
102
{ACAD_XDICTIONARY
360
10000E7A
102
}
330
1F
100
AcDbEntity
  8
VISIBLE
100
AcDbCircle
 10
0.0280633475
 20
-0.0441929
 30
0.0
 40
0.0005
100
AcDbArc
 50
89.99999999999883
 51
180.0000000000008
  0
LINE
  5
10000E7F
102
{ACAD_XDICTIONARY
360
10000E80
102
}
330
1F
100
AcDbEntity
  8
VISIBLE
100
AcDbLine
 10
0.0280633475
 20
-0.0436929
 30
0.0
 11
0.0340633475
 21
-0.0436929
 31
0.0
  0
ARC
  5
10000E83
102
{ACAD_XDICTIONARY
360
10000E84
102
}
330
1F
100
AcDbEntity
  8
VISIBLE
100
AcDbCircle
 10
0.0340633475
 20
-0.0441929
 30
0.0
 40
0.0005
100
AcDbArc
 50
0.0
 51
90.00000000000158
  0
LINE
  5
10000E89
102
{ACAD_XDICTIONARY
360
10000E8A
102
}
330
1F
100
AcDbEntity
  8
VISIBLE
100
AcDbLine
 10
0.0345633475
 20
-0.0441929
 30
0.0
 11
0.0345633475
 21
-0.0581929
 31
0.0
  0
ARC
  5
10000E8D
102
{ACAD_XDICTIONARY
360
10000E8E
102
}
330
1F
100
AcDbEntity
  8
VISIBLE
100
AcDbCircle
 10
0.0340633475
 20
-0.0581929
 30
0.0
 40
0.0005
100
AcDbArc
 50
270.0000000000015
 51
0.0
  0
LINE
  5
10000E93
102
{ACAD_XDICTIONARY
360
10000E94
102
}
330
1F
100
AcDbEntity
  8
VISIBLE
100
AcDbLine
 10
0.0280633475
 20
-0.0586929
 30
0.0
 11
0.0340633475
 21
-0.0586929
 31
0.0
  0
ARC
  5
10000E97
102
{ACAD_XDICTIONARY
360
10000E98
102
}
330
1F
100
AcDbEntity
  8
VISIBLE
100
AcDbCircle
 10
0.0280633475
 20
-0.0581929
 30
0.0
 40
0.0005
100
AcDbArc
 50
179.9999999999992
 51
269.9999999999987
  0
LINE
  5
10000E9D
102
{ACAD_XDICTIONARY
360
10000E9E
102
}
330
1F
100
AcDbEntity
  8
VISIBLE
100
AcDbLine
 10
0.0275633475
 20
-0.0441929
 30
0.0
 11
0.0275633475
 21
-0.0581929
 31
0.0
  0
ARC
  5
10000EA1
102
{ACAD_XDICTIONARY
360
10000EA2
102
}
330
1F
100
AcDbEntity
  8
VISIBLE
100
AcDbCircle
 10
0.0460008475
 20
-0.0431929
 30
0.0
 40
0.0005
100
AcDbArc
 50
90.0
 51
180.0
  0
LINE
  5
10000EA7
102
{ACAD_XDICTIONARY
360
10000EA8
102
}
330
1F
100
AcDbEntity
  8
VISIBLE
100
AcDbLine
 10
0.0460008475
 20
-0.0426929
 30
0.0
 11
0.0590008475
 21
-0.0426929
 31
0.0
  0
ARC
  5
10000EAB
102
{ACAD_XDICTIONARY
360
10000EAC
102
}
330
1F
100
AcDbEntity
  8
VISIBLE
100
AcDbCircle
 10
0.0590008475
 20
-0.0431929
 30
0.0
 40
0.0005
100
AcDbArc
 50
0.0
 51
90.0
  0
LINE
  5
10000EB1
102
{ACAD_XDICTIONARY
360
10000EB2
102
}
330
1F
100
AcDbEntity
  8
VISIBLE
100
AcDbLine
 10
0.0595008475
 20
-0.0431929
 30
0.0
 11
0.0595008475
 21
-0.0561929
 31
0.0
  0
ARC
  5
10000EB5
102
{ACAD_XDICTIONARY
360
10000EB6
102
}
330
1F
100
AcDbEntity
  8
VISIBLE
100
AcDbCircle
 10
0.0590008475
 20
-0.0561929
 30
0.0
 40
0.0005
100
AcDbArc
 50
270.0
 51
0.0
  0
LINE
  5
10000EBB
102
{ACAD_XDICTIONARY
360
10000EBC
102
}
330
1F
100
AcDbEntity
  8
VISIBLE
100
AcDbLine
 10
0.0460008475
 20
-0.0566929
 30
0.0
 11
0.0590008475
 21
-0.0566929
 31
0.0
  0
ARC
  5
10000EBF
102
{ACAD_XDICTIONARY
360
10000EC0
102
}
330
1F
100
AcDbEntity
  8
VISIBLE
100
AcDbCircle
 10
0.0460008475
 20
-0.0561929
 30
0.0
 40
0.0005
100
AcDbArc
 50
180.0
 51
270.0
  0
LINE
  5
10000EC5
102
{ACAD_XDICTIONARY
360
10000EC6
102
}
330
1F
100
AcDbEntity
  8
VISIBLE
100
AcDbLine
 10
0.0455008475
 20
-0.0431929
 30
0.0
 11
0.0455008475
 21
-0.0561929
 31
0.0
  0
ARC
  5
10000EC9
102
{ACAD_XDICTIONARY
360
10000ECA
102
}
330
1F
100
AcDbEntity
  8
VISIBLE
100
AcDbCircle
 10
0.0698133475
 20
-0.0431929
 30
0.0
 40
0.0005
100
AcDbArc
 50
90.0
 51
180.0
  0
LINE
  5
10000ECF
102
{ACAD_XDICTIONARY
360
10000ED0
102
}
330
1F
100
AcDbEntity
  8
VISIBLE
100
AcDbLine
 10
0.0698133475
 20
-0.0426929
 30
0.0
 11
0.0828133475
 21
-0.0426929
 31
0.0
  0
ARC
  5
10000ED3
102
{ACAD_XDICTIONARY
360
10000ED4
102
}
330
1F
100
AcDbEntity
  8
VISIBLE
100
AcDbCircle
 10
0.0828133475
 20
-0.0431929
 30
0.0
 40
0.0005
100
AcDbArc
 50
0.0
 51
90.0
  0
LINE
  5
10000ED9
102
{ACAD_XDICTIONARY
360
10000EDA
102
}
330
1F
100
AcDbEntity
  8
VISIBLE
100
AcDbLine
 10
0.0833133475
 20
-0.0431929
 30
0.0
 11
0.0833133475
 21
-0.0561929
 31
0.0
  0
ARC
  5
10000EDD
102
{ACAD_XDICTIONARY
360
10000EDE
102
}
330
1F
100
AcDbEntity
  8
VISIBLE
100
AcDbCircle
 10
0.0828133475
 20
-0.0561929
 30
0.0
 40
0.0005
100
AcDbArc
 50
270.0
 51
0.0
  0
LINE
  5
10000EE3
102
{ACAD_XDICTIONARY
360
10000EE4
102
}
330
1F
100
AcDbEntity
  8
VISIBLE
100
AcDbLine
 10
0.0698133475
 20
-0.0566929
 30
0.0
 11
0.0828133475
 21
-0.0566929
 31
0.0
  0
ARC
  5
10000EE7
102
{ACAD_XDICTIONARY
360
10000EE8
102
}
330
1F
100
AcDbEntity
  8
VISIBLE
100
AcDbCircle
 10
0.0698133475
 20
-0.0561929
 30
0.0
 40
0.0005
100
AcDbArc
 50
180.0
 51
270.0
  0
LINE
  5
10000EED
102
{ACAD_XDICTIONARY
360
10000EEE
102
}
330
1F
100
AcDbEntity
  8
VISIBLE
100
AcDbLine
 10
0.0693133475
 20
-0.0431929
 30
0.0
 11
0.0693133475
 21
-0.0561929
 31
0.0
  0
ARC
  5
10000EF1
102
{ACAD_XDICTIONARY
360
10000EF2
102
}
330
1F
100
AcDbEntity
  8
VISIBLE
100
AcDbCircle
 10
0.0936258475
 20
-0.0431929
 30
0.0
 40
0.0005
100
AcDbArc
 50
90.0
 51
180.0
  0
LINE
  5
10000EF7
102
{ACAD_XDICTIONARY
360
10000EF8
102
}
330
1F
100
AcDbEntity
  8
VISIBLE
100
AcDbLine
 10
0.0936258475
 20
-0.0426929
 30
0.0
 11
0.1066258475
 21
-0.0426929
 31
0.0
  0
ARC
  5
10000EFB
102
{ACAD_XDICTIONARY
360
10000EFC
102
}
330
1F
100
AcDbEntity
  8
VISIBLE
100
AcDbCircle
 10
0.1066258475
 20
-0.0431929
 30
0.0
 40
0.0005
100
AcDbArc
 50
0.0
 51
90.0
  0
LINE
  5
10000F01
102
{ACAD_XDICTIONARY
360
10000F02
102
}
330
1F
100
AcDbEntity
  8
VISIBLE
100
AcDbLine
 10
0.1071258475
 20
-0.0431929
 30
0.0
 11
0.1071258475
 21
-0.0561929
 31
0.0
  0
ARC
  5
10000F05
102
{ACAD_XDICTIONARY
360
10000F06
102
}
330
1F
100
AcDbEntity
  8
VISIBLE
100
AcDbCircle
 10
0.1066258475
 20
-0.0561929
 30
0.0
 40
0.0005
100
AcDbArc
 50
270.0
 51
0.0
  0
LINE
  5
10000F0B
102
{ACAD_XDICTIONARY
360
10000F0C
102
}
330
1F
100
AcDbEntity
  8
VISIBLE
100
AcDbLine
 10
0.0936258475
 20
-0.0566929
 30
0.0
 11
0.1066258475
 21
-0.0566929
 31
0.0
  0
ARC
  5
10000F0F
102
{ACAD_XDICTIONARY
360
10000F10
102
}
330
1F
100
AcDbEntity
  8
VISIBLE
100
AcDbCircle
 10
0.0936258475
 20
-0.0561929
 30
0.0
 40
0.0005
100
AcDbArc
 50
180.0
 51
270.0
  0
LINE
  5
10000F15
102
{ACAD_XDICTIONARY
360
10000F16
102
}
330
1F
100
AcDbEntity
  8
VISIBLE
100
AcDbLine
 10
0.0931258475
 20
-0.0431929
 30
0.0
 11
0.0931258475
 21
-0.0561929
 31
0.0
  0
ARC
  5
10000F19
102
{ACAD_XDICTIONARY
360
10000F1A
102
}
330
1F
100
AcDbEntity
  8
VISIBLE
100
AcDbCircle
 10
0.1195929025
 20
-0.0431929
 30
0.0
 40
0.0005
100
AcDbArc
 50
90.0
 51
180.0
  0
LINE
  5
10000F1F
102
{ACAD_XDICTIONARY
360
10000F20
102
}
330
1F
100
AcDbEntity
  8
VISIBLE
100
AcDbLine
 10
0.1195929025
 20
-0.0426929
 30
0.0
 11
0.1325929025
 21
-0.0426929
 31
0.0
  0
ARC
  5
10000F23
102
{ACAD_XDICTIONARY
360
10000F24
102
}
330
1F
100
AcDbEntity
  8
VISIBLE
100
AcDbCircle
 10
0.1325929025
 20
-0.0431929
 30
0.0
 40
0.0005
100
AcDbArc
 50
0.0
 51
90.0
  0
LINE
  5
10000F29
102
{ACAD_XDICTIONARY
360
10000F2A
102
}
330
1F
100
AcDbEntity
  8
VISIBLE
100
AcDbLine
 10
0.1330929025
 20
-0.0431929
 30
0.0
 11
0.1330929025
 21
-0.0561929
 31
0.0
  0
ARC
  5
10000F2D
102
{ACAD_XDICTIONARY
360
10000F2E
102
}
330
1F
100
AcDbEntity
  8
VISIBLE
100
AcDbCircle
 10
0.1325929025
 20
-0.0561929
 30
0.0
 40
0.0005
100
AcDbArc
 50
270.0
 51
0.0
  0
LINE
  5
10000F33
102
{ACAD_XDICTIONARY
360
10000F34
102
}
330
1F
100
AcDbEntity
  8
VISIBLE
100
AcDbLine
 10
0.1195929025
 20
-0.0566929
 30
0.0
 11
0.1325929025
 21
-0.0566929
 31
0.0
  0
ARC
  5
10000F37
102
{ACAD_XDICTIONARY
360
10000F38
102
}
330
1F
100
AcDbEntity
  8
VISIBLE
100
AcDbCircle
 10
0.1195929025
 20
-0.0561929
 30
0.0
 40
0.0005
100
AcDbArc
 50
180.0
 51
270.0
  0
LINE
  5
10000F3D
102
{ACAD_XDICTIONARY
360
10000F3E
102
}
330
1F
100
AcDbEntity
  8
VISIBLE
100
AcDbLine
 10
0.1190929025
 20
-0.0431929
 30
0.0
 11
0.1190929025
 21
-0.0561929
 31
0.0
  0
ARC
  5
10000F41
102
{ACAD_XDICTIONARY
360
10000F42
102
}
330
1F
100
AcDbEntity
  8
VISIBLE
100
AcDbCircle
 10
0.1386429025
 20
-0.0431929
 30
0.0
 40
0.0005
100
AcDbArc
 50
90.0
 51
180.0
  0
LINE
  5
10000F47
102
{ACAD_XDICTIONARY
360
10000F48
102
}
330
1F
100
AcDbEntity
  8
VISIBLE
100
AcDbLine
 10
0.1386429025
 20
-0.0426929
 30
0.0
 11
0.1516429025
 21
-0.0426929
 31
0.0
  0
ARC
  5
10000F4B
102
{ACAD_XDICTIONARY
360
10000F4C
102
}
330
1F
100
AcDbEntity
  8
VISIBLE
100
AcDbCircle
 10
0.1516429025
 20
-0.0431929
 30
0.0
 40
0.0005
100
AcDbArc
 50
0.0
 51
90.0
  0
LINE
  5
10000F51
102
{ACAD_XDICTIONARY
360
10000F52
102
}
330
1F
100
AcDbEntity
  8
VISIBLE
100
AcDbLine
 10
0.1521429025
 20
-0.0431929
 30
0.0
 11
0.1521429025
 21
-0.0561929
 31
0.0
  0
ARC
  5
10000F55
102
{ACAD_XDICTIONARY
360
10000F56
102
}
330
1F
100
AcDbEntity
  8
VISIBLE
100
AcDbCircle
 10
0.1516429025
 20
-0.0561929
 30
0.0
 40
0.0005
100
AcDbArc
 50
270.0
 51
0.0
  0
LINE
  5
10000F5B
102
{ACAD_XDICTIONARY
360
10000F5C
102
}
330
1F
100
AcDbEntity
  8
VISIBLE
100
AcDbLine
 10
0.1386429025
 20
-0.0566929
 30
0.0
 11
0.1516429025
 21
-0.0566929
 31
0.0
  0
ARC
  5
10000F5F
102
{ACAD_XDICTIONARY
360
10000F60
102
}
330
1F
100
AcDbEntity
  8
VISIBLE
100
AcDbCircle
 10
0.1386429025
 20
-0.0561929
 30
0.0
 40
0.0005
100
AcDbArc
 50
180.0
 51
270.0
  0
LINE
  5
10000F65
102
{ACAD_XDICTIONARY
360
10000F66
102
}
330
1F
100
AcDbEntity
  8
VISIBLE
100
AcDbLine
 10
0.1381429025
 20
-0.0431929
 30
0.0
 11
0.1381429025
 21
-0.0561929
 31
0.0
  0
ARC
  5
10000F69
102
{ACAD_XDICTIONARY
360
10000F6A
102
}
330
1F
100
AcDbEntity
  8
VISIBLE
100
AcDbCircle
 10
0.1576929025
 20
-0.0431929
 30
0.0
 40
0.0005
100
AcDbArc
 50
90.0
 51
180.0
  0
LINE
  5
10000F6F
102
{ACAD_XDICTIONARY
360
10000F70
102
}
330
1F
100
AcDbEntity
  8
VISIBLE
100
AcDbLine
 10
0.1576929025
 20
-0.0426929
 30
0.0
 11
0.1706929025
 21
-0.0426929
 31
0.0
  0
ARC
  5
10000F73
102
{ACAD_XDICTIONARY
360
10000F74
102
}
330
1F
100
AcDbEntity
  8
VISIBLE
100
AcDbCircle
 10
0.1706929025
 20
-0.0431929
 30
0.0
 40
0.0005
100
AcDbArc
 50
0.0
 51
90.0
  0
LINE
  5
10000F79
102
{ACAD_XDICTIONARY
360
10000F7A
102
}
330
1F
100
AcDbEntity
  8
VISIBLE
100
AcDbLine
 10
0.1711929025
 20
-0.0431929
 30
0.0
 11
0.1711929025
 21
-0.0561929
 31
0.0
  0
ARC
  5
10000F7D
102
{ACAD_XDICTIONARY
360
10000F7E
102
}
330
1F
100
AcDbEntity
  8
VISIBLE
100
AcDbCircle
 10
0.1706929025
 20
-0.0561929
 30
0.0
 40
0.0005
100
AcDbArc
 50
270.0
 51
0.0
  0
LINE
  5
10000F83
102
{ACAD_XDICTIONARY
360
10000F84
102
}
330
1F
100
AcDbEntity
  8
VISIBLE
100
AcDbLine
 10
0.1576929025
 20
-0.0566929
 30
0.0
 11
0.1706929025
 21
-0.0566929
 31
0.0
  0
ARC
  5
10000F87
102
{ACAD_XDICTIONARY
360
10000F88
102
}
330
1F
100
AcDbEntity
  8
VISIBLE
100
AcDbCircle
 10
0.1576929025
 20
-0.0561929
 30
0.0
 40
0.0005
100
AcDbArc
 50
180.0
 51
270.0
  0
LINE
  5
10000F8D
102
{ACAD_XDICTIONARY
360
10000F8E
102
}
330
1F
100
AcDbEntity
  8
VISIBLE
100
AcDbLine
 10
0.1571929025
 20
-0.0431929
 30
0.0
 11
0.1571929025
 21
-0.0561929
 31
0.0
  0
ARC
  5
10000F91
102
{ACAD_XDICTIONARY
360
10000F92
102
}
330
1F
100
AcDbEntity
  8
VISIBLE
100
AcDbCircle
 10
0.1386429025
 20
0.0520571
 30
0.0
 40
0.0005
100
AcDbArc
 50
90.0
 51
180.0
  0
LINE
  5
10000F97
102
{ACAD_XDICTIONARY
360
10000F98
102
}
330
1F
100
AcDbEntity
  8
VISIBLE
100
AcDbLine
 10
0.1386429025
 20
0.0525571
 30
0.0
 11
0.1516429025
 21
0.0525571
 31
0.0
  0
ARC
  5
10000F9B
102
{ACAD_XDICTIONARY
360
10000F9C
102
}
330
1F
100
AcDbEntity
  8
VISIBLE
100
AcDbCircle
 10
0.1516429025
 20
0.0520571
 30
0.0
 40
0.0005
100
AcDbArc
 50
0.0
 51
90.0
  0
LINE
  5
10000FA1
102
{ACAD_XDICTIONARY
360
10000FA2
102
}
330
1F
100
AcDbEntity
  8
VISIBLE
100
AcDbLine
 10
0.1521429025
 20
0.0520571
 30
0.0
 11
0.1521429025
 21
0.0390571
 31
0.0
  0
ARC
  5
10000FA5
102
{ACAD_XDICTIONARY
360
10000FA6
102
}
330
1F
100
AcDbEntity
  8
VISIBLE
100
AcDbCircle
 10
0.1516429025
 20
0.0390571
 30
0.0
 40
0.0005
100
AcDbArc
 50
270.0
 51
0.0
  0
LINE
  5
10000FAB
102
{ACAD_XDICTIONARY
360
10000FAC
102
}
330
1F
100
AcDbEntity
  8
VISIBLE
100
AcDbLine
 10
0.1386429025
 20
0.0385571
 30
0.0
 11
0.1516429025
 21
0.0385571
 31
0.0
  0
ARC
  5
10000FAF
102
{ACAD_XDICTIONARY
360
10000FB0
102
}
330
1F
100
AcDbEntity
  8
VISIBLE
100
AcDbCircle
 10
0.1386429025
 20
0.0390571
 30
0.0
 40
0.0005
100
AcDbArc
 50
180.0
 51
270.0
  0
LINE
  5
10000FB5
102
{ACAD_XDICTIONARY
360
10000FB6
102
}
330
1F
100
AcDbEntity
  8
VISIBLE
100
AcDbLine
 10
0.1381429025
 20
0.0520571
 30
0.0
 11
0.1381429025
 21
0.0390571
 31
0.0
  0
ARC
  5
10000FB9
102
{ACAD_XDICTIONARY
360
10000FBA
102
}
330
1F
100
AcDbEntity
  8
VISIBLE
100
AcDbCircle
 10
0.1386429025
 20
0.0330071
 30
0.0
 40
0.0005
100
AcDbArc
 50
90.0
 51
180.0
  0
LINE
  5
10000FBF
102
{ACAD_XDICTIONARY
360
10000FC0
102
}
330
1F
100
AcDbEntity
  8
VISIBLE
100
AcDbLine
 10
0.1386429025
 20
0.0335071
 30
0.0
 11
0.1516429025
 21
0.0335071
 31
0.0
  0
ARC
  5
10000FC3
102
{ACAD_XDICTIONARY
360
10000FC4
102
}
330
1F
100
AcDbEntity
  8
VISIBLE
100
AcDbCircle
 10
0.1516429025
 20
0.0330071
 30
0.0
 40
0.0005
100
AcDbArc
 50
0.0
 51
90.0
  0
LINE
  5
10000FC9
102
{ACAD_XDICTIONARY
360
10000FCA
102
}
330
1F
100
AcDbEntity
  8
VISIBLE
100
AcDbLine
 10
0.1521429025
 20
0.0330071
 30
0.0
 11
0.1521429025
 21
0.0200071
 31
0.0
  0
ARC
  5
10000FCD
102
{ACAD_XDICTIONARY
360
10000FCE
102
}
330
1F
100
AcDbEntity
  8
VISIBLE
100
AcDbCircle
 10
0.1516429025
 20
0.0200071
 30
0.0
 40
0.0005
100
AcDbArc
 50
270.0
 51
0.0
  0
LINE
  5
10000FD3
102
{ACAD_XDICTIONARY
360
10000FD4
102
}
330
1F
100
AcDbEntity
  8
VISIBLE
100
AcDbLine
 10
0.1386429025
 20
0.0195071
 30
0.0
 11
0.1516429025
 21
0.0195071
 31
0.0
  0
ARC
  5
10000FD7
102
{ACAD_XDICTIONARY
360
10000FD8
102
}
330
1F
100
AcDbEntity
  8
VISIBLE
100
AcDbCircle
 10
0.1386429025
 20
0.0200071
 30
0.0
 40
0.0005
100
AcDbArc
 50
180.0
 51
270.0
  0
LINE
  5
10000FDD
102
{ACAD_XDICTIONARY
360
10000FDE
102
}
330
1F
100
AcDbEntity
  8
VISIBLE
100
AcDbLine
 10
0.1381429025
 20
0.0330071
 30
0.0
 11
0.1381429025
 21
0.0200071
 31
0.0
  0
CIRCLE
  5
10000FE1
102
{ACAD_XDICTIONARY
360
10000FE2
102
}
330
1F
100
AcDbEntity
  8
VISIBLE
100
AcDbCircle
 10
-0.182
 20
0.069
 30
0.0
 40
0.00165
  0
CIRCLE
  5
10000FE7
102
{ACAD_XDICTIONARY
360
10000FE8
102
}
330
1F
100
AcDbEntity
  8
VISIBLE
100
AcDbCircle
 10
-0.0606666666666667
 20
0.069
 30
0.0
 40
0.00165
  0
CIRCLE
  5
10000FED
102
{ACAD_XDICTIONARY
360
10000FEE
102
}
330
1F
100
AcDbEntity
  8
VISIBLE
100
AcDbCircle
 10
0.0606666666666667
 20
0.069
 30
0.0
 40
0.00165
  0
CIRCLE
  5
10000FF3
102
{ACAD_XDICTIONARY
360
10000FF4
102
}
330
1F
100
AcDbEntity
  8
VISIBLE
100
AcDbCircle
 10
0.182
 20
0.069
 30
0.0
 40
0.00165
  0
CIRCLE
  5
10000FF9
102
{ACAD_XDICTIONARY
360
10000FFA
102
}
330
1F
100
AcDbEntity
  8
VISIBLE
100
AcDbCircle
 10
0.182
 20
0.0
 30
0.0
 40
0.00165
  0
CIRCLE
  5
10000FFF
102
{ACAD_XDICTIONARY
360
10001000
102
}
330
1F
100
AcDbEntity
  8
VISIBLE
100
AcDbCircle
 10
0.182
 20
-0.069
 30
0.0
 40
0.00165
  0
CIRCLE
  5
10001005
102
{ACAD_XDICTIONARY
360
10001006
102
}
330
1F
100
AcDbEntity
  8
VISIBLE
100
AcDbCircle
 10
0.0606666666666667
 20
-0.069
 30
0.0
 40
0.00165
  0
CIRCLE
  5
1000100B
102
{ACAD_XDICTIONARY
360
1000100C
102
}
330
1F
100
AcDbEntity
  8
VISIBLE
100
AcDbCircle
 10
-0.0606666666666667
 20
-0.069
 30
0.0
 40
0.00165
  0
CIRCLE
  5
10001011
102
{ACAD_XDICTIONARY
360
10001012
102
}
330
1F
100
AcDbEntity
  8
VISIBLE
100
AcDbCircle
 10
-0.182
 20
-0.069
 30
0.0
 40
0.00165
  0
CIRCLE
  5
10001017
102
{ACAD_XDICTIONARY
360
10001018
102
}
330
1F
100
AcDbEntity
  8
VISIBLE
100
AcDbCircle
 10
-0.182
 20
0.0
 30
0.0
 40
0.00165
  0
ENDSEC
  0
SECTION
  2
OBJECTS
  0
DICTIONARY
  5
C
330
0
100
AcDbDictionary
  3
ACAD_GROUP
350
D
  3
ACAD_LAYOUT
350
1A
  3
ACAD_MATERIAL
350
43
  3
ACAD_MLEADERSTYLE
350
5B
  3
ACAD_MLINESTYLE
350
17
  3
ACAD_PLOTSETTINGS
350
19
  3
ACAD_SCALELIST
350
47
  3
ACAD_VISUALSTYLE
350
2A
  3
ACDBHEADERROUNDTRIPXREC
350
1000101F
  3
ACDBVARIABLEDICTIONARY
350
10001040
  3
DWGPROPS
350
1000104B
  3
ONSHAPE_DATA
350
10000001
  0
DICTIONARY
  5
1000104C
330
8
100
AcDbDictionary
280
     1
  3
ACAD_XREC_ROUNDTRIP
360
1000104D
  0
DICTIONARY
  5
1000101D
330
1F
100
AcDbDictionary
280
     1
  3
ACAD_SORTENTS
360
1000101E
  0
DICTIONARY
  5
1000005A
330
10000059
100
AcDbDictionary
280
     1
  3
BTDETID
360
1000005B
  3
BTPARTID
360
1000005C
  0
DICTIONARY
  5
1000005E
330
1000005D
100
AcDbDictionary
280
     1
  3
BTDETID
360
1000005F
  3
BTPARTID
360
10000060
  0
DICTIONARY
  5
10000062
330
10000061
100
AcDbDictionary
280
     1
  3
BTDETID
360
10000063
  3
BTPARTID
360
10000064
  0
DICTIONARY
  5
10000066
330
10000065
100
AcDbDictionary
280
     1
  3
BTDETID
360
10000067
  3
BTPARTID
360
10000068
  0
DICTIONARY
  5
1000006A
330
10000069
100
AcDbDictionary
280
     1
  3
BTDETID
360
1000006B
  3
BTPARTID
360
1000006C
  0
DICTIONARY
  5
1000006E
330
1000006D
100
AcDbDictionary
280
     1
  3
BTARCONSURFACERADIUS
360
10000071
  3
BTDETID
360
1000006F
  3
BTOWNERFACEID_
360
10000070
  3
BTPARTID
360
10000072
  0
DICTIONARY
  5
10000074
330
10000073
100
AcDbDictionary
280
     1
  3
BTDETID
360
10000075
  3
BTPARTID
360
10000076
  0
DICTIONARY
  5
10000078
330
10000077
100
AcDbDictionary
280
     1
  3
BTARCONSURFACERADIUS
360
1000007B
  3
BTDETID
360
10000079
  3
BTOWNERFACEID_
360
1000007A
  3
BTPARTID
360
1000007C
  0
DICTIONARY
  5
1000007E
330
1000007D
100
AcDbDictionary
280
     1
  3
BTDETID
360
1000007F
  3
BTPARTID
360
10000080
  0
DICTIONARY
  5
10000082
330
10000081
100
AcDbDictionary
280
     1
  3
BTARCONSURFACERADIUS
360
10000085
  3
BTDETID
360
10000083
  3
BTOWNERFACEID_
360
10000084
  3
BTPARTID
360
10000086
  0
DICTIONARY
  5
10000088
330
10000087
100
AcDbDictionary
280
     1
  3
BTDETID
360
10000089
  3
BTPARTID
360
1000008A
  0
DICTIONARY
  5
1000008C
330
1000008B
100
AcDbDictionary
280
     1
  3
BTARCONSURFACERADIUS
360
1000008F
  3
BTDETID
360
1000008D
  3
BTOWNERFACEID_
360
1000008E
  3
BTPARTID
360
10000090
  0
DICTIONARY
  5
10000092
330
10000091
100
AcDbDictionary
280
     1
  3
BTDETID
360
10000093
  3
BTPARTID
360
10000094
  0
DICTIONARY
  5
10000096
330
10000095
100
AcDbDictionary
280
     1
  3
BTARCONSURFACERADIUS
360
10000099
  3
BTDETID
360
10000097
  3
BTOWNERFACEID_
360
10000098
  3
BTPARTID
360
1000009A
  0
DICTIONARY
  5
1000009C
330
1000009B
100
AcDbDictionary
280
     1
  3
BTDETID
360
1000009D
  3
BTPARTID
360
1000009E
  0
DICTIONARY
  5
100000A0
330
1000009F
100
AcDbDictionary
280
     1
  3
BTARCONSURFACERADIUS
360
100000A3
  3
BTDETID
360
100000A1
  3
BTOWNERFACEID_
360
100000A2
  3
BTPARTID
360
100000A4
  0
DICTIONARY
  5
100000A6
330
100000A5
100
AcDbDictionary
280
     1
  3
BTDETID
360
100000A7
  3
BTPARTID
360
100000A8
  0
DICTIONARY
  5
100000AA
330
100000A9
100
AcDbDictionary
280
     1
  3
BTARCONSURFACERADIUS
360
100000AD
  3
BTDETID
360
100000AB
  3
BTOWNERFACEID_
360
100000AC
  3
BTPARTID
360
100000AE
  0
DICTIONARY
  5
100000B0
330
100000AF
100
AcDbDictionary
280
     1
  3
BTDETID
360
100000B1
  3
BTPARTID
360
100000B2
  0
DICTIONARY
  5
100000B4
330
100000B3
100
AcDbDictionary
280
     1
  3
BTARCONSURFACERADIUS
360
100000B7
  3
BTDETID
360
100000B5
  3
BTOWNERFACEID_
360
100000B6
  3
BTPARTID
360
100000B8
  0
DICTIONARY
  5
100000BA
330
100000B9
100
AcDbDictionary
280
     1
  3
BTDETID
360
100000BB
  3
BTPARTID
360
100000BC
  0
DICTIONARY
  5
100000BE
330
100000BD
100
AcDbDictionary
280
     1
  3
BTARCONSURFACERADIUS
360
100000C1
  3
BTDETID
360
100000BF
  3
BTOWNERFACEID_
360
100000C0
  3
BTPARTID
360
100000C2
  0
DICTIONARY
  5
100000C4
330
100000C3
100
AcDbDictionary
280
     1
  3
BTDETID
360
100000C5
  3
BTPARTID
360
100000C6
  0
DICTIONARY
  5
100000C8
330
100000C7
100
AcDbDictionary
280
     1
  3
BTARCONSURFACERADIUS
360
100000CB
  3
BTDETID
360
100000C9
  3
BTOWNERFACEID_
360
100000CA
  3
BTPARTID
360
100000CC
  0
DICTIONARY
  5
100000CE
330
100000CD
100
AcDbDictionary
280
     1
  3
BTDETID
360
100000CF
  3
BTPARTID
360
100000D0
  0
DICTIONARY
  5
100000D2
330
100000D1
100
AcDbDictionary
280
     1
  3
BTARCONSURFACERADIUS
360
100000D5
  3
BTDETID
360
100000D3
  3
BTOWNERFACEID_
360
100000D4
  3
BTPARTID
360
100000D6
  0
DICTIONARY
  5
100000D8
330
100000D7
100
AcDbDictionary
280
     1
  3
BTDETID
360
100000D9
  3
BTPARTID
360
100000DA
  0
DICTIONARY
  5
100000DC
330
100000DB
100
AcDbDictionary
280
     1
  3
BTARCONSURFACERADIUS
360
100000DF
  3
BTDETID
360
100000DD
  3
BTOWNERFACEID_
360
100000DE
  3
BTPARTID
360
100000E0
  0
DICTIONARY
  5
100000E2
330
100000E1
100
AcDbDictionary
280
     1
  3
BTDETID
360
100000E3
  3
BTPARTID
360
100000E4
  0
DICTIONARY
  5
100000E6
330
100000E5
100
AcDbDictionary
280
     1
  3
BTARCONSURFACERADIUS
360
100000E9
  3
BTDETID
360
100000E7
  3
BTOWNERFACEID_
360
100000E8
  3
BTPARTID
360
100000EA
  0
DICTIONARY
  5
100000EC
330
100000EB
100
AcDbDictionary
280
     1
  3
BTDETID
360
100000ED
  3
BTPARTID
360
100000EE
  0
DICTIONARY
  5
100000F0
330
100000EF
100
AcDbDictionary
280
     1
  3
BTARCONSURFACERADIUS
360
100000F3
  3
BTDETID
360
100000F1
  3
BTOWNERFACEID_
360
100000F2
  3
BTPARTID
360
100000F4
  0
DICTIONARY
  5
100000F6
330
100000F5
100
AcDbDictionary
280
     1
  3
BTDETID
360
100000F7
  3
BTPARTID
360
100000F8
  0
DICTIONARY
  5
100000FA
330
100000F9
100
AcDbDictionary
280
     1
  3
BTARCONSURFACERADIUS
360
100000FD
  3
BTDETID
360
100000FB
  3
BTOWNERFACEID_
360
100000FC
  3
BTPARTID
360
100000FE
  0
DICTIONARY
  5
10000100
330
100000FF
100
AcDbDictionary
280
     1
  3
BTDETID
360
10000101
  3
BTPARTID
360
10000102
  0
DICTIONARY
  5
10000104
330
10000103
100
AcDbDictionary
280
     1
  3
BTARCONSURFACERADIUS
360
10000107
  3
BTDETID
360
10000105
  3
BTOWNERFACEID_
360
10000106
  3
BTPARTID
360
10000108
  0
DICTIONARY
  5
1000010A
330
10000109
100
AcDbDictionary
280
     1
  3
BTARCONSURFACERADIUS
360
1000010D
  3
BTDETID
360
1000010B
  3
BTOWNERFACEID_
360
1000010C
  3
BTPARTID
360
1000010E
  0
DICTIONARY
  5
10000110
330
1000010F
100
AcDbDictionary
280
     1
  3
BTDETID
360
10000111
  3
BTPARTID
360
10000112
  0
DICTIONARY
  5
10000114
330
10000113
100
AcDbDictionary
280
     1
  3
BTARCONSURFACERADIUS
360
10000117
  3
BTDETID
360
10000115
  3
BTOWNERFACEID_
360
10000116
  3
BTPARTID
360
10000118
  0
DICTIONARY
  5
1000011A
330
10000119
100
AcDbDictionary
280
     1
  3
BTDETID
360
1000011B
  3
BTPARTID
360
1000011C
  0
DICTIONARY
  5
1000011E
330
1000011D
100
AcDbDictionary
280
     1
  3
BTARCONSURFACERADIUS
360
10000121
  3
BTDETID
360
1000011F
  3
BTOWNERFACEID_
360
10000120
  3
BTPARTID
360
10000122
  0
DICTIONARY
  5
10000124
330
10000123
100
AcDbDictionary
280
     1
  3
BTDETID
360
10000125
  3
BTPARTID
360
10000126
  0
DICTIONARY
  5
10000128
330
10000127
100
AcDbDictionary
280
     1
  3
BTARCONSURFACERADIUS
360
1000012B
  3
BTDETID
360
10000129
  3
BTOWNERFACEID_
360
1000012A
  3
BTPARTID
360
1000012C
  0
DICTIONARY
  5
1000012E
330
1000012D
100
AcDbDictionary
280
     1
  3
BTDETID
360
1000012F
  3
BTPARTID
360
10000130
  0
DICTIONARY
  5
10000132
330
10000131
100
AcDbDictionary
280
     1
  3
BTARCONSURFACERADIUS
360
10000135
  3
BTDETID
360
10000133
  3
BTOWNERFACEID_
360
10000134
  3
BTPARTID
360
10000136
  0
DICTIONARY
  5
10000138
330
10000137
100
AcDbDictionary
280
     1
  3
BTDETID
360
10000139
  3
BTPARTID
360
1000013A
  0
DICTIONARY
  5
1000013C
330
1000013B
100
AcDbDictionary
280
     1
  3
BTARCONSURFACERADIUS
360
1000013F
  3
BTDETID
360
1000013D
  3
BTOWNERFACEID_
360
1000013E
  3
BTPARTID
360
10000140
  0
DICTIONARY
  5
10000142
330
10000141
100
AcDbDictionary
280
     1
  3
BTDETID
360
10000143
  3
BTPARTID
360
10000144
  0
DICTIONARY
  5
10000146
330
10000145
100
AcDbDictionary
280
     1
  3
BTARCONSURFACERADIUS
360
10000149
  3
BTDETID
360
10000147
  3
BTOWNERFACEID_
360
10000148
  3
BTPARTID
360
1000014A
  0
DICTIONARY
  5
1000014C
330
1000014B
100
AcDbDictionary
280
     1
  3
BTDETID
360
1000014D
  3
BTPARTID
360
1000014E
  0
DICTIONARY
  5
10000150
330
1000014F
100
AcDbDictionary
280
     1
  3
BTARCONSURFACERADIUS
360
10000153
  3
BTDETID
360
10000151
  3
BTOWNERFACEID_
360
10000152
  3
BTPARTID
360
10000154
  0
DICTIONARY
  5
10000156
330
10000155
100
AcDbDictionary
280
     1
  3
BTDETID
360
10000157
  3
BTPARTID
360
10000158
  0
DICTIONARY
  5
1000015A
330
10000159
100
AcDbDictionary
280
     1
  3
BTARCONSURFACERADIUS
360
1000015D
  3
BTDETID
360
1000015B
  3
BTOWNERFACEID_
360
1000015C
  3
BTPARTID
360
1000015E
  0
DICTIONARY
  5
10000160
330
1000015F
100
AcDbDictionary
280
     1
  3
BTDETID
360
10000161
  3
BTPARTID
360
10000162
  0
DICTIONARY
  5
10000164
330
10000163
100
AcDbDictionary
280
     1
  3
BTARCONSURFACERADIUS
360
10000167
  3
BTDETID
360
10000165
  3
BTOWNERFACEID_
360
10000166
  3
BTPARTID
360
10000168
  0
DICTIONARY
  5
1000016A
330
10000169
100
AcDbDictionary
280
     1
  3
BTDETID
360
1000016B
  3
BTPARTID
360
1000016C
  0
DICTIONARY
  5
1000016E
330
1000016D
100
AcDbDictionary
280
     1
  3
BTARCONSURFACERADIUS
360
10000171
  3
BTDETID
360
1000016F
  3
BTOWNERFACEID_
360
10000170
  3
BTPARTID
360
10000172
  0
DICTIONARY
  5
10000174
330
10000173
100
AcDbDictionary
280
     1
  3
BTDETID
360
10000175
  3
BTPARTID
360
10000176
  0
DICTIONARY
  5
10000178
330
10000177
100
AcDbDictionary
280
     1
  3
BTARCONSURFACERADIUS
360
1000017B
  3
BTDETID
360
10000179
  3
BTOWNERFACEID_
360
1000017A
  3
BTPARTID
360
1000017C
  0
DICTIONARY
  5
1000017E
330
1000017D
100
AcDbDictionary
280
     1
  3
BTDETID
360
1000017F
  3
BTPARTID
360
10000180
  0
DICTIONARY
  5
10000182
330
10000181
100
AcDbDictionary
280
     1
  3
BTARCONSURFACERADIUS
360
10000185
  3
BTDETID
360
10000183
  3
BTOWNERFACEID_
360
10000184
  3
BTPARTID
360
10000186
  0
DICTIONARY
  5
10000188
330
10000187
100
AcDbDictionary
280
     1
  3
BTDETID
360
10000189
  3
BTPARTID
360
1000018A
  0
DICTIONARY
  5
1000018C
330
1000018B
100
AcDbDictionary
280
     1
  3
BTARCONSURFACERADIUS
360
1000018F
  3
BTDETID
360
1000018D
  3
BTOWNERFACEID_
360
1000018E
  3
BTPARTID
360
10000190
  0
DICTIONARY
  5
10000192
330
10000191
100
AcDbDictionary
280
     1
  3
BTDETID
360
10000193
  3
BTPARTID
360
10000194
  0
DICTIONARY
  5
10000196
330
10000195
100
AcDbDictionary
280
     1
  3
BTARCONSURFACERADIUS
360
10000199
  3
BTDETID
360
10000197
  3
BTOWNERFACEID_
360
10000198
  3
BTPARTID
360
1000019A
  0
DICTIONARY
  5
1000019C
330
1000019B
100
AcDbDictionary
280
     1
  3
BTDETID
360
1000019D
  3
BTPARTID
360
1000019E
  0
DICTIONARY
  5
100001A0
330
1000019F
100
AcDbDictionary
280
     1
  3
BTARCONSURFACERADIUS
360
100001A3
  3
BTDETID
360
100001A1
  3
BTOWNERFACEID_
360
100001A2
  3
BTPARTID
360
100001A4
  0
DICTIONARY
  5
100001A6
330
100001A5
100
AcDbDictionary
280
     1
  3
BTDETID
360
100001A7
  3
BTPARTID
360
100001A8
  0
DICTIONARY
  5
100001AA
330
100001A9
100
AcDbDictionary
280
     1
  3
BTARCONSURFACERADIUS
360
100001AD
  3
BTDETID
360
100001AB
  3
BTOWNERFACEID_
360
100001AC
  3
BTPARTID
360
100001AE
  0
DICTIONARY
  5
100001B0
330
100001AF
100
AcDbDictionary
280
     1
  3
BTDETID
360
100001B1
  3
BTPARTID
360
100001B2
  0
DICTIONARY
  5
100001B4
330
100001B3
100
AcDbDictionary
280
     1
  3
BTARCONSURFACERADIUS
360
100001B7
  3
BTDETID
360
100001B5
  3
BTOWNERFACEID_
360
100001B6
  3
BTPARTID
360
100001B8
  0
DICTIONARY
  5
100001BA
330
100001B9
100
AcDbDictionary
280
     1
  3
BTDETID
360
100001BB
  3
BTPARTID
360
100001BC
  0
DICTIONARY
  5
100001BE
330
100001BD
100
AcDbDictionary
280
     1
  3
BTARCONSURFACERADIUS
360
100001C1
  3
BTDETID
360
100001BF
  3
BTOWNERFACEID_
360
100001C0
  3
BTPARTID
360
100001C2
  0
DICTIONARY
  5
100001C4
330
100001C3
100
AcDbDictionary
280
     1
  3
BTDETID
360
100001C5
  3
BTPARTID
360
100001C6
  0
DICTIONARY
  5
100001C8
330
100001C7
100
AcDbDictionary
280
     1
  3
BTARCONSURFACERADIUS
360
100001CB
  3
BTDETID
360
100001C9
  3
BTOWNERFACEID_
360
100001CA
  3
BTPARTID
360
100001CC
  0
DICTIONARY
  5
100001CE
330
100001CD
100
AcDbDictionary
280
     1
  3
BTDETID
360
100001CF
  3
BTPARTID
360
100001D0
  0
DICTIONARY
  5
100001D2
330
100001D1
100
AcDbDictionary
280
     1
  3
BTARCONSURFACERADIUS
360
100001D5
  3
BTDETID
360
100001D3
  3
BTOWNERFACEID_
360
100001D4
  3
BTPARTID
360
100001D6
  0
DICTIONARY
  5
100001D8
330
100001D7
100
AcDbDictionary
280
     1
  3
BTDETID
360
100001D9
  3
BTPARTID
360
100001DA
  0
DICTIONARY
  5
100001DC
330
100001DB
100
AcDbDictionary
280
     1
  3
BTARCONSURFACERADIUS
360
100001DF
  3
BTDETID
360
100001DD
  3
BTOWNERFACEID_
360
100001DE
  3
BTPARTID
360
100001E0
  0
DICTIONARY
  5
100001E2
330
100001E1
100
AcDbDictionary
280
     1
  3
BTDETID
360
100001E3
  3
BTPARTID
360
100001E4
  0
DICTIONARY
  5
100001E6
330
100001E5
100
AcDbDictionary
280
     1
  3
BTARCONSURFACERADIUS
360
100001E9
  3
BTDETID
360
100001E7
  3
BTOWNERFACEID_
360
100001E8
  3
BTPARTID
360
100001EA
  0
DICTIONARY
  5
100001EC
330
100001EB
100
AcDbDictionary
280
     1
  3
BTDETID
360
100001ED
  3
BTPARTID
360
100001EE
  0
DICTIONARY
  5
100001F0
330
100001EF
100
AcDbDictionary
280
     1
  3
BTARCONSURFACERADIUS
360
100001F3
  3
BTDETID
360
100001F1
  3
BTOWNERFACEID_
360
100001F2
  3
BTPARTID
360
100001F4
  0
DICTIONARY
  5
100001F6
330
100001F5
100
AcDbDictionary
280
     1
  3
BTDETID
360
100001F7
  3
BTPARTID
360
100001F8
  0
DICTIONARY
  5
100001FA
330
100001F9
100
AcDbDictionary
280
     1
  3
BTARCONSURFACERADIUS
360
100001FD
  3
BTDETID
360
100001FB
  3
BTOWNERFACEID_
360
100001FC
  3
BTPARTID
360
100001FE
  0
DICTIONARY
  5
10000200
330
100001FF
100
AcDbDictionary
280
     1
  3
BTDETID
360
10000201
  3
BTPARTID
360
10000202
  0
DICTIONARY
  5
10000204
330
10000203
100
AcDbDictionary
280
     1
  3
BTARCONSURFACERADIUS
360
10000207
  3
BTDETID
360
10000205
  3
BTOWNERFACEID_
360
10000206
  3
BTPARTID
360
10000208
  0
DICTIONARY
  5
1000020A
330
10000209
100
AcDbDictionary
280
     1
  3
BTDETID
360
1000020B
  3
BTPARTID
360
1000020C
  0
DICTIONARY
  5
1000020E
330
1000020D
100
AcDbDictionary
280
     1
  3
BTARCONSURFACERADIUS
360
10000211
  3
BTDETID
360
1000020F
  3
BTOWNERFACEID_
360
10000210
  3
BTPARTID
360
10000212
  0
DICTIONARY
  5
10000214
330
10000213
100
AcDbDictionary
280
     1
  3
BTDETID
360
10000215
  3
BTPARTID
360
10000216
  0
DICTIONARY
  5
10000218
330
10000217
100
AcDbDictionary
280
     1
  3
BTARCONSURFACERADIUS
360
1000021B
  3
BTDETID
360
10000219
  3
BTOWNERFACEID_
360
1000021A
  3
BTPARTID
360
1000021C
  0
DICTIONARY
  5
1000021E
330
1000021D
100
AcDbDictionary
280
     1
  3
BTDETID
360
1000021F
  3
BTPARTID
360
10000220
  0
DICTIONARY
  5
10000222
330
10000221
100
AcDbDictionary
280
     1
  3
BTARCONSURFACERADIUS
360
10000225
  3
BTDETID
360
10000223
  3
BTOWNERFACEID_
360
10000224
  3
BTPARTID
360
10000226
  0
DICTIONARY
  5
10000228
330
10000227
100
AcDbDictionary
280
     1
  3
BTDETID
360
10000229
  3
BTPARTID
360
1000022A
  0
DICTIONARY
  5
1000022C
330
1000022B
100
AcDbDictionary
280
     1
  3
BTARCONSURFACERADIUS
360
1000022F
  3
BTDETID
360
1000022D
  3
BTOWNERFACEID_
360
1000022E
  3
BTPARTID
360
10000230
  0
DICTIONARY
  5
10000232
330
10000231
100
AcDbDictionary
280
     1
  3
BTDETID
360
10000233
  3
BTPARTID
360
10000234
  0
DICTIONARY
  5
10000236
330
10000235
100
AcDbDictionary
280
     1
  3
BTARCONSURFACERADIUS
360
10000239
  3
BTDETID
360
10000237
  3
BTOWNERFACEID_
360
10000238
  3
BTPARTID
360
1000023A
  0
DICTIONARY
  5
1000023C
330
1000023B
100
AcDbDictionary
280
     1
  3
BTDETID
360
1000023D
  3
BTPARTID
360
1000023E
  0
DICTIONARY
  5
10000240
330
1000023F
100
AcDbDictionary
280
     1
  3
BTARCONSURFACERADIUS
360
10000243
  3
BTDETID
360
10000241
  3
BTOWNERFACEID_
360
10000242
  3
BTPARTID
360
10000244
  0
DICTIONARY
  5
10000246
330
10000245
100
AcDbDictionary
280
     1
  3
BTDETID
360
10000247
  3
BTPARTID
360
10000248
  0
DICTIONARY
  5
1000024A
330
10000249
100
AcDbDictionary
280
     1
  3
BTARCONSURFACERADIUS
360
1000024D
  3
BTDETID
360
1000024B
  3
BTOWNERFACEID_
360
1000024C
  3
BTPARTID
360
1000024E
  0
DICTIONARY
  5
10000250
330
1000024F
100
AcDbDictionary
280
     1
  3
BTDETID
360
10000251
  3
BTPARTID
360
10000252
  0
DICTIONARY
  5
10000254
330
10000253
100
AcDbDictionary
280
     1
  3
BTARCONSURFACERADIUS
360
10000257
  3
BTDETID
360
10000255
  3
BTOWNERFACEID_
360
10000256
  3
BTPARTID
360
10000258
  0
DICTIONARY
  5
1000025A
330
10000259
100
AcDbDictionary
280
     1
  3
BTDETID
360
1000025B
  3
BTPARTID
360
1000025C
  0
DICTIONARY
  5
1000025E
330
1000025D
100
AcDbDictionary
280
     1
  3
BTARCONSURFACERADIUS
360
10000261
  3
BTDETID
360
1000025F
  3
BTOWNERFACEID_
360
10000260
  3
BTPARTID
360
10000262
  0
DICTIONARY
  5
10000264
330
10000263
100
AcDbDictionary
280
     1
  3
BTDETID
360
10000265
  3
BTPARTID
360
10000266
  0
DICTIONARY
  5
10000268
330
10000267
100
AcDbDictionary
280
     1
  3
BTARCONSURFACERADIUS
360
1000026B
  3
BTDETID
360
10000269
  3
BTOWNERFACEID_
360
1000026A
  3
BTPARTID
360
1000026C
  0
DICTIONARY
  5
1000026E
330
1000026D
100
AcDbDictionary
280
     1
  3
BTDETID
360
1000026F
  3
BTPARTID
360
10000270
  0
DICTIONARY
  5
10000272
330
10000271
100
AcDbDictionary
280
     1
  3
BTARCONSURFACERADIUS
360
10000275
  3
BTDETID
360
10000273
  3
BTOWNERFACEID_
360
10000274
  3
BTPARTID
360
10000276
  0
DICTIONARY
  5
10000278
330
10000277
100
AcDbDictionary
280
     1
  3
BTDETID
360
10000279
  3
BTPARTID
360
1000027A
  0
DICTIONARY
  5
1000027C
330
1000027B
100
AcDbDictionary
280
     1
  3
BTARCONSURFACERADIUS
360
1000027F
  3
BTDETID
360
1000027D
  3
BTOWNERFACEID_
360
1000027E
  3
BTPARTID
360
10000280
  0
DICTIONARY
  5
10000282
330
10000281
100
AcDbDictionary
280
     1
  3
BTDETID
360
10000283
  3
BTPARTID
360
10000284
  0
DICTIONARY
  5
10000286
330
10000285
100
AcDbDictionary
280
     1
  3
BTARCONSURFACERADIUS
360
10000289
  3
BTDETID
360
10000287
  3
BTOWNERFACEID_
360
10000288
  3
BTPARTID
360
1000028A
  0
DICTIONARY
  5
1000028C
330
1000028B
100
AcDbDictionary
280
     1
  3
BTDETID
360
1000028D
  3
BTPARTID
360
1000028E
  0
DICTIONARY
  5
10000290
330
1000028F
100
AcDbDictionary
280
     1
  3
BTARCONSURFACERADIUS
360
10000293
  3
BTDETID
360
10000291
  3
BTOWNERFACEID_
360
10000292
  3
BTPARTID
360
10000294
  0
DICTIONARY
  5
10000296
330
10000295
100
AcDbDictionary
280
     1
  3
BTDETID
360
10000297
  3
BTPARTID
360
10000298
  0
DICTIONARY
  5
1000029A
330
10000299
100
AcDbDictionary
280
     1
  3
BTARCONSURFACERADIUS
360
1000029D
  3
BTDETID
360
1000029B
  3
BTOWNERFACEID_
360
1000029C
  3
BTPARTID
360
1000029E
  0
DICTIONARY
  5
100002A0
330
1000029F
100
AcDbDictionary
280
     1
  3
BTDETID
360
100002A1
  3
BTPARTID
360
100002A2
  0
DICTIONARY
  5
100002A4
330
100002A3
100
AcDbDictionary
280
     1
  3
BTARCONSURFACERADIUS
360
100002A7
  3
BTDETID
360
100002A5
  3
BTOWNERFACEID_
360
100002A6
  3
BTPARTID
360
100002A8
  0
DICTIONARY
  5
100002AA
330
100002A9
100
AcDbDictionary
280
     1
  3
BTDETID
360
100002AB
  3
BTPARTID
360
100002AC
  0
DICTIONARY
  5
100002AE
330
100002AD
100
AcDbDictionary
280
     1
  3
BTARCONSURFACERADIUS
360
100002B1
  3
BTDETID
360
100002AF
  3
BTOWNERFACEID_
360
100002B0
  3
BTPARTID
360
100002B2
  0
DICTIONARY
  5
100002B4
330
100002B3
100
AcDbDictionary
280
     1
  3
BTDETID
360
100002B5
  3
BTPARTID
360
100002B6
  0
DICTIONARY
  5
100002B8
330
100002B7
100
AcDbDictionary
280
     1
  3
BTARCONSURFACERADIUS
360
100002BB
  3
BTDETID
360
100002B9
  3
BTOWNERFACEID_
360
100002BA
  3
BTPARTID
360
100002BC
  0
DICTIONARY
  5
100002BE
330
100002BD
100
AcDbDictionary
280
     1
  3
BTDETID
360
100002BF
  3
BTPARTID
360
100002C0
  0
DICTIONARY
  5
100002C2
330
100002C1
100
AcDbDictionary
280
     1
  3
BTARCONSURFACERADIUS
360
100002C5
  3
BTDETID
360
100002C3
  3
BTOWNERFACEID_
360
100002C4
  3
BTPARTID
360
100002C6
  0
DICTIONARY
  5
100002C8
330
100002C7
100
AcDbDictionary
280
     1
  3
BTDETID
360
100002C9
  3
BTPARTID
360
100002CA
  0
DICTIONARY
  5
100002CC
330
100002CB
100
AcDbDictionary
280
     1
  3
BTARCONSURFACERADIUS
360
100002CF
  3
BTDETID
360
100002CD
  3
BTOWNERFACEID_
360
100002CE
  3
BTPARTID
360
100002D0
  0
DICTIONARY
  5
100002D2
330
100002D1
100
AcDbDictionary
280
     1
  3
BTDETID
360
100002D3
  3
BTPARTID
360
100002D4
  0
DICTIONARY
  5
100002D6
330
100002D5
100
AcDbDictionary
280
     1
  3
BTARCONSURFACERADIUS
360
100002D9
  3
BTDETID
360
100002D7
  3
BTOWNERFACEID_
360
100002D8
  3
BTPARTID
360
100002DA
  0
DICTIONARY
  5
100002DC
330
100002DB
100
AcDbDictionary
280
     1
  3
BTDETID
360
100002DD
  3
BTPARTID
360
100002DE
  0
DICTIONARY
  5
100002E0
330
100002DF
100
AcDbDictionary
280
     1
  3
BTARCONSURFACERADIUS
360
100002E3
  3
BTDETID
360
100002E1
  3
BTOWNERFACEID_
360
100002E2
  3
BTPARTID
360
100002E4
  0
DICTIONARY
  5
100002E6
330
100002E5
100
AcDbDictionary
280
     1
  3
BTDETID
360
100002E7
  3
BTPARTID
360
100002E8
  0
DICTIONARY
  5
100002EA
330
100002E9
100
AcDbDictionary
280
     1
  3
BTARCONSURFACERADIUS
360
100002ED
  3
BTDETID
360
100002EB
  3
BTOWNERFACEID_
360
100002EC
  3
BTPARTID
360
100002EE
  0
DICTIONARY
  5
100002F0
330
100002EF
100
AcDbDictionary
280
     1
  3
BTDETID
360
100002F1
  3
BTPARTID
360
100002F2
  0
DICTIONARY
  5
100002F4
330
100002F3
100
AcDbDictionary
280
     1
  3
BTARCONSURFACERADIUS
360
100002F7
  3
BTDETID
360
100002F5
  3
BTOWNERFACEID_
360
100002F6
  3
BTPARTID
360
100002F8
  0
DICTIONARY
  5
100002FA
330
100002F9
100
AcDbDictionary
280
     1
  3
BTDETID
360
100002FB
  3
BTPARTID
360
100002FC
  0
DICTIONARY
  5
100002FE
330
100002FD
100
AcDbDictionary
280
     1
  3
BTARCONSURFACERADIUS
360
10000301
  3
BTDETID
360
100002FF
  3
BTOWNERFACEID_
360
10000300
  3
BTPARTID
360
10000302
  0
DICTIONARY
  5
10000304
330
10000303
100
AcDbDictionary
280
     1
  3
BTDETID
360
10000305
  3
BTPARTID
360
10000306
  0
DICTIONARY
  5
10000308
330
10000307
100
AcDbDictionary
280
     1
  3
BTARCONSURFACERADIUS
360
1000030B
  3
BTDETID
360
10000309
  3
BTOWNERFACEID_
360
1000030A
  3
BTPARTID
360
1000030C
  0
DICTIONARY
  5
1000030E
330
1000030D
100
AcDbDictionary
280
     1
  3
BTDETID
360
1000030F
  3
BTPARTID
360
10000310
  0
DICTIONARY
  5
10000312
330
10000311
100
AcDbDictionary
280
     1
  3
BTARCONSURFACERADIUS
360
10000315
  3
BTDETID
360
10000313
  3
BTOWNERFACEID_
360
10000314
  3
BTPARTID
360
10000316
  0
DICTIONARY
  5
10000318
330
10000317
100
AcDbDictionary
280
     1
  3
BTDETID
360
10000319
  3
BTPARTID
360
1000031A
  0
DICTIONARY
  5
1000031C
330
1000031B
100
AcDbDictionary
280
     1
  3
BTARCONSURFACERADIUS
360
1000031F
  3
BTDETID
360
1000031D
  3
BTOWNERFACEID_
360
1000031E
  3
BTPARTID
360
10000320
  0
DICTIONARY
  5
10000322
330
10000321
100
AcDbDictionary
280
     1
  3
BTDETID
360
10000323
  3
BTPARTID
360
10000324
  0
DICTIONARY
  5
10000326
330
10000325
100
AcDbDictionary
280
     1
  3
BTARCONSURFACERADIUS
360
10000329
  3
BTDETID
360
10000327
  3
BTOWNERFACEID_
360
10000328
  3
BTPARTID
360
1000032A
  0
DICTIONARY
  5
1000032C
330
1000032B
100
AcDbDictionary
280
     1
  3
BTDETID
360
1000032D
  3
BTPARTID
360
1000032E
  0
DICTIONARY
  5
10000330
330
1000032F
100
AcDbDictionary
280
     1
  3
BTARCONSURFACERADIUS
360
10000333
  3
BTDETID
360
10000331
  3
BTOWNERFACEID_
360
10000332
  3
BTPARTID
360
10000334
  0
DICTIONARY
  5
10000336
330
10000335
100
AcDbDictionary
280
     1
  3
BTDETID
360
10000337
  3
BTPARTID
360
10000338
  0
DICTIONARY
  5
1000033A
330
10000339
100
AcDbDictionary
280
     1
  3
BTARCONSURFACERADIUS
360
1000033D
  3
BTDETID
360
1000033B
  3
BTOWNERFACEID_
360
1000033C
  3
BTPARTID
360
1000033E
  0
DICTIONARY
  5
10000340
330
1000033F
100
AcDbDictionary
280
     1
  3
BTDETID
360
10000341
  3
BTPARTID
360
10000342
  0
DICTIONARY
  5
10000344
330
10000343
100
AcDbDictionary
280
     1
  3
BTARCONSURFACERADIUS
360
10000347
  3
BTDETID
360
10000345
  3
BTOWNERFACEID_
360
10000346
  3
BTPARTID
360
10000348
  0
DICTIONARY
  5
1000034A
330
10000349
100
AcDbDictionary
280
     1
  3
BTDETID
360
1000034B
  3
BTPARTID
360
1000034C
  0
DICTIONARY
  5
1000034E
330
1000034D
100
AcDbDictionary
280
     1
  3
BTARCONSURFACERADIUS
360
10000351
  3
BTDETID
360
1000034F
  3
BTOWNERFACEID_
360
10000350
  3
BTPARTID
360
10000352
  0
DICTIONARY
  5
10000354
330
10000353
100
AcDbDictionary
280
     1
  3
BTDETID
360
10000355
  3
BTPARTID
360
10000356
  0
DICTIONARY
  5
10000358
330
10000357
100
AcDbDictionary
280
     1
  3
BTARCONSURFACERADIUS
360
1000035B
  3
BTDETID
360
10000359
  3
BTOWNERFACEID_
360
1000035A
  3
BTPARTID
360
1000035C
  0
DICTIONARY
  5
1000035E
330
1000035D
100
AcDbDictionary
280
     1
  3
BTDETID
360
1000035F
  3
BTPARTID
360
10000360
  0
DICTIONARY
  5
10000362
330
10000361
100
AcDbDictionary
280
     1
  3
BTARCONSURFACERADIUS
360
10000365
  3
BTDETID
360
10000363
  3
BTOWNERFACEID_
360
10000364
  3
BTPARTID
360
10000366
  0
DICTIONARY
  5
10000368
330
10000367
100
AcDbDictionary
280
     1
  3
BTDETID
360
10000369
  3
BTPARTID
360
1000036A
  0
DICTIONARY
  5
1000036C
330
1000036B
100
AcDbDictionary
280
     1
  3
BTARCONSURFACERADIUS
360
1000036F
  3
BTDETID
360
1000036D
  3
BTOWNERFACEID_
360
1000036E
  3
BTPARTID
360
10000370
  0
DICTIONARY
  5
10000372
330
10000371
100
AcDbDictionary
280
     1
  3
BTDETID
360
10000373
  3
BTPARTID
360
10000374
  0
DICTIONARY
  5
10000376
330
10000375
100
AcDbDictionary
280
     1
  3
BTARCONSURFACERADIUS
360
10000379
  3
BTDETID
360
10000377
  3
BTOWNERFACEID_
360
10000378
  3
BTPARTID
360
1000037A
  0
DICTIONARY
  5
1000037C
330
1000037B
100
AcDbDictionary
280
     1
  3
BTDETID
360
1000037D
  3
BTPARTID
360
1000037E
  0
DICTIONARY
  5
10000380
330
1000037F
100
AcDbDictionary
280
     1
  3
BTARCONSURFACERADIUS
360
10000383
  3
BTDETID
360
10000381
  3
BTOWNERFACEID_
360
10000382
  3
BTPARTID
360
10000384
  0
DICTIONARY
  5
10000386
330
10000385
100
AcDbDictionary
280
     1
  3
BTDETID
360
10000387
  3
BTPARTID
360
10000388
  0
DICTIONARY
  5
1000038A
330
10000389
100
AcDbDictionary
280
     1
  3
BTARCONSURFACERADIUS
360
1000038D
  3
BTDETID
360
1000038B
  3
BTOWNERFACEID_
360
1000038C
  3
BTPARTID
360
1000038E
  0
DICTIONARY
  5
10000390
330
1000038F
100
AcDbDictionary
280
     1
  3
BTDETID
360
10000391
  3
BTPARTID
360
10000392
  0
DICTIONARY
  5
10000394
330
10000393
100
AcDbDictionary
280
     1
  3
BTARCONSURFACERADIUS
360
10000397
  3
BTDETID
360
10000395
  3
BTOWNERFACEID_
360
10000396
  3
BTPARTID
360
10000398
  0
DICTIONARY
  5
1000039A
330
10000399
100
AcDbDictionary
280
     1
  3
BTDETID
360
1000039B
  3
BTPARTID
360
1000039C
  0
DICTIONARY
  5
1000039E
330
1000039D
100
AcDbDictionary
280
     1
  3
BTARCONSURFACERADIUS
360
100003A1
  3
BTDETID
360
1000039F
  3
BTOWNERFACEID_
360
100003A0
  3
BTPARTID
360
100003A2
  0
DICTIONARY
  5
100003A4
330
100003A3
100
AcDbDictionary
280
     1
  3
BTDETID
360
100003A5
  3
BTPARTID
360
100003A6
  0
DICTIONARY
  5
100003A8
330
100003A7
100
AcDbDictionary
280
     1
  3
BTARCONSURFACERADIUS
360
100003AB
  3
BTDETID
360
100003A9
  3
BTOWNERFACEID_
360
100003AA
  3
BTPARTID
360
100003AC
  0
DICTIONARY
  5
100003AE
330
100003AD
100
AcDbDictionary
280
     1
  3
BTDETID
360
100003AF
  3
BTPARTID
360
100003B0
  0
DICTIONARY
  5
100003B2
330
100003B1
100
AcDbDictionary
280
     1
  3
BTARCONSURFACERADIUS
360
100003B5
  3
BTDETID
360
100003B3
  3
BTOWNERFACEID_
360
100003B4
  3
BTPARTID
360
100003B6
  0
DICTIONARY
  5
100003B8
330
100003B7
100
AcDbDictionary
280
     1
  3
BTDETID
360
100003B9
  3
BTPARTID
360
100003BA
  0
DICTIONARY
  5
100003BC
330
100003BB
100
AcDbDictionary
280
     1
  3
BTARCONSURFACERADIUS
360
100003BF
  3
BTDETID
360
100003BD
  3
BTOWNERFACEID_
360
100003BE
  3
BTPARTID
360
100003C0
  0
DICTIONARY
  5
100003C2
330
100003C1
100
AcDbDictionary
280
     1
  3
BTDETID
360
100003C3
  3
BTPARTID
360
100003C4
  0
DICTIONARY
  5
100003C6
330
100003C5
100
AcDbDictionary
280
     1
  3
BTARCONSURFACERADIUS
360
100003C9
  3
BTDETID
360
100003C7
  3
BTOWNERFACEID_
360
100003C8
  3
BTPARTID
360
100003CA
  0
DICTIONARY
  5
100003CC
330
100003CB
100
AcDbDictionary
280
     1
  3
BTDETID
360
100003CD
  3
BTPARTID
360
100003CE
  0
DICTIONARY
  5
100003D0
330
100003CF
100
AcDbDictionary
280
     1
  3
BTARCONSURFACERADIUS
360
100003D3
  3
BTDETID
360
100003D1
  3
BTOWNERFACEID_
360
100003D2
  3
BTPARTID
360
100003D4
  0
DICTIONARY
  5
100003D6
330
100003D5
100
AcDbDictionary
280
     1
  3
BTDETID
360
100003D7
  3
BTPARTID
360
100003D8
  0
DICTIONARY
  5
100003DA
330
100003D9
100
AcDbDictionary
280
     1
  3
BTARCONSURFACERADIUS
360
100003DD
  3
BTDETID
360
100003DB
  3
BTOWNERFACEID_
360
100003DC
  3
BTPARTID
360
100003DE
  0
DICTIONARY
  5
100003E0
330
100003DF
100
AcDbDictionary
280
     1
  3
BTDETID
360
100003E1
  3
BTPARTID
360
100003E2
  0
DICTIONARY
  5
100003E4
330
100003E3
100
AcDbDictionary
280
     1
  3
BTARCONSURFACERADIUS
360
100003E7
  3
BTDETID
360
100003E5
  3
BTOWNERFACEID_
360
100003E6
  3
BTPARTID
360
100003E8
  0
DICTIONARY
  5
100003EA
330
100003E9
100
AcDbDictionary
280
     1
  3
BTDETID
360
100003EB
  3
BTPARTID
360
100003EC
  0
DICTIONARY
  5
100003EE
330
100003ED
100
AcDbDictionary
280
     1
  3
BTARCONSURFACERADIUS
360
100003F1
  3
BTDETID
360
100003EF
  3
BTOWNERFACEID_
360
100003F0
  3
BTPARTID
360
100003F2
  0
DICTIONARY
  5
100003F4
330
100003F3
100
AcDbDictionary
280
     1
  3
BTDETID
360
100003F5
  3
BTPARTID
360
100003F6
  0
DICTIONARY
  5
100003F8
330
100003F7
100
AcDbDictionary
280
     1
  3
BTARCONSURFACERADIUS
360
100003FB
  3
BTDETID
360
100003F9
  3
BTOWNERFACEID_
360
100003FA
  3
BTPARTID
360
100003FC
  0
DICTIONARY
  5
100003FE
330
100003FD
100
AcDbDictionary
280
     1
  3
BTDETID
360
100003FF
  3
BTPARTID
360
10000400
  0
DICTIONARY
  5
10000402
330
10000401
100
AcDbDictionary
280
     1
  3
BTARCONSURFACERADIUS
360
10000405
  3
BTDETID
360
10000403
  3
BTOWNERFACEID_
360
10000404
  3
BTPARTID
360
10000406
  0
DICTIONARY
  5
10000408
330
10000407
100
AcDbDictionary
280
     1
  3
BTDETID
360
10000409
  3
BTPARTID
360
1000040A
  0
DICTIONARY
  5
1000040C
330
1000040B
100
AcDbDictionary
280
     1
  3
BTARCONSURFACERADIUS
360
1000040F
  3
BTDETID
360
1000040D
  3
BTOWNERFACEID_
360
1000040E
  3
BTPARTID
360
10000410
  0
DICTIONARY
  5
10000412
330
10000411
100
AcDbDictionary
280
     1
  3
BTDETID
360
10000413
  3
BTPARTID
360
10000414
  0
DICTIONARY
  5
10000416
330
10000415
100
AcDbDictionary
280
     1
  3
BTARCONSURFACERADIUS
360
10000419
  3
BTDETID
360
10000417
  3
BTOWNERFACEID_
360
10000418
  3
BTPARTID
360
1000041A
  0
DICTIONARY
  5
1000041C
330
1000041B
100
AcDbDictionary
280
     1
  3
BTDETID
360
1000041D
  3
BTPARTID
360
1000041E
  0
DICTIONARY
  5
10000420
330
1000041F
100
AcDbDictionary
280
     1
  3
BTARCONSURFACERADIUS
360
10000423
  3
BTDETID
360
10000421
  3
BTOWNERFACEID_
360
10000422
  3
BTPARTID
360
10000424
  0
DICTIONARY
  5
10000426
330
10000425
100
AcDbDictionary
280
     1
  3
BTDETID
360
10000427
  3
BTPARTID
360
10000428
  0
DICTIONARY
  5
1000042A
330
10000429
100
AcDbDictionary
280
     1
  3
BTARCONSURFACERADIUS
360
1000042D
  3
BTDETID
360
1000042B
  3
BTOWNERFACEID_
360
1000042C
  3
BTPARTID
360
1000042E
  0
DICTIONARY
  5
10000430
330
1000042F
100
AcDbDictionary
280
     1
  3
BTDETID
360
10000431
  3
BTPARTID
360
10000432
  0
DICTIONARY
  5
10000434
330
10000433
100
AcDbDictionary
280
     1
  3
BTARCONSURFACERADIUS
360
10000437
  3
BTDETID
360
10000435
  3
BTOWNERFACEID_
360
10000436
  3
BTPARTID
360
10000438
  0
DICTIONARY
  5
1000043A
330
10000439
100
AcDbDictionary
280
     1
  3
BTDETID
360
1000043B
  3
BTPARTID
360
1000043C
  0
DICTIONARY
  5
1000043E
330
1000043D
100
AcDbDictionary
280
     1
  3
BTARCONSURFACERADIUS
360
10000441
  3
BTDETID
360
1000043F
  3
BTOWNERFACEID_
360
10000440
  3
BTPARTID
360
10000442
  0
DICTIONARY
  5
10000444
330
10000443
100
AcDbDictionary
280
     1
  3
BTDETID
360
10000445
  3
BTPARTID
360
10000446
  0
DICTIONARY
  5
10000448
330
10000447
100
AcDbDictionary
280
     1
  3
BTARCONSURFACERADIUS
360
1000044B
  3
BTDETID
360
10000449
  3
BTOWNERFACEID_
360
1000044A
  3
BTPARTID
360
1000044C
  0
DICTIONARY
  5
1000044E
330
1000044D
100
AcDbDictionary
280
     1
  3
BTDETID
360
1000044F
  3
BTPARTID
360
10000450
  0
DICTIONARY
  5
10000452
330
10000451
100
AcDbDictionary
280
     1
  3
BTARCONSURFACERADIUS
360
10000455
  3
BTDETID
360
10000453
  3
BTOWNERFACEID_
360
10000454
  3
BTPARTID
360
10000456
  0
DICTIONARY
  5
10000458
330
10000457
100
AcDbDictionary
280
     1
  3
BTDETID
360
10000459
  3
BTPARTID
360
1000045A
  0
DICTIONARY
  5
1000045C
330
1000045B
100
AcDbDictionary
280
     1
  3
BTARCONSURFACERADIUS
360
1000045F
  3
BTDETID
360
1000045D
  3
BTOWNERFACEID_
360
1000045E
  3
BTPARTID
360
10000460
  0
DICTIONARY
  5
10000462
330
10000461
100
AcDbDictionary
280
     1
  3
BTDETID
360
10000463
  3
BTPARTID
360
10000464
  0
DICTIONARY
  5
10000466
330
10000465
100
AcDbDictionary
280
     1
  3
BTARCONSURFACERADIUS
360
10000469
  3
BTDETID
360
10000467
  3
BTOWNERFACEID_
360
10000468
  3
BTPARTID
360
1000046A
  0
DICTIONARY
  5
1000046C
330
1000046B
100
AcDbDictionary
280
     1
  3
BTDETID
360
1000046D
  3
BTPARTID
360
1000046E
  0
DICTIONARY
  5
10000470
330
1000046F
100
AcDbDictionary
280
     1
  3
BTARCONSURFACERADIUS
360
10000473
  3
BTDETID
360
10000471
  3
BTOWNERFACEID_
360
10000472
  3
BTPARTID
360
10000474
  0
DICTIONARY
  5
10000476
330
10000475
100
AcDbDictionary
280
     1
  3
BTDETID
360
10000477
  3
BTPARTID
360
10000478
  0
DICTIONARY
  5
1000047A
330
10000479
100
AcDbDictionary
280
     1
  3
BTARCONSURFACERADIUS
360
1000047D
  3
BTDETID
360
1000047B
  3
BTOWNERFACEID_
360
1000047C
  3
BTPARTID
360
1000047E
  0
DICTIONARY
  5
10000480
330
1000047F
100
AcDbDictionary
280
     1
  3
BTDETID
360
10000481
  3
BTPARTID
360
10000482
  0
DICTIONARY
  5
10000484
330
10000483
100
AcDbDictionary
280
     1
  3
BTARCONSURFACERADIUS
360
10000487
  3
BTDETID
360
10000485
  3
BTOWNERFACEID_
360
10000486
  3
BTPARTID
360
10000488
  0
DICTIONARY
  5
1000048A
330
10000489
100
AcDbDictionary
280
     1
  3
BTDETID
360
1000048B
  3
BTPARTID
360
1000048C
  0
DICTIONARY
  5
1000048E
330
1000048D
100
AcDbDictionary
280
     1
  3
BTARCONSURFACERADIUS
360
10000491
  3
BTDETID
360
1000048F
  3
BTOWNERFACEID_
360
10000490
  3
BTPARTID
360
10000492
  0
DICTIONARY
  5
10000494
330
10000493
100
AcDbDictionary
280
     1
  3
BTDETID
360
10000495
  3
BTPARTID
360
10000496
  0
DICTIONARY
  5
10000498
330
10000497
100
AcDbDictionary
280
     1
  3
BTARCONSURFACERADIUS
360
1000049B
  3
BTDETID
360
10000499
  3
BTOWNERFACEID_
360
1000049A
  3
BTPARTID
360
1000049C
  0
DICTIONARY
  5
1000049E
330
1000049D
100
AcDbDictionary
280
     1
  3
BTDETID
360
1000049F
  3
BTPARTID
360
100004A0
  0
DICTIONARY
  5
100004A2
330
100004A1
100
AcDbDictionary
280
     1
  3
BTARCONSURFACERADIUS
360
100004A5
  3
BTDETID
360
100004A3
  3
BTOWNERFACEID_
360
100004A4
  3
BTPARTID
360
100004A6
  0
DICTIONARY
  5
100004A8
330
100004A7
100
AcDbDictionary
280
     1
  3
BTDETID
360
100004A9
  3
BTPARTID
360
100004AA
  0
DICTIONARY
  5
100004AC
330
100004AB
100
AcDbDictionary
280
     1
  3
BTARCONSURFACERADIUS
360
100004AF
  3
BTDETID
360
100004AD
  3
BTOWNERFACEID_
360
100004AE
  3
BTPARTID
360
100004B0
  0
DICTIONARY
  5
100004B2
330
100004B1
100
AcDbDictionary
280
     1
  3
BTDETID
360
100004B3
  3
BTPARTID
360
100004B4
  0
DICTIONARY
  5
100004B6
330
100004B5
100
AcDbDictionary
280
     1
  3
BTARCONSURFACERADIUS
360
100004B9
  3
BTDETID
360
100004B7
  3
BTOWNERFACEID_
360
100004B8
  3
BTPARTID
360
100004BA
  0
DICTIONARY
  5
100004BC
330
100004BB
100
AcDbDictionary
280
     1
  3
BTDETID
360
100004BD
  3
BTPARTID
360
100004BE
  0
DICTIONARY
  5
100004C0
330
100004BF
100
AcDbDictionary
280
     1
  3
BTARCONSURFACERADIUS
360
100004C3
  3
BTDETID
360
100004C1
  3
BTOWNERFACEID_
360
100004C2
  3
BTPARTID
360
100004C4
  0
DICTIONARY
  5
100004C6
330
100004C5
100
AcDbDictionary
280
     1
  3
BTDETID
360
100004C7
  3
BTPARTID
360
100004C8
  0
DICTIONARY
  5
100004CA
330
100004C9
100
AcDbDictionary
280
     1
  3
BTARCONSURFACERADIUS
360
100004CD
  3
BTDETID
360
100004CB
  3
BTOWNERFACEID_
360
100004CC
  3
BTPARTID
360
100004CE
  0
DICTIONARY
  5
100004D0
330
100004CF
100
AcDbDictionary
280
     1
  3
BTDETID
360
100004D1
  3
BTPARTID
360
100004D2
  0
DICTIONARY
  5
100004D4
330
100004D3
100
AcDbDictionary
280
     1
  3
BTARCONSURFACERADIUS
360
100004D7
  3
BTDETID
360
100004D5
  3
BTOWNERFACEID_
360
100004D6
  3
BTPARTID
360
100004D8
  0
DICTIONARY
  5
100004DA
330
100004D9
100
AcDbDictionary
280
     1
  3
BTDETID
360
100004DB
  3
BTPARTID
360
100004DC
  0
DICTIONARY
  5
100004DE
330
100004DD
100
AcDbDictionary
280
     1
  3
BTARCONSURFACERADIUS
360
100004E1
  3
BTDETID
360
100004DF
  3
BTOWNERFACEID_
360
100004E0
  3
BTPARTID
360
100004E2
  0
DICTIONARY
  5
100004E4
330
100004E3
100
AcDbDictionary
280
     1
  3
BTDETID
360
100004E5
  3
BTPARTID
360
100004E6
  0
DICTIONARY
  5
100004E8
330
100004E7
100
AcDbDictionary
280
     1
  3
BTARCONSURFACERADIUS
360
100004EB
  3
BTDETID
360
100004E9
  3
BTOWNERFACEID_
360
100004EA
  3
BTPARTID
360
100004EC
  0
DICTIONARY
  5
100004EE
330
100004ED
100
AcDbDictionary
280
     1
  3
BTDETID
360
100004EF
  3
BTPARTID
360
100004F0
  0
DICTIONARY
  5
100004F2
330
100004F1
100
AcDbDictionary
280
     1
  3
BTARCONSURFACERADIUS
360
100004F5
  3
BTDETID
360
100004F3
  3
BTOWNERFACEID_
360
100004F4
  3
BTPARTID
360
100004F6
  0
DICTIONARY
  5
100004F8
330
100004F7
100
AcDbDictionary
280
     1
  3
BTDETID
360
100004F9
  3
BTPARTID
360
100004FA
  0
DICTIONARY
  5
100004FC
330
100004FB
100
AcDbDictionary
280
     1
  3
BTARCONSURFACERADIUS
360
100004FF
  3
BTDETID
360
100004FD
  3
BTOWNERFACEID_
360
100004FE
  3
BTPARTID
360
10000500
  0
DICTIONARY
  5
10000502
330
10000501
100
AcDbDictionary
280
     1
  3
BTDETID
360
10000503
  3
BTPARTID
360
10000504
  0
DICTIONARY
  5
10000506
330
10000505
100
AcDbDictionary
280
     1
  3
BTARCONSURFACERADIUS
360
10000509
  3
BTDETID
360
10000507
  3
BTOWNERFACEID_
360
10000508
  3
BTPARTID
360
1000050A
  0
DICTIONARY
  5
1000050C
330
1000050B
100
AcDbDictionary
280
     1
  3
BTDETID
360
1000050D
  3
BTPARTID
360
1000050E
  0
DICTIONARY
  5
10000510
330
1000050F
100
AcDbDictionary
280
     1
  3
BTARCONSURFACERADIUS
360
10000513
  3
BTDETID
360
10000511
  3
BTOWNERFACEID_
360
10000512
  3
BTPARTID
360
10000514
  0
DICTIONARY
  5
10000516
330
10000515
100
AcDbDictionary
280
     1
  3
BTDETID
360
10000517
  3
BTPARTID
360
10000518
  0
DICTIONARY
  5
1000051A
330
10000519
100
AcDbDictionary
280
     1
  3
BTARCONSURFACERADIUS
360
1000051D
  3
BTDETID
360
1000051B
  3
BTOWNERFACEID_
360
1000051C
  3
BTPARTID
360
1000051E
  0
DICTIONARY
  5
10000520
330
1000051F
100
AcDbDictionary
280
     1
  3
BTDETID
360
10000521
  3
BTPARTID
360
10000522
  0
DICTIONARY
  5
10000524
330
10000523
100
AcDbDictionary
280
     1
  3
BTARCONSURFACERADIUS
360
10000527
  3
BTDETID
360
10000525
  3
BTOWNERFACEID_
360
10000526
  3
BTPARTID
360
10000528
  0
DICTIONARY
  5
1000052A
330
10000529
100
AcDbDictionary
280
     1
  3
BTDETID
360
1000052B
  3
BTPARTID
360
1000052C
  0
DICTIONARY
  5
1000052E
330
1000052D
100
AcDbDictionary
280
     1
  3
BTARCONSURFACERADIUS
360
10000531
  3
BTDETID
360
1000052F
  3
BTOWNERFACEID_
360
10000530
  3
BTPARTID
360
10000532
  0
DICTIONARY
  5
10000534
330
10000533
100
AcDbDictionary
280
     1
  3
BTDETID
360
10000535
  3
BTPARTID
360
10000536
  0
DICTIONARY
  5
10000538
330
10000537
100
AcDbDictionary
280
     1
  3
BTARCONSURFACERADIUS
360
1000053B
  3
BTDETID
360
10000539
  3
BTOWNERFACEID_
360
1000053A
  3
BTPARTID
360
1000053C
  0
DICTIONARY
  5
1000053E
330
1000053D
100
AcDbDictionary
280
     1
  3
BTDETID
360
1000053F
  3
BTPARTID
360
10000540
  0
DICTIONARY
  5
10000542
330
10000541
100
AcDbDictionary
280
     1
  3
BTARCONSURFACERADIUS
360
10000545
  3
BTDETID
360
10000543
  3
BTOWNERFACEID_
360
10000544
  3
BTPARTID
360
10000546
  0
DICTIONARY
  5
10000548
330
10000547
100
AcDbDictionary
280
     1
  3
BTDETID
360
10000549
  3
BTPARTID
360
1000054A
  0
DICTIONARY
  5
1000054C
330
1000054B
100
AcDbDictionary
280
     1
  3
BTARCONSURFACERADIUS
360
1000054F
  3
BTDETID
360
1000054D
  3
BTOWNERFACEID_
360
1000054E
  3
BTPARTID
360
10000550
  0
DICTIONARY
  5
10000552
330
10000551
100
AcDbDictionary
280
     1
  3
BTDETID
360
10000553
  3
BTPARTID
360
10000554
  0
DICTIONARY
  5
10000556
330
10000555
100
AcDbDictionary
280
     1
  3
BTARCONSURFACERADIUS
360
10000559
  3
BTDETID
360
10000557
  3
BTOWNERFACEID_
360
10000558
  3
BTPARTID
360
1000055A
  0
DICTIONARY
  5
1000055C
330
1000055B
100
AcDbDictionary
280
     1
  3
BTDETID
360
1000055D
  3
BTPARTID
360
1000055E
  0
DICTIONARY
  5
10000560
330
1000055F
100
AcDbDictionary
280
     1
  3
BTARCONSURFACERADIUS
360
10000563
  3
BTDETID
360
10000561
  3
BTOWNERFACEID_
360
10000562
  3
BTPARTID
360
10000564
  0
DICTIONARY
  5
10000566
330
10000565
100
AcDbDictionary
280
     1
  3
BTDETID
360
10000567
  3
BTPARTID
360
10000568
  0
DICTIONARY
  5
1000056A
330
10000569
100
AcDbDictionary
280
     1
  3
BTARCONSURFACERADIUS
360
1000056D
  3
BTDETID
360
1000056B
  3
BTOWNERFACEID_
360
1000056C
  3
BTPARTID
360
1000056E
  0
DICTIONARY
  5
10000570
330
1000056F
100
AcDbDictionary
280
     1
  3
BTDETID
360
10000571
  3
BTPARTID
360
10000572
  0
DICTIONARY
  5
10000574
330
10000573
100
AcDbDictionary
280
     1
  3
BTARCONSURFACERADIUS
360
10000577
  3
BTDETID
360
10000575
  3
BTOWNERFACEID_
360
10000576
  3
BTPARTID
360
10000578
  0
DICTIONARY
  5
1000057A
330
10000579
100
AcDbDictionary
280
     1
  3
BTDETID
360
1000057B
  3
BTPARTID
360
1000057C
  0
DICTIONARY
  5
1000057E
330
1000057D
100
AcDbDictionary
280
     1
  3
BTARCONSURFACERADIUS
360
10000581
  3
BTDETID
360
1000057F
  3
BTOWNERFACEID_
360
10000580
  3
BTPARTID
360
10000582
  0
DICTIONARY
  5
10000584
330
10000583
100
AcDbDictionary
280
     1
  3
BTDETID
360
10000585
  3
BTPARTID
360
10000586
  0
DICTIONARY
  5
10000588
330
10000587
100
AcDbDictionary
280
     1
  3
BTARCONSURFACERADIUS
360
1000058B
  3
BTDETID
360
10000589
  3
BTOWNERFACEID_
360
1000058A
  3
BTPARTID
360
1000058C
  0
DICTIONARY
  5
1000058E
330
1000058D
100
AcDbDictionary
280
     1
  3
BTDETID
360
1000058F
  3
BTPARTID
360
10000590
  0
DICTIONARY
  5
10000592
330
10000591
100
AcDbDictionary
280
     1
  3
BTARCONSURFACERADIUS
360
10000595
  3
BTDETID
360
10000593
  3
BTOWNERFACEID_
360
10000594
  3
BTPARTID
360
10000596
  0
DICTIONARY
  5
10000598
330
10000597
100
AcDbDictionary
280
     1
  3
BTDETID
360
10000599
  3
BTPARTID
360
1000059A
  0
DICTIONARY
  5
1000059C
330
1000059B
100
AcDbDictionary
280
     1
  3
BTARCONSURFACERADIUS
360
1000059F
  3
BTDETID
360
1000059D
  3
BTOWNERFACEID_
360
1000059E
  3
BTPARTID
360
100005A0
  0
DICTIONARY
  5
100005A2
330
100005A1
100
AcDbDictionary
280
     1
  3
BTDETID
360
100005A3
  3
BTPARTID
360
100005A4
  0
DICTIONARY
  5
100005A6
330
100005A5
100
AcDbDictionary
280
     1
  3
BTARCONSURFACERADIUS
360
100005A9
  3
BTDETID
360
100005A7
  3
BTOWNERFACEID_
360
100005A8
  3
BTPARTID
360
100005AA
  0
DICTIONARY
  5
100005AC
330
100005AB
100
AcDbDictionary
280
     1
  3
BTDETID
360
100005AD
  3
BTPARTID
360
100005AE
  0
DICTIONARY
  5
100005B0
330
100005AF
100
AcDbDictionary
280
     1
  3
BTARCONSURFACERADIUS
360
100005B3
  3
BTDETID
360
100005B1
  3
BTOWNERFACEID_
360
100005B2
  3
BTPARTID
360
100005B4
  0
DICTIONARY
  5
100005B6
330
100005B5
100
AcDbDictionary
280
     1
  3
BTDETID
360
100005B7
  3
BTPARTID
360
100005B8
  0
DICTIONARY
  5
100005BA
330
100005B9
100
AcDbDictionary
280
     1
  3
BTARCONSURFACERADIUS
360
100005BD
  3
BTDETID
360
100005BB
  3
BTOWNERFACEID_
360
100005BC
  3
BTPARTID
360
100005BE
  0
DICTIONARY
  5
100005C0
330
100005BF
100
AcDbDictionary
280
     1
  3
BTDETID
360
100005C1
  3
BTPARTID
360
100005C2
  0
DICTIONARY
  5
100005C4
330
100005C3
100
AcDbDictionary
280
     1
  3
BTARCONSURFACERADIUS
360
100005C7
  3
BTDETID
360
100005C5
  3
BTOWNERFACEID_
360
100005C6
  3
BTPARTID
360
100005C8
  0
DICTIONARY
  5
100005CA
330
100005C9
100
AcDbDictionary
280
     1
  3
BTDETID
360
100005CB
  3
BTPARTID
360
100005CC
  0
DICTIONARY
  5
100005CE
330
100005CD
100
AcDbDictionary
280
     1
  3
BTARCONSURFACERADIUS
360
100005D1
  3
BTDETID
360
100005CF
  3
BTOWNERFACEID_
360
100005D0
  3
BTPARTID
360
100005D2
  0
DICTIONARY
  5
100005D4
330
100005D3
100
AcDbDictionary
280
     1
  3
BTDETID
360
100005D5
  3
BTPARTID
360
100005D6
  0
DICTIONARY
  5
100005D8
330
100005D7
100
AcDbDictionary
280
     1
  3
BTARCONSURFACERADIUS
360
100005DB
  3
BTDETID
360
100005D9
  3
BTOWNERFACEID_
360
100005DA
  3
BTPARTID
360
100005DC
  0
DICTIONARY
  5
100005DE
330
100005DD
100
AcDbDictionary
280
     1
  3
BTDETID
360
100005DF
  3
BTPARTID
360
100005E0
  0
DICTIONARY
  5
100005E2
330
100005E1
100
AcDbDictionary
280
     1
  3
BTARCONSURFACERADIUS
360
100005E5
  3
BTDETID
360
100005E3
  3
BTOWNERFACEID_
360
100005E4
  3
BTPARTID
360
100005E6
  0
DICTIONARY
  5
100005E8
330
100005E7
100
AcDbDictionary
280
     1
  3
BTDETID
360
100005E9
  3
BTPARTID
360
100005EA
  0
DICTIONARY
  5
100005EC
330
100005EB
100
AcDbDictionary
280
     1
  3
BTARCONSURFACERADIUS
360
100005EF
  3
BTDETID
360
100005ED
  3
BTOWNERFACEID_
360
100005EE
  3
BTPARTID
360
100005F0
  0
DICTIONARY
  5
100005F2
330
100005F1
100
AcDbDictionary
280
     1
  3
BTDETID
360
100005F3
  3
BTPARTID
360
100005F4
  0
DICTIONARY
  5
100005F6
330
100005F5
100
AcDbDictionary
280
     1
  3
BTARCONSURFACERADIUS
360
100005F9
  3
BTDETID
360
100005F7
  3
BTOWNERFACEID_
360
100005F8
  3
BTPARTID
360
100005FA
  0
DICTIONARY
  5
100005FC
330
100005FB
100
AcDbDictionary
280
     1
  3
BTDETID
360
100005FD
  3
BTPARTID
360
100005FE
  0
DICTIONARY
  5
10000600
330
100005FF
100
AcDbDictionary
280
     1
  3
BTARCONSURFACERADIUS
360
10000603
  3
BTDETID
360
10000601
  3
BTOWNERFACEID_
360
10000602
  3
BTPARTID
360
10000604
  0
DICTIONARY
  5
10000606
330
10000605
100
AcDbDictionary
280
     1
  3
BTDETID
360
10000607
  3
BTPARTID
360
10000608
  0
DICTIONARY
  5
1000060A
330
10000609
100
AcDbDictionary
280
     1
  3
BTARCONSURFACERADIUS
360
1000060D
  3
BTDETID
360
1000060B
  3
BTOWNERFACEID_
360
1000060C
  3
BTPARTID
360
1000060E
  0
DICTIONARY
  5
10000610
330
1000060F
100
AcDbDictionary
280
     1
  3
BTDETID
360
10000611
  3
BTPARTID
360
10000612
  0
DICTIONARY
  5
10000614
330
10000613
100
AcDbDictionary
280
     1
  3
BTARCONSURFACERADIUS
360
10000617
  3
BTDETID
360
10000615
  3
BTOWNERFACEID_
360
10000616
  3
BTPARTID
360
10000618
  0
DICTIONARY
  5
1000061A
330
10000619
100
AcDbDictionary
280
     1
  3
BTDETID
360
1000061B
  3
BTPARTID
360
1000061C
  0
DICTIONARY
  5
1000061E
330
1000061D
100
AcDbDictionary
280
     1
  3
BTARCONSURFACERADIUS
360
10000621
  3
BTDETID
360
1000061F
  3
BTOWNERFACEID_
360
10000620
  3
BTPARTID
360
10000622
  0
DICTIONARY
  5
10000624
330
10000623
100
AcDbDictionary
280
     1
  3
BTDETID
360
10000625
  3
BTPARTID
360
10000626
  0
DICTIONARY
  5
10000628
330
10000627
100
AcDbDictionary
280
     1
  3
BTARCONSURFACERADIUS
360
1000062B
  3
BTDETID
360
10000629
  3
BTOWNERFACEID_
360
1000062A
  3
BTPARTID
360
1000062C
  0
DICTIONARY
  5
1000062E
330
1000062D
100
AcDbDictionary
280
     1
  3
BTDETID
360
1000062F
  3
BTPARTID
360
10000630
  0
DICTIONARY
  5
10000632
330
10000631
100
AcDbDictionary
280
     1
  3
BTARCONSURFACERADIUS
360
10000635
  3
BTDETID
360
10000633
  3
BTOWNERFACEID_
360
10000634
  3
BTPARTID
360
10000636
  0
DICTIONARY
  5
10000638
330
10000637
100
AcDbDictionary
280
     1
  3
BTDETID
360
10000639
  3
BTPARTID
360
1000063A
  0
DICTIONARY
  5
1000063C
330
1000063B
100
AcDbDictionary
280
     1
  3
BTARCONSURFACERADIUS
360
1000063F
  3
BTDETID
360
1000063D
  3
BTOWNERFACEID_
360
1000063E
  3
BTPARTID
360
10000640
  0
DICTIONARY
  5
10000642
330
10000641
100
AcDbDictionary
280
     1
  3
BTDETID
360
10000643
  3
BTPARTID
360
10000644
  0
DICTIONARY
  5
10000646
330
10000645
100
AcDbDictionary
280
     1
  3
BTARCONSURFACERADIUS
360
10000649
  3
BTDETID
360
10000647
  3
BTOWNERFACEID_
360
10000648
  3
BTPARTID
360
1000064A
  0
DICTIONARY
  5
1000064C
330
1000064B
100
AcDbDictionary
280
     1
  3
BTDETID
360
1000064D
  3
BTPARTID
360
1000064E
  0
DICTIONARY
  5
10000650
330
1000064F
100
AcDbDictionary
280
     1
  3
BTARCONSURFACERADIUS
360
10000653
  3
BTDETID
360
10000651
  3
BTOWNERFACEID_
360
10000652
  3
BTPARTID
360
10000654
  0
DICTIONARY
  5
10000656
330
10000655
100
AcDbDictionary
280
     1
  3
BTDETID
360
10000657
  3
BTPARTID
360
10000658
  0
DICTIONARY
  5
1000065A
330
10000659
100
AcDbDictionary
280
     1
  3
BTARCONSURFACERADIUS
360
1000065D
  3
BTDETID
360
1000065B
  3
BTOWNERFACEID_
360
1000065C
  3
BTPARTID
360
1000065E
  0
DICTIONARY
  5
10000660
330
1000065F
100
AcDbDictionary
280
     1
  3
BTDETID
360
10000661
  3
BTPARTID
360
10000662
  0
DICTIONARY
  5
10000664
330
10000663
100
AcDbDictionary
280
     1
  3
BTARCONSURFACERADIUS
360
10000667
  3
BTDETID
360
10000665
  3
BTOWNERFACEID_
360
10000666
  3
BTPARTID
360
10000668
  0
DICTIONARY
  5
1000066A
330
10000669
100
AcDbDictionary
280
     1
  3
BTDETID
360
1000066B
  3
BTPARTID
360
1000066C
  0
DICTIONARY
  5
1000066E
330
1000066D
100
AcDbDictionary
280
     1
  3
BTARCONSURFACERADIUS
360
10000671
  3
BTDETID
360
1000066F
  3
BTOWNERFACEID_
360
10000670
  3
BTPARTID
360
10000672
  0
DICTIONARY
  5
10000674
330
10000673
100
AcDbDictionary
280
     1
  3
BTDETID
360
10000675
  3
BTPARTID
360
10000676
  0
DICTIONARY
  5
10000678
330
10000677
100
AcDbDictionary
280
     1
  3
BTARCONSURFACERADIUS
360
1000067B
  3
BTDETID
360
10000679
  3
BTOWNERFACEID_
360
1000067A
  3
BTPARTID
360
1000067C
  0
DICTIONARY
  5
1000067E
330
1000067D
100
AcDbDictionary
280
     1
  3
BTDETID
360
1000067F
  3
BTPARTID
360
10000680
  0
DICTIONARY
  5
10000682
330
10000681
100
AcDbDictionary
280
     1
  3
BTARCONSURFACERADIUS
360
10000685
  3
BTDETID
360
10000683
  3
BTOWNERFACEID_
360
10000684
  3
BTPARTID
360
10000686
  0
DICTIONARY
  5
10000688
330
10000687
100
AcDbDictionary
280
     1
  3
BTDETID
360
10000689
  3
BTPARTID
360
1000068A
  0
DICTIONARY
  5
1000068C
330
1000068B
100
AcDbDictionary
280
     1
  3
BTARCONSURFACERADIUS
360
1000068F
  3
BTDETID
360
1000068D
  3
BTOWNERFACEID_
360
1000068E
  3
BTPARTID
360
10000690
  0
DICTIONARY
  5
10000692
330
10000691
100
AcDbDictionary
280
     1
  3
BTDETID
360
10000693
  3
BTPARTID
360
10000694
  0
DICTIONARY
  5
10000696
330
10000695
100
AcDbDictionary
280
     1
  3
BTARCONSURFACERADIUS
360
10000699
  3
BTDETID
360
10000697
  3
BTOWNERFACEID_
360
10000698
  3
BTPARTID
360
1000069A
  0
DICTIONARY
  5
1000069C
330
1000069B
100
AcDbDictionary
280
     1
  3
BTDETID
360
1000069D
  3
BTPARTID
360
1000069E
  0
DICTIONARY
  5
100006A0
330
1000069F
100
AcDbDictionary
280
     1
  3
BTARCONSURFACERADIUS
360
100006A3
  3
BTDETID
360
100006A1
  3
BTOWNERFACEID_
360
100006A2
  3
BTPARTID
360
100006A4
  0
DICTIONARY
  5
100006A6
330
100006A5
100
AcDbDictionary
280
     1
  3
BTDETID
360
100006A7
  3
BTPARTID
360
100006A8
  0
DICTIONARY
  5
100006AA
330
100006A9
100
AcDbDictionary
280
     1
  3
BTARCONSURFACERADIUS
360
100006AD
  3
BTDETID
360
100006AB
  3
BTOWNERFACEID_
360
100006AC
  3
BTPARTID
360
100006AE
  0
DICTIONARY
  5
100006B0
330
100006AF
100
AcDbDictionary
280
     1
  3
BTDETID
360
100006B1
  3
BTPARTID
360
100006B2
  0
DICTIONARY
  5
100006B4
330
100006B3
100
AcDbDictionary
280
     1
  3
BTARCONSURFACERADIUS
360
100006B7
  3
BTDETID
360
100006B5
  3
BTOWNERFACEID_
360
100006B6
  3
BTPARTID
360
100006B8
  0
DICTIONARY
  5
100006BA
330
100006B9
100
AcDbDictionary
280
     1
  3
BTDETID
360
100006BB
  3
BTPARTID
360
100006BC
  0
DICTIONARY
  5
100006BE
330
100006BD
100
AcDbDictionary
280
     1
  3
BTARCONSURFACERADIUS
360
100006C1
  3
BTDETID
360
100006BF
  3
BTOWNERFACEID_
360
100006C0
  3
BTPARTID
360
100006C2
  0
DICTIONARY
  5
100006C4
330
100006C3
100
AcDbDictionary
280
     1
  3
BTDETID
360
100006C5
  3
BTPARTID
360
100006C6
  0
DICTIONARY
  5
100006C8
330
100006C7
100
AcDbDictionary
280
     1
  3
BTARCONSURFACERADIUS
360
100006CB
  3
BTDETID
360
100006C9
  3
BTOWNERFACEID_
360
100006CA
  3
BTPARTID
360
100006CC
  0
DICTIONARY
  5
100006CE
330
100006CD
100
AcDbDictionary
280
     1
  3
BTDETID
360
100006CF
  3
BTPARTID
360
100006D0
  0
DICTIONARY
  5
100006D2
330
100006D1
100
AcDbDictionary
280
     1
  3
BTARCONSURFACERADIUS
360
100006D5
  3
BTDETID
360
100006D3
  3
BTOWNERFACEID_
360
100006D4
  3
BTPARTID
360
100006D6
  0
DICTIONARY
  5
100006D8
330
100006D7
100
AcDbDictionary
280
     1
  3
BTDETID
360
100006D9
  3
BTPARTID
360
100006DA
  0
DICTIONARY
  5
100006DC
330
100006DB
100
AcDbDictionary
280
     1
  3
BTARCONSURFACERADIUS
360
100006DF
  3
BTDETID
360
100006DD
  3
BTOWNERFACEID_
360
100006DE
  3
BTPARTID
360
100006E0
  0
DICTIONARY
  5
100006E2
330
100006E1
100
AcDbDictionary
280
     1
  3
BTDETID
360
100006E3
  3
BTPARTID
360
100006E4
  0
DICTIONARY
  5
100006E6
330
100006E5
100
AcDbDictionary
280
     1
  3
BTARCONSURFACERADIUS
360
100006E9
  3
BTDETID
360
100006E7
  3
BTOWNERFACEID_
360
100006E8
  3
BTPARTID
360
100006EA
  0
DICTIONARY
  5
100006EC
330
100006EB
100
AcDbDictionary
280
     1
  3
BTDETID
360
100006ED
  3
BTPARTID
360
100006EE
  0
DICTIONARY
  5
100006F0
330
100006EF
100
AcDbDictionary
280
     1
  3
BTARCONSURFACERADIUS
360
100006F3
  3
BTDETID
360
100006F1
  3
BTOWNERFACEID_
360
100006F2
  3
BTPARTID
360
100006F4
  0
DICTIONARY
  5
100006F6
330
100006F5
100
AcDbDictionary
280
     1
  3
BTDETID
360
100006F7
  3
BTPARTID
360
100006F8
  0
DICTIONARY
  5
100006FA
330
100006F9
100
AcDbDictionary
280
     1
  3
BTARCONSURFACERADIUS
360
100006FD
  3
BTDETID
360
100006FB
  3
BTOWNERFACEID_
360
100006FC
  3
BTPARTID
360
100006FE
  0
DICTIONARY
  5
10000700
330
100006FF
100
AcDbDictionary
280
     1
  3
BTDETID
360
10000701
  3
BTPARTID
360
10000702
  0
DICTIONARY
  5
10000704
330
10000703
100
AcDbDictionary
280
     1
  3
BTARCONSURFACERADIUS
360
10000707
  3
BTDETID
360
10000705
  3
BTOWNERFACEID_
360
10000706
  3
BTPARTID
360
10000708
  0
DICTIONARY
  5
1000070A
330
10000709
100
AcDbDictionary
280
     1
  3
BTDETID
360
1000070B
  3
BTPARTID
360
1000070C
  0
DICTIONARY
  5
1000070E
330
1000070D
100
AcDbDictionary
280
     1
  3
BTARCONSURFACERADIUS
360
10000711
  3
BTDETID
360
1000070F
  3
BTOWNERFACEID_
360
10000710
  3
BTPARTID
360
10000712
  0
DICTIONARY
  5
10000714
330
10000713
100
AcDbDictionary
280
     1
  3
BTDETID
360
10000715
  3
BTPARTID
360
10000716
  0
DICTIONARY
  5
10000718
330
10000717
100
AcDbDictionary
280
     1
  3
BTARCONSURFACERADIUS
360
1000071B
  3
BTDETID
360
10000719
  3
BTOWNERFACEID_
360
1000071A
  3
BTPARTID
360
1000071C
  0
DICTIONARY
  5
1000071E
330
1000071D
100
AcDbDictionary
280
     1
  3
BTDETID
360
1000071F
  3
BTPARTID
360
10000720
  0
DICTIONARY
  5
10000722
330
10000721
100
AcDbDictionary
280
     1
  3
BTARCONSURFACERADIUS
360
10000725
  3
BTDETID
360
10000723
  3
BTOWNERFACEID_
360
10000724
  3
BTPARTID
360
10000726
  0
DICTIONARY
  5
10000728
330
10000727
100
AcDbDictionary
280
     1
  3
BTDETID
360
10000729
  3
BTPARTID
360
1000072A
  0
DICTIONARY
  5
1000072C
330
1000072B
100
AcDbDictionary
280
     1
  3
BTARCONSURFACERADIUS
360
1000072F
  3
BTDETID
360
1000072D
  3
BTOWNERFACEID_
360
1000072E
  3
BTPARTID
360
10000730
  0
DICTIONARY
  5
10000732
330
10000731
100
AcDbDictionary
280
     1
  3
BTDETID
360
10000733
  3
BTPARTID
360
10000734
  0
DICTIONARY
  5
10000736
330
10000735
100
AcDbDictionary
280
     1
  3
BTARCONSURFACERADIUS
360
10000739
  3
BTDETID
360
10000737
  3
BTOWNERFACEID_
360
10000738
  3
BTPARTID
360
1000073A
  0
DICTIONARY
  5
1000073C
330
1000073B
100
AcDbDictionary
280
     1
  3
BTDETID
360
1000073D
  3
BTPARTID
360
1000073E
  0
DICTIONARY
  5
10000740
330
1000073F
100
AcDbDictionary
280
     1
  3
BTARCONSURFACERADIUS
360
10000743
  3
BTDETID
360
10000741
  3
BTOWNERFACEID_
360
10000742
  3
BTPARTID
360
10000744
  0
DICTIONARY
  5
10000746
330
10000745
100
AcDbDictionary
280
     1
  3
BTDETID
360
10000747
  3
BTPARTID
360
10000748
  0
DICTIONARY
  5
1000074A
330
10000749
100
AcDbDictionary
280
     1
  3
BTARCONSURFACERADIUS
360
1000074D
  3
BTDETID
360
1000074B
  3
BTOWNERFACEID_
360
1000074C
  3
BTPARTID
360
1000074E
  0
DICTIONARY
  5
10000750
330
1000074F
100
AcDbDictionary
280
     1
  3
BTDETID
360
10000751
  3
BTPARTID
360
10000752
  0
DICTIONARY
  5
10000754
330
10000753
100
AcDbDictionary
280
     1
  3
BTARCONSURFACERADIUS
360
10000757
  3
BTDETID
360
10000755
  3
BTOWNERFACEID_
360
10000756
  3
BTPARTID
360
10000758
  0
DICTIONARY
  5
1000075A
330
10000759
100
AcDbDictionary
280
     1
  3
BTDETID
360
1000075B
  3
BTPARTID
360
1000075C
  0
DICTIONARY
  5
1000075E
330
1000075D
100
AcDbDictionary
280
     1
  3
BTARCONSURFACERADIUS
360
10000761
  3
BTDETID
360
1000075F
  3
BTOWNERFACEID_
360
10000760
  3
BTPARTID
360
10000762
  0
DICTIONARY
  5
10000764
330
10000763
100
AcDbDictionary
280
     1
  3
BTDETID
360
10000765
  3
BTPARTID
360
10000766
  0
DICTIONARY
  5
10000768
330
10000767
100
AcDbDictionary
280
     1
  3
BTARCONSURFACERADIUS
360
1000076B
  3
BTDETID
360
10000769
  3
BTOWNERFACEID_
360
1000076A
  3
BTPARTID
360
1000076C
  0
DICTIONARY
  5
1000076E
330
1000076D
100
AcDbDictionary
280
     1
  3
BTDETID
360
1000076F
  3
BTPARTID
360
10000770
  0
DICTIONARY
  5
10000772
330
10000771
100
AcDbDictionary
280
     1
  3
BTARCONSURFACERADIUS
360
10000775
  3
BTDETID
360
10000773
  3
BTOWNERFACEID_
360
10000774
  3
BTPARTID
360
10000776
  0
DICTIONARY
  5
10000778
330
10000777
100
AcDbDictionary
280
     1
  3
BTDETID
360
10000779
  3
BTPARTID
360
1000077A
  0
DICTIONARY
  5
1000077C
330
1000077B
100
AcDbDictionary
280
     1
  3
BTARCONSURFACERADIUS
360
1000077F
  3
BTDETID
360
1000077D
  3
BTOWNERFACEID_
360
1000077E
  3
BTPARTID
360
10000780
  0
DICTIONARY
  5
10000782
330
10000781
100
AcDbDictionary
280
     1
  3
BTDETID
360
10000783
  3
BTPARTID
360
10000784
  0
DICTIONARY
  5
10000786
330
10000785
100
AcDbDictionary
280
     1
  3
BTARCONSURFACERADIUS
360
10000789
  3
BTDETID
360
10000787
  3
BTOWNERFACEID_
360
10000788
  3
BTPARTID
360
1000078A
  0
DICTIONARY
  5
1000078C
330
1000078B
100
AcDbDictionary
280
     1
  3
BTDETID
360
1000078D
  3
BTPARTID
360
1000078E
  0
DICTIONARY
  5
10000790
330
1000078F
100
AcDbDictionary
280
     1
  3
BTARCONSURFACERADIUS
360
10000793
  3
BTDETID
360
10000791
  3
BTOWNERFACEID_
360
10000792
  3
BTPARTID
360
10000794
  0
DICTIONARY
  5
10000796
330
10000795
100
AcDbDictionary
280
     1
  3
BTDETID
360
10000797
  3
BTPARTID
360
10000798
  0
DICTIONARY
  5
1000079A
330
10000799
100
AcDbDictionary
280
     1
  3
BTARCONSURFACERADIUS
360
1000079D
  3
BTDETID
360
1000079B
  3
BTOWNERFACEID_
360
1000079C
  3
BTPARTID
360
1000079E
  0
DICTIONARY
  5
100007A0
330
1000079F
100
AcDbDictionary
280
     1
  3
BTDETID
360
100007A1
  3
BTPARTID
360
100007A2
  0
DICTIONARY
  5
100007A4
330
100007A3
100
AcDbDictionary
280
     1
  3
BTARCONSURFACERADIUS
360
100007A7
  3
BTDETID
360
100007A5
  3
BTOWNERFACEID_
360
100007A6
  3
BTPARTID
360
100007A8
  0
DICTIONARY
  5
100007AA
330
100007A9
100
AcDbDictionary
280
     1
  3
BTDETID
360
100007AB
  3
BTPARTID
360
100007AC
  0
DICTIONARY
  5
100007AE
330
100007AD
100
AcDbDictionary
280
     1
  3
BTARCONSURFACERADIUS
360
100007B1
  3
BTDETID
360
100007AF
  3
BTOWNERFACEID_
360
100007B0
  3
BTPARTID
360
100007B2
  0
DICTIONARY
  5
100007B4
330
100007B3
100
AcDbDictionary
280
     1
  3
BTDETID
360
100007B5
  3
BTPARTID
360
100007B6
  0
DICTIONARY
  5
100007B8
330
100007B7
100
AcDbDictionary
280
     1
  3
BTARCONSURFACERADIUS
360
100007BB
  3
BTDETID
360
100007B9
  3
BTOWNERFACEID_
360
100007BA
  3
BTPARTID
360
100007BC
  0
DICTIONARY
  5
100007BE
330
100007BD
100
AcDbDictionary
280
     1
  3
BTDETID
360
100007BF
  3
BTPARTID
360
100007C0
  0
DICTIONARY
  5
100007C2
330
100007C1
100
AcDbDictionary
280
     1
  3
BTARCONSURFACERADIUS
360
100007C5
  3
BTDETID
360
100007C3
  3
BTOWNERFACEID_
360
100007C4
  3
BTPARTID
360
100007C6
  0
DICTIONARY
  5
100007C8
330
100007C7
100
AcDbDictionary
280
     1
  3
BTDETID
360
100007C9
  3
BTPARTID
360
100007CA
  0
DICTIONARY
  5
100007CC
330
100007CB
100
AcDbDictionary
280
     1
  3
BTARCONSURFACERADIUS
360
100007CF
  3
BTDETID
360
100007CD
  3
BTOWNERFACEID_
360
100007CE
  3
BTPARTID
360
100007D0
  0
DICTIONARY
  5
100007D2
330
100007D1
100
AcDbDictionary
280
     1
  3
BTDETID
360
100007D3
  3
BTPARTID
360
100007D4
  0
DICTIONARY
  5
100007D6
330
100007D5
100
AcDbDictionary
280
     1
  3
BTARCONSURFACERADIUS
360
100007D9
  3
BTDETID
360
100007D7
  3
BTOWNERFACEID_
360
100007D8
  3
BTPARTID
360
100007DA
  0
DICTIONARY
  5
100007DC
330
100007DB
100
AcDbDictionary
280
     1
  3
BTDETID
360
100007DD
  3
BTPARTID
360
100007DE
  0
DICTIONARY
  5
100007E0
330
100007DF
100
AcDbDictionary
280
     1
  3
BTARCONSURFACERADIUS
360
100007E3
  3
BTDETID
360
100007E1
  3
BTOWNERFACEID_
360
100007E2
  3
BTPARTID
360
100007E4
  0
DICTIONARY
  5
100007E6
330
100007E5
100
AcDbDictionary
280
     1
  3
BTDETID
360
100007E7
  3
BTPARTID
360
100007E8
  0
DICTIONARY
  5
100007EA
330
100007E9
100
AcDbDictionary
280
     1
  3
BTARCONSURFACERADIUS
360
100007ED
  3
BTDETID
360
100007EB
  3
BTOWNERFACEID_
360
100007EC
  3
BTPARTID
360
100007EE
  0
DICTIONARY
  5
100007F0
330
100007EF
100
AcDbDictionary
280
     1
  3
BTDETID
360
100007F1
  3
BTPARTID
360
100007F2
  0
DICTIONARY
  5
100007F4
330
100007F3
100
AcDbDictionary
280
     1
  3
BTARCONSURFACERADIUS
360
100007F7
  3
BTDETID
360
100007F5
  3
BTOWNERFACEID_
360
100007F6
  3
BTPARTID
360
100007F8
  0
DICTIONARY
  5
100007FA
330
100007F9
100
AcDbDictionary
280
     1
  3
BTDETID
360
100007FB
  3
BTPARTID
360
100007FC
  0
DICTIONARY
  5
100007FE
330
100007FD
100
AcDbDictionary
280
     1
  3
BTARCONSURFACERADIUS
360
10000801
  3
BTDETID
360
100007FF
  3
BTOWNERFACEID_
360
10000800
  3
BTPARTID
360
10000802
  0
DICTIONARY
  5
10000804
330
10000803
100
AcDbDictionary
280
     1
  3
BTDETID
360
10000805
  3
BTPARTID
360
10000806
  0
DICTIONARY
  5
10000808
330
10000807
100
AcDbDictionary
280
     1
  3
BTARCONSURFACERADIUS
360
1000080B
  3
BTDETID
360
10000809
  3
BTOWNERFACEID_
360
1000080A
  3
BTPARTID
360
1000080C
  0
DICTIONARY
  5
1000080E
330
1000080D
100
AcDbDictionary
280
     1
  3
BTDETID
360
1000080F
  3
BTPARTID
360
10000810
  0
DICTIONARY
  5
10000812
330
10000811
100
AcDbDictionary
280
     1
  3
BTARCONSURFACERADIUS
360
10000815
  3
BTDETID
360
10000813
  3
BTOWNERFACEID_
360
10000814
  3
BTPARTID
360
10000816
  0
DICTIONARY
  5
10000818
330
10000817
100
AcDbDictionary
280
     1
  3
BTDETID
360
10000819
  3
BTPARTID
360
1000081A
  0
DICTIONARY
  5
1000081C
330
1000081B
100
AcDbDictionary
280
     1
  3
BTARCONSURFACERADIUS
360
1000081F
  3
BTDETID
360
1000081D
  3
BTOWNERFACEID_
360
1000081E
  3
BTPARTID
360
10000820
  0
DICTIONARY
  5
10000822
330
10000821
100
AcDbDictionary
280
     1
  3
BTDETID
360
10000823
  3
BTPARTID
360
10000824
  0
DICTIONARY
  5
10000826
330
10000825
100
AcDbDictionary
280
     1
  3
BTARCONSURFACERADIUS
360
10000829
  3
BTDETID
360
10000827
  3
BTOWNERFACEID_
360
10000828
  3
BTPARTID
360
1000082A
  0
DICTIONARY
  5
1000082C
330
1000082B
100
AcDbDictionary
280
     1
  3
BTDETID
360
1000082D
  3
BTPARTID
360
1000082E
  0
DICTIONARY
  5
10000830
330
1000082F
100
AcDbDictionary
280
     1
  3
BTARCONSURFACERADIUS
360
10000833
  3
BTDETID
360
10000831
  3
BTOWNERFACEID_
360
10000832
  3
BTPARTID
360
10000834
  0
DICTIONARY
  5
10000836
330
10000835
100
AcDbDictionary
280
     1
  3
BTDETID
360
10000837
  3
BTPARTID
360
10000838
  0
DICTIONARY
  5
1000083A
330
10000839
100
AcDbDictionary
280
     1
  3
BTARCONSURFACERADIUS
360
1000083D
  3
BTDETID
360
1000083B
  3
BTOWNERFACEID_
360
1000083C
  3
BTPARTID
360
1000083E
  0
DICTIONARY
  5
10000840
330
1000083F
100
AcDbDictionary
280
     1
  3
BTDETID
360
10000841
  3
BTPARTID
360
10000842
  0
DICTIONARY
  5
10000844
330
10000843
100
AcDbDictionary
280
     1
  3
BTARCONSURFACERADIUS
360
10000847
  3
BTDETID
360
10000845
  3
BTOWNERFACEID_
360
10000846
  3
BTPARTID
360
10000848
  0
DICTIONARY
  5
1000084A
330
10000849
100
AcDbDictionary
280
     1
  3
BTDETID
360
1000084B
  3
BTPARTID
360
1000084C
  0
DICTIONARY
  5
1000084E
330
1000084D
100
AcDbDictionary
280
     1
  3
BTARCONSURFACERADIUS
360
10000851
  3
BTDETID
360
1000084F
  3
BTOWNERFACEID_
360
10000850
  3
BTPARTID
360
10000852
  0
DICTIONARY
  5
10000854
330
10000853
100
AcDbDictionary
280
     1
  3
BTDETID
360
10000855
  3
BTPARTID
360
10000856
  0
DICTIONARY
  5
10000858
330
10000857
100
AcDbDictionary
280
     1
  3
BTARCONSURFACERADIUS
360
1000085B
  3
BTDETID
360
10000859
  3
BTOWNERFACEID_
360
1000085A
  3
BTPARTID
360
1000085C
  0
DICTIONARY
  5
1000085E
330
1000085D
100
AcDbDictionary
280
     1
  3
BTDETID
360
1000085F
  3
BTPARTID
360
10000860
  0
DICTIONARY
  5
10000862
330
10000861
100
AcDbDictionary
280
     1
  3
BTARCONSURFACERADIUS
360
10000865
  3
BTDETID
360
10000863
  3
BTOWNERFACEID_
360
10000864
  3
BTPARTID
360
10000866
  0
DICTIONARY
  5
10000868
330
10000867
100
AcDbDictionary
280
     1
  3
BTDETID
360
10000869
  3
BTPARTID
360
1000086A
  0
DICTIONARY
  5
1000086C
330
1000086B
100
AcDbDictionary
280
     1
  3
BTARCONSURFACERADIUS
360
1000086F
  3
BTDETID
360
1000086D
  3
BTOWNERFACEID_
360
1000086E
  3
BTPARTID
360
10000870
  0
DICTIONARY
  5
10000872
330
10000871
100
AcDbDictionary
280
     1
  3
BTDETID
360
10000873
  3
BTPARTID
360
10000874
  0
DICTIONARY
  5
10000876
330
10000875
100
AcDbDictionary
280
     1
  3
BTARCONSURFACERADIUS
360
10000879
  3
BTDETID
360
10000877
  3
BTOWNERFACEID_
360
10000878
  3
BTPARTID
360
1000087A
  0
DICTIONARY
  5
1000087C
330
1000087B
100
AcDbDictionary
280
     1
  3
BTDETID
360
1000087D
  3
BTPARTID
360
1000087E
  0
DICTIONARY
  5
10000880
330
1000087F
100
AcDbDictionary
280
     1
  3
BTARCONSURFACERADIUS
360
10000883
  3
BTDETID
360
10000881
  3
BTOWNERFACEID_
360
10000882
  3
BTPARTID
360
10000884
  0
DICTIONARY
  5
10000886
330
10000885
100
AcDbDictionary
280
     1
  3
BTDETID
360
10000887
  3
BTPARTID
360
10000888
  0
DICTIONARY
  5
1000088A
330
10000889
100
AcDbDictionary
280
     1
  3
BTARCONSURFACERADIUS
360
1000088D
  3
BTDETID
360
1000088B
  3
BTOWNERFACEID_
360
1000088C
  3
BTPARTID
360
1000088E
  0
DICTIONARY
  5
10000890
330
1000088F
100
AcDbDictionary
280
     1
  3
BTDETID
360
10000891
  3
BTPARTID
360
10000892
  0
DICTIONARY
  5
10000894
330
10000893
100
AcDbDictionary
280
     1
  3
BTARCONSURFACERADIUS
360
10000897
  3
BTDETID
360
10000895
  3
BTOWNERFACEID_
360
10000896
  3
BTPARTID
360
10000898
  0
DICTIONARY
  5
1000089A
330
10000899
100
AcDbDictionary
280
     1
  3
BTDETID
360
1000089B
  3
BTPARTID
360
1000089C
  0
DICTIONARY
  5
1000089E
330
1000089D
100
AcDbDictionary
280
     1
  3
BTARCONSURFACERADIUS
360
100008A1
  3
BTDETID
360
1000089F
  3
BTOWNERFACEID_
360
100008A0
  3
BTPARTID
360
100008A2
  0
DICTIONARY
  5
100008A4
330
100008A3
100
AcDbDictionary
280
     1
  3
BTDETID
360
100008A5
  3
BTPARTID
360
100008A6
  0
DICTIONARY
  5
100008A8
330
100008A7
100
AcDbDictionary
280
     1
  3
BTARCONSURFACERADIUS
360
100008AB
  3
BTDETID
360
100008A9
  3
BTOWNERFACEID_
360
100008AA
  3
BTPARTID
360
100008AC
  0
DICTIONARY
  5
100008AE
330
100008AD
100
AcDbDictionary
280
     1
  3
BTDETID
360
100008AF
  3
BTPARTID
360
100008B0
  0
DICTIONARY
  5
100008B2
330
100008B1
100
AcDbDictionary
280
     1
  3
BTARCONSURFACERADIUS
360
100008B5
  3
BTDETID
360
100008B3
  3
BTOWNERFACEID_
360
100008B4
  3
BTPARTID
360
100008B6
  0
DICTIONARY
  5
100008B8
330
100008B7
100
AcDbDictionary
280
     1
  3
BTDETID
360
100008B9
  3
BTPARTID
360
100008BA
  0
DICTIONARY
  5
100008BC
330
100008BB
100
AcDbDictionary
280
     1
  3
BTARCONSURFACERADIUS
360
100008BF
  3
BTDETID
360
100008BD
  3
BTOWNERFACEID_
360
100008BE
  3
BTPARTID
360
100008C0
  0
DICTIONARY
  5
100008C2
330
100008C1
100
AcDbDictionary
280
     1
  3
BTDETID
360
100008C3
  3
BTPARTID
360
100008C4
  0
DICTIONARY
  5
100008C6
330
100008C5
100
AcDbDictionary
280
     1
  3
BTARCONSURFACERADIUS
360
100008C9
  3
BTDETID
360
100008C7
  3
BTOWNERFACEID_
360
100008C8
  3
BTPARTID
360
100008CA
  0
DICTIONARY
  5
100008CC
330
100008CB
100
AcDbDictionary
280
     1
  3
BTDETID
360
100008CD
  3
BTPARTID
360
100008CE
  0
DICTIONARY
  5
100008D0
330
100008CF
100
AcDbDictionary
280
     1
  3
BTARCONSURFACERADIUS
360
100008D3
  3
BTDETID
360
100008D1
  3
BTOWNERFACEID_
360
100008D2
  3
BTPARTID
360
100008D4
  0
DICTIONARY
  5
100008D6
330
100008D5
100
AcDbDictionary
280
     1
  3
BTDETID
360
100008D7
  3
BTPARTID
360
100008D8
  0
DICTIONARY
  5
100008DA
330
100008D9
100
AcDbDictionary
280
     1
  3
BTARCONSURFACERADIUS
360
100008DD
  3
BTDETID
360
100008DB
  3
BTOWNERFACEID_
360
100008DC
  3
BTPARTID
360
100008DE
  0
DICTIONARY
  5
100008E0
330
100008DF
100
AcDbDictionary
280
     1
  3
BTDETID
360
100008E1
  3
BTPARTID
360
100008E2
  0
DICTIONARY
  5
100008E4
330
100008E3
100
AcDbDictionary
280
     1
  3
BTARCONSURFACERADIUS
360
100008E7
  3
BTDETID
360
100008E5
  3
BTOWNERFACEID_
360
100008E6
  3
BTPARTID
360
100008E8
  0
DICTIONARY
  5
100008EA
330
100008E9
100
AcDbDictionary
280
     1
  3
BTDETID
360
100008EB
  3
BTPARTID
360
100008EC
  0
DICTIONARY
  5
100008EE
330
100008ED
100
AcDbDictionary
280
     1
  3
BTARCONSURFACERADIUS
360
100008F1
  3
BTDETID
360
100008EF
  3
BTOWNERFACEID_
360
100008F0
  3
BTPARTID
360
100008F2
  0
DICTIONARY
  5
100008F4
330
100008F3
100
AcDbDictionary
280
     1
  3
BTDETID
360
100008F5
  3
BTPARTID
360
100008F6
  0
DICTIONARY
  5
100008F8
330
100008F7
100
AcDbDictionary
280
     1
  3
BTARCONSURFACERADIUS
360
100008FB
  3
BTDETID
360
100008F9
  3
BTOWNERFACEID_
360
100008FA
  3
BTPARTID
360
100008FC
  0
DICTIONARY
  5
100008FE
330
100008FD
100
AcDbDictionary
280
     1
  3
BTDETID
360
100008FF
  3
BTPARTID
360
10000900
  0
DICTIONARY
  5
10000902
330
10000901
100
AcDbDictionary
280
     1
  3
BTARCONSURFACERADIUS
360
10000905
  3
BTDETID
360
10000903
  3
BTOWNERFACEID_
360
10000904
  3
BTPARTID
360
10000906
  0
DICTIONARY
  5
10000908
330
10000907
100
AcDbDictionary
280
     1
  3
BTDETID
360
10000909
  3
BTPARTID
360
1000090A
  0
DICTIONARY
  5
1000090C
330
1000090B
100
AcDbDictionary
280
     1
  3
BTARCONSURFACERADIUS
360
1000090F
  3
BTDETID
360
1000090D
  3
BTOWNERFACEID_
360
1000090E
  3
BTPARTID
360
10000910
  0
DICTIONARY
  5
10000912
330
10000911
100
AcDbDictionary
280
     1
  3
BTDETID
360
10000913
  3
BTPARTID
360
10000914
  0
DICTIONARY
  5
10000916
330
10000915
100
AcDbDictionary
280
     1
  3
BTARCONSURFACERADIUS
360
10000919
  3
BTDETID
360
10000917
  3
BTOWNERFACEID_
360
10000918
  3
BTPARTID
360
1000091A
  0
DICTIONARY
  5
1000091C
330
1000091B
100
AcDbDictionary
280
     1
  3
BTDETID
360
1000091D
  3
BTPARTID
360
1000091E
  0
DICTIONARY
  5
10000920
330
1000091F
100
AcDbDictionary
280
     1
  3
BTARCONSURFACERADIUS
360
10000923
  3
BTDETID
360
10000921
  3
BTOWNERFACEID_
360
10000922
  3
BTPARTID
360
10000924
  0
DICTIONARY
  5
10000926
330
10000925
100
AcDbDictionary
280
     1
  3
BTDETID
360
10000927
  3
BTPARTID
360
10000928
  0
DICTIONARY
  5
1000092A
330
10000929
100
AcDbDictionary
280
     1
  3
BTARCONSURFACERADIUS
360
1000092D
  3
BTDETID
360
1000092B
  3
BTOWNERFACEID_
360
1000092C
  3
BTPARTID
360
1000092E
  0
DICTIONARY
  5
10000930
330
1000092F
100
AcDbDictionary
280
     1
  3
BTDETID
360
10000931
  3
BTPARTID
360
10000932
  0
DICTIONARY
  5
10000934
330
10000933
100
AcDbDictionary
280
     1
  3
BTARCONSURFACERADIUS
360
10000937
  3
BTDETID
360
10000935
  3
BTOWNERFACEID_
360
10000936
  3
BTPARTID
360
10000938
  0
DICTIONARY
  5
1000093A
330
10000939
100
AcDbDictionary
280
     1
  3
BTDETID
360
1000093B
  3
BTPARTID
360
1000093C
  0
DICTIONARY
  5
1000093E
330
1000093D
100
AcDbDictionary
280
     1
  3
BTARCONSURFACERADIUS
360
10000941
  3
BTDETID
360
1000093F
  3
BTOWNERFACEID_
360
10000940
  3
BTPARTID
360
10000942
  0
DICTIONARY
  5
10000944
330
10000943
100
AcDbDictionary
280
     1
  3
BTDETID
360
10000945
  3
BTPARTID
360
10000946
  0
DICTIONARY
  5
10000948
330
10000947
100
AcDbDictionary
280
     1
  3
BTARCONSURFACERADIUS
360
1000094B
  3
BTDETID
360
10000949
  3
BTOWNERFACEID_
360
1000094A
  3
BTPARTID
360
1000094C
  0
DICTIONARY
  5
1000094E
330
1000094D
100
AcDbDictionary
280
     1
  3
BTDETID
360
1000094F
  3
BTPARTID
360
10000950
  0
DICTIONARY
  5
10000952
330
10000951
100
AcDbDictionary
280
     1
  3
BTARCONSURFACERADIUS
360
10000955
  3
BTDETID
360
10000953
  3
BTOWNERFACEID_
360
10000954
  3
BTPARTID
360
10000956
  0
DICTIONARY
  5
10000958
330
10000957
100
AcDbDictionary
280
     1
  3
BTDETID
360
10000959
  3
BTPARTID
360
1000095A
  0
DICTIONARY
  5
1000095C
330
1000095B
100
AcDbDictionary
280
     1
  3
BTARCONSURFACERADIUS
360
1000095F
  3
BTDETID
360
1000095D
  3
BTOWNERFACEID_
360
1000095E
  3
BTPARTID
360
10000960
  0
DICTIONARY
  5
10000962
330
10000961
100
AcDbDictionary
280
     1
  3
BTDETID
360
10000963
  3
BTPARTID
360
10000964
  0
DICTIONARY
  5
10000966
330
10000965
100
AcDbDictionary
280
     1
  3
BTARCONSURFACERADIUS
360
10000969
  3
BTDETID
360
10000967
  3
BTOWNERFACEID_
360
10000968
  3
BTPARTID
360
1000096A
  0
DICTIONARY
  5
1000096C
330
1000096B
100
AcDbDictionary
280
     1
  3
BTDETID
360
1000096D
  3
BTPARTID
360
1000096E
  0
DICTIONARY
  5
10000970
330
1000096F
100
AcDbDictionary
280
     1
  3
BTARCONSURFACERADIUS
360
10000973
  3
BTDETID
360
10000971
  3
BTOWNERFACEID_
360
10000972
  3
BTPARTID
360
10000974
  0
DICTIONARY
  5
10000976
330
10000975
100
AcDbDictionary
280
     1
  3
BTDETID
360
10000977
  3
BTPARTID
360
10000978
  0
DICTIONARY
  5
1000097A
330
10000979
100
AcDbDictionary
280
     1
  3
BTARCONSURFACERADIUS
360
1000097D
  3
BTDETID
360
1000097B
  3
BTOWNERFACEID_
360
1000097C
  3
BTPARTID
360
1000097E
  0
DICTIONARY
  5
10000980
330
1000097F
100
AcDbDictionary
280
     1
  3
BTDETID
360
10000981
  3
BTPARTID
360
10000982
  0
DICTIONARY
  5
10000984
330
10000983
100
AcDbDictionary
280
     1
  3
BTARCONSURFACERADIUS
360
10000987
  3
BTDETID
360
10000985
  3
BTOWNERFACEID_
360
10000986
  3
BTPARTID
360
10000988
  0
DICTIONARY
  5
1000098A
330
10000989
100
AcDbDictionary
280
     1
  3
BTDETID
360
1000098B
  3
BTPARTID
360
1000098C
  0
DICTIONARY
  5
1000098E
330
1000098D
100
AcDbDictionary
280
     1
  3
BTARCONSURFACERADIUS
360
10000991
  3
BTDETID
360
1000098F
  3
BTOWNERFACEID_
360
10000990
  3
BTPARTID
360
10000992
  0
DICTIONARY
  5
10000994
330
10000993
100
AcDbDictionary
280
     1
  3
BTDETID
360
10000995
  3
BTPARTID
360
10000996
  0
DICTIONARY
  5
10000998
330
10000997
100
AcDbDictionary
280
     1
  3
BTARCONSURFACERADIUS
360
1000099B
  3
BTDETID
360
10000999
  3
BTOWNERFACEID_
360
1000099A
  3
BTPARTID
360
1000099C
  0
DICTIONARY
  5
1000099E
330
1000099D
100
AcDbDictionary
280
     1
  3
BTDETID
360
1000099F
  3
BTPARTID
360
100009A0
  0
DICTIONARY
  5
100009A2
330
100009A1
100
AcDbDictionary
280
     1
  3
BTARCONSURFACERADIUS
360
100009A5
  3
BTDETID
360
100009A3
  3
BTOWNERFACEID_
360
100009A4
  3
BTPARTID
360
100009A6
  0
DICTIONARY
  5
100009A8
330
100009A7
100
AcDbDictionary
280
     1
  3
BTDETID
360
100009A9
  3
BTPARTID
360
100009AA
  0
DICTIONARY
  5
100009AC
330
100009AB
100
AcDbDictionary
280
     1
  3
BTARCONSURFACERADIUS
360
100009AF
  3
BTDETID
360
100009AD
  3
BTOWNERFACEID_
360
100009AE
  3
BTPARTID
360
100009B0
  0
DICTIONARY
  5
100009B2
330
100009B1
100
AcDbDictionary
280
     1
  3
BTDETID
360
100009B3
  3
BTPARTID
360
100009B4
  0
DICTIONARY
  5
100009B6
330
100009B5
100
AcDbDictionary
280
     1
  3
BTARCONSURFACERADIUS
360
100009B9
  3
BTDETID
360
100009B7
  3
BTOWNERFACEID_
360
100009B8
  3
BTPARTID
360
100009BA
  0
DICTIONARY
  5
100009BC
330
100009BB
100
AcDbDictionary
280
     1
  3
BTDETID
360
100009BD
  3
BTPARTID
360
100009BE
  0
DICTIONARY
  5
100009C0
330
100009BF
100
AcDbDictionary
280
     1
  3
BTARCONSURFACERADIUS
360
100009C3
  3
BTDETID
360
100009C1
  3
BTOWNERFACEID_
360
100009C2
  3
BTPARTID
360
100009C4
  0
DICTIONARY
  5
100009C6
330
100009C5
100
AcDbDictionary
280
     1
  3
BTDETID
360
100009C7
  3
BTPARTID
360
100009C8
  0
DICTIONARY
  5
100009CA
330
100009C9
100
AcDbDictionary
280
     1
  3
BTARCONSURFACERADIUS
360
100009CD
  3
BTDETID
360
100009CB
  3
BTOWNERFACEID_
360
100009CC
  3
BTPARTID
360
100009CE
  0
DICTIONARY
  5
100009D0
330
100009CF
100
AcDbDictionary
280
     1
  3
BTDETID
360
100009D1
  3
BTPARTID
360
100009D2
  0
DICTIONARY
  5
100009D4
330
100009D3
100
AcDbDictionary
280
     1
  3
BTARCONSURFACERADIUS
360
100009D7
  3
BTDETID
360
100009D5
  3
BTOWNERFACEID_
360
100009D6
  3
BTPARTID
360
100009D8
  0
DICTIONARY
  5
100009DA
330
100009D9
100
AcDbDictionary
280
     1
  3
BTDETID
360
100009DB
  3
BTPARTID
360
100009DC
  0
DICTIONARY
  5
100009DE
330
100009DD
100
AcDbDictionary
280
     1
  3
BTARCONSURFACERADIUS
360
100009E1
  3
BTDETID
360
100009DF
  3
BTOWNERFACEID_
360
100009E0
  3
BTPARTID
360
100009E2
  0
DICTIONARY
  5
100009E4
330
100009E3
100
AcDbDictionary
280
     1
  3
BTDETID
360
100009E5
  3
BTPARTID
360
100009E6
  0
DICTIONARY
  5
100009E8
330
100009E7
100
AcDbDictionary
280
     1
  3
BTARCONSURFACERADIUS
360
100009EB
  3
BTDETID
360
100009E9
  3
BTOWNERFACEID_
360
100009EA
  3
BTPARTID
360
100009EC
  0
DICTIONARY
  5
100009EE
330
100009ED
100
AcDbDictionary
280
     1
  3
BTDETID
360
100009EF
  3
BTPARTID
360
100009F0
  0
DICTIONARY
  5
100009F2
330
100009F1
100
AcDbDictionary
280
     1
  3
BTARCONSURFACERADIUS
360
100009F5
  3
BTDETID
360
100009F3
  3
BTOWNERFACEID_
360
100009F4
  3
BTPARTID
360
100009F6
  0
DICTIONARY
  5
100009F8
330
100009F7
100
AcDbDictionary
280
     1
  3
BTDETID
360
100009F9
  3
BTPARTID
360
100009FA
  0
DICTIONARY
  5
100009FC
330
100009FB
100
AcDbDictionary
280
     1
  3
BTARCONSURFACERADIUS
360
100009FF
  3
BTDETID
360
100009FD
  3
BTOWNERFACEID_
360
100009FE
  3
BTPARTID
360
10000A00
  0
DICTIONARY
  5
10000A02
330
10000A01
100
AcDbDictionary
280
     1
  3
BTDETID
360
10000A03
  3
BTPARTID
360
10000A04
  0
DICTIONARY
  5
10000A06
330
10000A05
100
AcDbDictionary
280
     1
  3
BTARCONSURFACERADIUS
360
10000A09
  3
BTDETID
360
10000A07
  3
BTOWNERFACEID_
360
10000A08
  3
BTPARTID
360
10000A0A
  0
DICTIONARY
  5
10000A0C
330
10000A0B
100
AcDbDictionary
280
     1
  3
BTDETID
360
10000A0D
  3
BTPARTID
360
10000A0E
  0
DICTIONARY
  5
10000A10
330
10000A0F
100
AcDbDictionary
280
     1
  3
BTARCONSURFACERADIUS
360
10000A13
  3
BTDETID
360
10000A11
  3
BTOWNERFACEID_
360
10000A12
  3
BTPARTID
360
10000A14
  0
DICTIONARY
  5
10000A16
330
10000A15
100
AcDbDictionary
280
     1
  3
BTDETID
360
10000A17
  3
BTPARTID
360
10000A18
  0
DICTIONARY
  5
10000A1A
330
10000A19
100
AcDbDictionary
280
     1
  3
BTARCONSURFACERADIUS
360
10000A1D
  3
BTDETID
360
10000A1B
  3
BTOWNERFACEID_
360
10000A1C
  3
BTPARTID
360
10000A1E
  0
DICTIONARY
  5
10000A20
330
10000A1F
100
AcDbDictionary
280
     1
  3
BTDETID
360
10000A21
  3
BTPARTID
360
10000A22
  0
DICTIONARY
  5
10000A24
330
10000A23
100
AcDbDictionary
280
     1
  3
BTARCONSURFACERADIUS
360
10000A27
  3
BTDETID
360
10000A25
  3
BTOWNERFACEID_
360
10000A26
  3
BTPARTID
360
10000A28
  0
DICTIONARY
  5
10000A2A
330
10000A29
100
AcDbDictionary
280
     1
  3
BTDETID
360
10000A2B
  3
BTPARTID
360
10000A2C
  0
DICTIONARY
  5
10000A2E
330
10000A2D
100
AcDbDictionary
280
     1
  3
BTARCONSURFACERADIUS
360
10000A31
  3
BTDETID
360
10000A2F
  3
BTOWNERFACEID_
360
10000A30
  3
BTPARTID
360
10000A32
  0
DICTIONARY
  5
10000A34
330
10000A33
100
AcDbDictionary
280
     1
  3
BTDETID
360
10000A35
  3
BTPARTID
360
10000A36
  0
DICTIONARY
  5
10000A38
330
10000A37
100
AcDbDictionary
280
     1
  3
BTARCONSURFACERADIUS
360
10000A3B
  3
BTDETID
360
10000A39
  3
BTOWNERFACEID_
360
10000A3A
  3
BTPARTID
360
10000A3C
  0
DICTIONARY
  5
10000A3E
330
10000A3D
100
AcDbDictionary
280
     1
  3
BTDETID
360
10000A3F
  3
BTPARTID
360
10000A40
  0
DICTIONARY
  5
10000A42
330
10000A41
100
AcDbDictionary
280
     1
  3
BTARCONSURFACERADIUS
360
10000A45
  3
BTDETID
360
10000A43
  3
BTOWNERFACEID_
360
10000A44
  3
BTPARTID
360
10000A46
  0
DICTIONARY
  5
10000A48
330
10000A47
100
AcDbDictionary
280
     1
  3
BTDETID
360
10000A49
  3
BTPARTID
360
10000A4A
  0
DICTIONARY
  5
10000A4C
330
10000A4B
100
AcDbDictionary
280
     1
  3
BTARCONSURFACERADIUS
360
10000A4F
  3
BTDETID
360
10000A4D
  3
BTOWNERFACEID_
360
10000A4E
  3
BTPARTID
360
10000A50
  0
DICTIONARY
  5
10000A52
330
10000A51
100
AcDbDictionary
280
     1
  3
BTDETID
360
10000A53
  3
BTPARTID
360
10000A54
  0
DICTIONARY
  5
10000A56
330
10000A55
100
AcDbDictionary
280
     1
  3
BTARCONSURFACERADIUS
360
10000A59
  3
BTDETID
360
10000A57
  3
BTOWNERFACEID_
360
10000A58
  3
BTPARTID
360
10000A5A
  0
DICTIONARY
  5
10000A5C
330
10000A5B
100
AcDbDictionary
280
     1
  3
BTDETID
360
10000A5D
  3
BTPARTID
360
10000A5E
  0
DICTIONARY
  5
10000A60
330
10000A5F
100
AcDbDictionary
280
     1
  3
BTARCONSURFACERADIUS
360
10000A63
  3
BTDETID
360
10000A61
  3
BTOWNERFACEID_
360
10000A62
  3
BTPARTID
360
10000A64
  0
DICTIONARY
  5
10000A66
330
10000A65
100
AcDbDictionary
280
     1
  3
BTDETID
360
10000A67
  3
BTPARTID
360
10000A68
  0
DICTIONARY
  5
10000A6A
330
10000A69
100
AcDbDictionary
280
     1
  3
BTARCONSURFACERADIUS
360
10000A6D
  3
BTDETID
360
10000A6B
  3
BTOWNERFACEID_
360
10000A6C
  3
BTPARTID
360
10000A6E
  0
DICTIONARY
  5
10000A70
330
10000A6F
100
AcDbDictionary
280
     1
  3
BTDETID
360
10000A71
  3
BTPARTID
360
10000A72
  0
DICTIONARY
  5
10000A74
330
10000A73
100
AcDbDictionary
280
     1
  3
BTARCONSURFACERADIUS
360
10000A77
  3
BTDETID
360
10000A75
  3
BTOWNERFACEID_
360
10000A76
  3
BTPARTID
360
10000A78
  0
DICTIONARY
  5
10000A7A
330
10000A79
100
AcDbDictionary
280
     1
  3
BTDETID
360
10000A7B
  3
BTPARTID
360
10000A7C
  0
DICTIONARY
  5
10000A7E
330
10000A7D
100
AcDbDictionary
280
     1
  3
BTARCONSURFACERADIUS
360
10000A81
  3
BTDETID
360
10000A7F
  3
BTOWNERFACEID_
360
10000A80
  3
BTPARTID
360
10000A82
  0
DICTIONARY
  5
10000A84
330
10000A83
100
AcDbDictionary
280
     1
  3
BTDETID
360
10000A85
  3
BTPARTID
360
10000A86
  0
DICTIONARY
  5
10000A88
330
10000A87
100
AcDbDictionary
280
     1
  3
BTARCONSURFACERADIUS
360
10000A8B
  3
BTDETID
360
10000A89
  3
BTOWNERFACEID_
360
10000A8A
  3
BTPARTID
360
10000A8C
  0
DICTIONARY
  5
10000A8E
330
10000A8D
100
AcDbDictionary
280
     1
  3
BTDETID
360
10000A8F
  3
BTPARTID
360
10000A90
  0
DICTIONARY
  5
10000A92
330
10000A91
100
AcDbDictionary
280
     1
  3
BTARCONSURFACERADIUS
360
10000A95
  3
BTDETID
360
10000A93
  3
BTOWNERFACEID_
360
10000A94
  3
BTPARTID
360
10000A96
  0
DICTIONARY
  5
10000A98
330
10000A97
100
AcDbDictionary
280
     1
  3
BTDETID
360
10000A99
  3
BTPARTID
360
10000A9A
  0
DICTIONARY
  5
10000A9C
330
10000A9B
100
AcDbDictionary
280
     1
  3
BTARCONSURFACERADIUS
360
10000A9F
  3
BTDETID
360
10000A9D
  3
BTOWNERFACEID_
360
10000A9E
  3
BTPARTID
360
10000AA0
  0
DICTIONARY
  5
10000AA2
330
10000AA1
100
AcDbDictionary
280
     1
  3
BTDETID
360
10000AA3
  3
BTPARTID
360
10000AA4
  0
DICTIONARY
  5
10000AA6
330
10000AA5
100
AcDbDictionary
280
     1
  3
BTARCONSURFACERADIUS
360
10000AA9
  3
BTDETID
360
10000AA7
  3
BTOWNERFACEID_
360
10000AA8
  3
BTPARTID
360
10000AAA
  0
DICTIONARY
  5
10000AAC
330
10000AAB
100
AcDbDictionary
280
     1
  3
BTDETID
360
10000AAD
  3
BTPARTID
360
10000AAE
  0
DICTIONARY
  5
10000AB0
330
10000AAF
100
AcDbDictionary
280
     1
  3
BTARCONSURFACERADIUS
360
10000AB3
  3
BTDETID
360
10000AB1
  3
BTOWNERFACEID_
360
10000AB2
  3
BTPARTID
360
10000AB4
  0
DICTIONARY
  5
10000AB6
330
10000AB5
100
AcDbDictionary
280
     1
  3
BTDETID
360
10000AB7
  3
BTPARTID
360
10000AB8
  0
DICTIONARY
  5
10000ABA
330
10000AB9
100
AcDbDictionary
280
     1
  3
BTARCONSURFACERADIUS
360
10000ABD
  3
BTDETID
360
10000ABB
  3
BTOWNERFACEID_
360
10000ABC
  3
BTPARTID
360
10000ABE
  0
DICTIONARY
  5
10000AC0
330
10000ABF
100
AcDbDictionary
280
     1
  3
BTDETID
360
10000AC1
  3
BTPARTID
360
10000AC2
  0
DICTIONARY
  5
10000AC4
330
10000AC3
100
AcDbDictionary
280
     1
  3
BTARCONSURFACERADIUS
360
10000AC7
  3
BTDETID
360
10000AC5
  3
BTOWNERFACEID_
360
10000AC6
  3
BTPARTID
360
10000AC8
  0
DICTIONARY
  5
10000ACA
330
10000AC9
100
AcDbDictionary
280
     1
  3
BTDETID
360
10000ACB
  3
BTPARTID
360
10000ACC
  0
DICTIONARY
  5
10000ACE
330
10000ACD
100
AcDbDictionary
280
     1
  3
BTARCONSURFACERADIUS
360
10000AD1
  3
BTDETID
360
10000ACF
  3
BTOWNERFACEID_
360
10000AD0
  3
BTPARTID
360
10000AD2
  0
DICTIONARY
  5
10000AD4
330
10000AD3
100
AcDbDictionary
280
     1
  3
BTDETID
360
10000AD5
  3
BTPARTID
360
10000AD6
  0
DICTIONARY
  5
10000AD8
330
10000AD7
100
AcDbDictionary
280
     1
  3
BTARCONSURFACERADIUS
360
10000ADB
  3
BTDETID
360
10000AD9
  3
BTOWNERFACEID_
360
10000ADA
  3
BTPARTID
360
10000ADC
  0
DICTIONARY
  5
10000ADE
330
10000ADD
100
AcDbDictionary
280
     1
  3
BTDETID
360
10000ADF
  3
BTPARTID
360
10000AE0
  0
DICTIONARY
  5
10000AE2
330
10000AE1
100
AcDbDictionary
280
     1
  3
BTARCONSURFACERADIUS
360
10000AE5
  3
BTDETID
360
10000AE3
  3
BTOWNERFACEID_
360
10000AE4
  3
BTPARTID
360
10000AE6
  0
DICTIONARY
  5
10000AE8
330
10000AE7
100
AcDbDictionary
280
     1
  3
BTDETID
360
10000AE9
  3
BTPARTID
360
10000AEA
  0
DICTIONARY
  5
10000AEC
330
10000AEB
100
AcDbDictionary
280
     1
  3
BTARCONSURFACERADIUS
360
10000AEF
  3
BTDETID
360
10000AED
  3
BTOWNERFACEID_
360
10000AEE
  3
BTPARTID
360
10000AF0
  0
DICTIONARY
  5
10000AF2
330
10000AF1
100
AcDbDictionary
280
     1
  3
BTDETID
360
10000AF3
  3
BTPARTID
360
10000AF4
  0
DICTIONARY
  5
10000AF6
330
10000AF5
100
AcDbDictionary
280
     1
  3
BTARCONSURFACERADIUS
360
10000AF9
  3
BTDETID
360
10000AF7
  3
BTOWNERFACEID_
360
10000AF8
  3
BTPARTID
360
10000AFA
  0
DICTIONARY
  5
10000AFC
330
10000AFB
100
AcDbDictionary
280
     1
  3
BTDETID
360
10000AFD
  3
BTPARTID
360
10000AFE
  0
DICTIONARY
  5
10000B00
330
10000AFF
100
AcDbDictionary
280
     1
  3
BTARCONSURFACERADIUS
360
10000B03
  3
BTDETID
360
10000B01
  3
BTOWNERFACEID_
360
10000B02
  3
BTPARTID
360
10000B04
  0
DICTIONARY
  5
10000B06
330
10000B05
100
AcDbDictionary
280
     1
  3
BTDETID
360
10000B07
  3
BTPARTID
360
10000B08
  0
DICTIONARY
  5
10000B0A
330
10000B09
100
AcDbDictionary
280
     1
  3
BTARCONSURFACERADIUS
360
10000B0D
  3
BTDETID
360
10000B0B
  3
BTOWNERFACEID_
360
10000B0C
  3
BTPARTID
360
10000B0E
  0
DICTIONARY
  5
10000B10
330
10000B0F
100
AcDbDictionary
280
     1
  3
BTDETID
360
10000B11
  3
BTPARTID
360
10000B12
  0
DICTIONARY
  5
10000B14
330
10000B13
100
AcDbDictionary
280
     1
  3
BTARCONSURFACERADIUS
360
10000B17
  3
BTDETID
360
10000B15
  3
BTOWNERFACEID_
360
10000B16
  3
BTPARTID
360
10000B18
  0
DICTIONARY
  5
10000B1A
330
10000B19
100
AcDbDictionary
280
     1
  3
BTDETID
360
10000B1B
  3
BTPARTID
360
10000B1C
  0
DICTIONARY
  5
10000B1E
330
10000B1D
100
AcDbDictionary
280
     1
  3
BTARCONSURFACERADIUS
360
10000B21
  3
BTDETID
360
10000B1F
  3
BTOWNERFACEID_
360
10000B20
  3
BTPARTID
360
10000B22
  0
DICTIONARY
  5
10000B24
330
10000B23
100
AcDbDictionary
280
     1
  3
BTDETID
360
10000B25
  3
BTPARTID
360
10000B26
  0
DICTIONARY
  5
10000B28
330
10000B27
100
AcDbDictionary
280
     1
  3
BTARCONSURFACERADIUS
360
10000B2B
  3
BTDETID
360
10000B29
  3
BTOWNERFACEID_
360
10000B2A
  3
BTPARTID
360
10000B2C
  0
DICTIONARY
  5
10000B2E
330
10000B2D
100
AcDbDictionary
280
     1
  3
BTDETID
360
10000B2F
  3
BTPARTID
360
10000B30
  0
DICTIONARY
  5
10000B32
330
10000B31
100
AcDbDictionary
280
     1
  3
BTARCONSURFACERADIUS
360
10000B35
  3
BTDETID
360
10000B33
  3
BTOWNERFACEID_
360
10000B34
  3
BTPARTID
360
10000B36
  0
DICTIONARY
  5
10000B38
330
10000B37
100
AcDbDictionary
280
     1
  3
BTDETID
360
10000B39
  3
BTPARTID
360
10000B3A
  0
DICTIONARY
  5
10000B3C
330
10000B3B
100
AcDbDictionary
280
     1
  3
BTARCONSURFACERADIUS
360
10000B3F
  3
BTDETID
360
10000B3D
  3
BTOWNERFACEID_
360
10000B3E
  3
BTPARTID
360
10000B40
  0
DICTIONARY
  5
10000B42
330
10000B41
100
AcDbDictionary
280
     1
  3
BTDETID
360
10000B43
  3
BTPARTID
360
10000B44
  0
DICTIONARY
  5
10000B46
330
10000B45
100
AcDbDictionary
280
     1
  3
BTARCONSURFACERADIUS
360
10000B49
  3
BTDETID
360
10000B47
  3
BTOWNERFACEID_
360
10000B48
  3
BTPARTID
360
10000B4A
  0
DICTIONARY
  5
10000B4C
330
10000B4B
100
AcDbDictionary
280
     1
  3
BTDETID
360
10000B4D
  3
BTPARTID
360
10000B4E
  0
DICTIONARY
  5
10000B50
330
10000B4F
100
AcDbDictionary
280
     1
  3
BTARCONSURFACERADIUS
360
10000B53
  3
BTDETID
360
10000B51
  3
BTOWNERFACEID_
360
10000B52
  3
BTPARTID
360
10000B54
  0
DICTIONARY
  5
10000B56
330
10000B55
100
AcDbDictionary
280
     1
  3
BTDETID
360
10000B57
  3
BTPARTID
360
10000B58
  0
DICTIONARY
  5
10000B5A
330
10000B59
100
AcDbDictionary
280
     1
  3
BTARCONSURFACERADIUS
360
10000B5D
  3
BTDETID
360
10000B5B
  3
BTOWNERFACEID_
360
10000B5C
  3
BTPARTID
360
10000B5E
  0
DICTIONARY
  5
10000B60
330
10000B5F
100
AcDbDictionary
280
     1
  3
BTDETID
360
10000B61
  3
BTPARTID
360
10000B62
  0
DICTIONARY
  5
10000B64
330
10000B63
100
AcDbDictionary
280
     1
  3
BTARCONSURFACERADIUS
360
10000B67
  3
BTDETID
360
10000B65
  3
BTOWNERFACEID_
360
10000B66
  3
BTPARTID
360
10000B68
  0
DICTIONARY
  5
10000B6A
330
10000B69
100
AcDbDictionary
280
     1
  3
BTDETID
360
10000B6B
  3
BTPARTID
360
10000B6C
  0
DICTIONARY
  5
10000B6E
330
10000B6D
100
AcDbDictionary
280
     1
  3
BTARCONSURFACERADIUS
360
10000B71
  3
BTDETID
360
10000B6F
  3
BTOWNERFACEID_
360
10000B70
  3
BTPARTID
360
10000B72
  0
DICTIONARY
  5
10000B74
330
10000B73
100
AcDbDictionary
280
     1
  3
BTDETID
360
10000B75
  3
BTPARTID
360
10000B76
  0
DICTIONARY
  5
10000B78
330
10000B77
100
AcDbDictionary
280
     1
  3
BTARCONSURFACERADIUS
360
10000B7B
  3
BTDETID
360
10000B79
  3
BTOWNERFACEID_
360
10000B7A
  3
BTPARTID
360
10000B7C
  0
DICTIONARY
  5
10000B7E
330
10000B7D
100
AcDbDictionary
280
     1
  3
BTDETID
360
10000B7F
  3
BTPARTID
360
10000B80
  0
DICTIONARY
  5
10000B82
330
10000B81
100
AcDbDictionary
280
     1
  3
BTARCONSURFACERADIUS
360
10000B85
  3
BTDETID
360
10000B83
  3
BTOWNERFACEID_
360
10000B84
  3
BTPARTID
360
10000B86
  0
DICTIONARY
  5
10000B88
330
10000B87
100
AcDbDictionary
280
     1
  3
BTDETID
360
10000B89
  3
BTPARTID
360
10000B8A
  0
DICTIONARY
  5
10000B8C
330
10000B8B
100
AcDbDictionary
280
     1
  3
BTARCONSURFACERADIUS
360
10000B8F
  3
BTDETID
360
10000B8D
  3
BTOWNERFACEID_
360
10000B8E
  3
BTPARTID
360
10000B90
  0
DICTIONARY
  5
10000B92
330
10000B91
100
AcDbDictionary
280
     1
  3
BTDETID
360
10000B93
  3
BTPARTID
360
10000B94
  0
DICTIONARY
  5
10000B96
330
10000B95
100
AcDbDictionary
280
     1
  3
BTARCONSURFACERADIUS
360
10000B99
  3
BTDETID
360
10000B97
  3
BTOWNERFACEID_
360
10000B98
  3
BTPARTID
360
10000B9A
  0
DICTIONARY
  5
10000B9C
330
10000B9B
100
AcDbDictionary
280
     1
  3
BTDETID
360
10000B9D
  3
BTPARTID
360
10000B9E
  0
DICTIONARY
  5
10000BA0
330
10000B9F
100
AcDbDictionary
280
     1
  3
BTARCONSURFACERADIUS
360
10000BA3
  3
BTDETID
360
10000BA1
  3
BTOWNERFACEID_
360
10000BA2
  3
BTPARTID
360
10000BA4
  0
DICTIONARY
  5
10000BA6
330
10000BA5
100
AcDbDictionary
280
     1
  3
BTDETID
360
10000BA7
  3
BTPARTID
360
10000BA8
  0
DICTIONARY
  5
10000BAA
330
10000BA9
100
AcDbDictionary
280
     1
  3
BTARCONSURFACERADIUS
360
10000BAD
  3
BTDETID
360
10000BAB
  3
BTOWNERFACEID_
360
10000BAC
  3
BTPARTID
360
10000BAE
  0
DICTIONARY
  5
10000BB0
330
10000BAF
100
AcDbDictionary
280
     1
  3
BTDETID
360
10000BB1
  3
BTPARTID
360
10000BB2
  0
DICTIONARY
  5
10000BB4
330
10000BB3
100
AcDbDictionary
280
     1
  3
BTARCONSURFACERADIUS
360
10000BB7
  3
BTDETID
360
10000BB5
  3
BTOWNERFACEID_
360
10000BB6
  3
BTPARTID
360
10000BB8
  0
DICTIONARY
  5
10000BBA
330
10000BB9
100
AcDbDictionary
280
     1
  3
BTDETID
360
10000BBB
  3
BTPARTID
360
10000BBC
  0
DICTIONARY
  5
10000BBE
330
10000BBD
100
AcDbDictionary
280
     1
  3
BTARCONSURFACERADIUS
360
10000BC1
  3
BTDETID
360
10000BBF
  3
BTOWNERFACEID_
360
10000BC0
  3
BTPARTID
360
10000BC2
  0
DICTIONARY
  5
10000BC4
330
10000BC3
100
AcDbDictionary
280
     1
  3
BTDETID
360
10000BC5
  3
BTPARTID
360
10000BC6
  0
DICTIONARY
  5
10000BC8
330
10000BC7
100
AcDbDictionary
280
     1
  3
BTARCONSURFACERADIUS
360
10000BCB
  3
BTDETID
360
10000BC9
  3
BTOWNERFACEID_
360
10000BCA
  3
BTPARTID
360
10000BCC
  0
DICTIONARY
  5
10000BCE
330
10000BCD
100
AcDbDictionary
280
     1
  3
BTDETID
360
10000BCF
  3
BTPARTID
360
10000BD0
  0
DICTIONARY
  5
10000BD2
330
10000BD1
100
AcDbDictionary
280
     1
  3
BTARCONSURFACERADIUS
360
10000BD5
  3
BTDETID
360
10000BD3
  3
BTOWNERFACEID_
360
10000BD4
  3
BTPARTID
360
10000BD6
  0
DICTIONARY
  5
10000BD8
330
10000BD7
100
AcDbDictionary
280
     1
  3
BTDETID
360
10000BD9
  3
BTPARTID
360
10000BDA
  0
DICTIONARY
  5
10000BDC
330
10000BDB
100
AcDbDictionary
280
     1
  3
BTARCONSURFACERADIUS
360
10000BDF
  3
BTDETID
360
10000BDD
  3
BTOWNERFACEID_
360
10000BDE
  3
BTPARTID
360
10000BE0
  0
DICTIONARY
  5
10000BE2
330
10000BE1
100
AcDbDictionary
280
     1
  3
BTDETID
360
10000BE3
  3
BTPARTID
360
10000BE4
  0
DICTIONARY
  5
10000BE6
330
10000BE5
100
AcDbDictionary
280
     1
  3
BTARCONSURFACERADIUS
360
10000BE9
  3
BTDETID
360
10000BE7
  3
BTOWNERFACEID_
360
10000BE8
  3
BTPARTID
360
10000BEA
  0
DICTIONARY
  5
10000BEC
330
10000BEB
100
AcDbDictionary
280
     1
  3
BTDETID
360
10000BED
  3
BTPARTID
360
10000BEE
  0
DICTIONARY
  5
10000BF0
330
10000BEF
100
AcDbDictionary
280
     1
  3
BTARCONSURFACERADIUS
360
10000BF3
  3
BTDETID
360
10000BF1
  3
BTOWNERFACEID_
360
10000BF2
  3
BTPARTID
360
10000BF4
  0
DICTIONARY
  5
10000BF6
330
10000BF5
100
AcDbDictionary
280
     1
  3
BTDETID
360
10000BF7
  3
BTPARTID
360
10000BF8
  0
DICTIONARY
  5
10000BFA
330
10000BF9
100
AcDbDictionary
280
     1
  3
BTARCONSURFACERADIUS
360
10000BFD
  3
BTDETID
360
10000BFB
  3
BTOWNERFACEID_
360
10000BFC
  3
BTPARTID
360
10000BFE
  0
DICTIONARY
  5
10000C00
330
10000BFF
100
AcDbDictionary
280
     1
  3
BTDETID
360
10000C01
  3
BTPARTID
360
10000C02
  0
DICTIONARY
  5
10000C04
330
10000C03
100
AcDbDictionary
280
     1
  3
BTARCONSURFACERADIUS
360
10000C07
  3
BTDETID
360
10000C05
  3
BTOWNERFACEID_
360
10000C06
  3
BTPARTID
360
10000C08
  0
DICTIONARY
  5
10000C0A
330
10000C09
100
AcDbDictionary
280
     1
  3
BTDETID
360
10000C0B
  3
BTPARTID
360
10000C0C
  0
DICTIONARY
  5
10000C0E
330
10000C0D
100
AcDbDictionary
280
     1
  3
BTARCONSURFACERADIUS
360
10000C11
  3
BTDETID
360
10000C0F
  3
BTOWNERFACEID_
360
10000C10
  3
BTPARTID
360
10000C12
  0
DICTIONARY
  5
10000C14
330
10000C13
100
AcDbDictionary
280
     1
  3
BTDETID
360
10000C15
  3
BTPARTID
360
10000C16
  0
DICTIONARY
  5
10000C18
330
10000C17
100
AcDbDictionary
280
     1
  3
BTARCONSURFACERADIUS
360
10000C1B
  3
BTDETID
360
10000C19
  3
BTOWNERFACEID_
360
10000C1A
  3
BTPARTID
360
10000C1C
  0
DICTIONARY
  5
10000C1E
330
10000C1D
100
AcDbDictionary
280
     1
  3
BTDETID
360
10000C1F
  3
BTPARTID
360
10000C20
  0
DICTIONARY
  5
10000C22
330
10000C21
100
AcDbDictionary
280
     1
  3
BTARCONSURFACERADIUS
360
10000C25
  3
BTDETID
360
10000C23
  3
BTOWNERFACEID_
360
10000C24
  3
BTPARTID
360
10000C26
  0
DICTIONARY
  5
10000C28
330
10000C27
100
AcDbDictionary
280
     1
  3
BTDETID
360
10000C29
  3
BTPARTID
360
10000C2A
  0
DICTIONARY
  5
10000C2C
330
10000C2B
100
AcDbDictionary
280
     1
  3
BTARCONSURFACERADIUS
360
10000C2F
  3
BTDETID
360
10000C2D
  3
BTOWNERFACEID_
360
10000C2E
  3
BTPARTID
360
10000C30
  0
DICTIONARY
  5
10000C32
330
10000C31
100
AcDbDictionary
280
     1
  3
BTDETID
360
10000C33
  3
BTPARTID
360
10000C34
  0
DICTIONARY
  5
10000C36
330
10000C35
100
AcDbDictionary
280
     1
  3
BTARCONSURFACERADIUS
360
10000C39
  3
BTDETID
360
10000C37
  3
BTOWNERFACEID_
360
10000C38
  3
BTPARTID
360
10000C3A
  0
DICTIONARY
  5
10000C3C
330
10000C3B
100
AcDbDictionary
280
     1
  3
BTDETID
360
10000C3D
  3
BTPARTID
360
10000C3E
  0
DICTIONARY
  5
10000C40
330
10000C3F
100
AcDbDictionary
280
     1
  3
BTARCONSURFACERADIUS
360
10000C43
  3
BTDETID
360
10000C41
  3
BTOWNERFACEID_
360
10000C42
  3
BTPARTID
360
10000C44
  0
DICTIONARY
  5
10000C46
330
10000C45
100
AcDbDictionary
280
     1
  3
BTDETID
360
10000C47
  3
BTPARTID
360
10000C48
  0
DICTIONARY
  5
10000C4A
330
10000C49
100
AcDbDictionary
280
     1
  3
BTARCONSURFACERADIUS
360
10000C4D
  3
BTDETID
360
10000C4B
  3
BTOWNERFACEID_
360
10000C4C
  3
BTPARTID
360
10000C4E
  0
DICTIONARY
  5
10000C50
330
10000C4F
100
AcDbDictionary
280
     1
  3
BTDETID
360
10000C51
  3
BTPARTID
360
10000C52
  0
DICTIONARY
  5
10000C54
330
10000C53
100
AcDbDictionary
280
     1
  3
BTARCONSURFACERADIUS
360
10000C57
  3
BTDETID
360
10000C55
  3
BTOWNERFACEID_
360
10000C56
  3
BTPARTID
360
10000C58
  0
DICTIONARY
  5
10000C5A
330
10000C59
100
AcDbDictionary
280
     1
  3
BTDETID
360
10000C5B
  3
BTPARTID
360
10000C5C
  0
DICTIONARY
  5
10000C5E
330
10000C5D
100
AcDbDictionary
280
     1
  3
BTARCONSURFACERADIUS
360
10000C61
  3
BTDETID
360
10000C5F
  3
BTOWNERFACEID_
360
10000C60
  3
BTPARTID
360
10000C62
  0
DICTIONARY
  5
10000C64
330
10000C63
100
AcDbDictionary
280
     1
  3
BTDETID
360
10000C65
  3
BTPARTID
360
10000C66
  0
DICTIONARY
  5
10000C68
330
10000C67
100
AcDbDictionary
280
     1
  3
BTARCONSURFACERADIUS
360
10000C6B
  3
BTDETID
360
10000C69
  3
BTOWNERFACEID_
360
10000C6A
  3
BTPARTID
360
10000C6C
  0
DICTIONARY
  5
10000C6E
330
10000C6D
100
AcDbDictionary
280
     1
  3
BTDETID
360
10000C6F
  3
BTPARTID
360
10000C70
  0
DICTIONARY
  5
10000C72
330
10000C71
100
AcDbDictionary
280
     1
  3
BTARCONSURFACERADIUS
360
10000C75
  3
BTDETID
360
10000C73
  3
BTOWNERFACEID_
360
10000C74
  3
BTPARTID
360
10000C76
  0
DICTIONARY
  5
10000C78
330
10000C77
100
AcDbDictionary
280
     1
  3
BTDETID
360
10000C79
  3
BTPARTID
360
10000C7A
  0
DICTIONARY
  5
10000C7C
330
10000C7B
100
AcDbDictionary
280
     1
  3
BTARCONSURFACERADIUS
360
10000C7F
  3
BTDETID
360
10000C7D
  3
BTOWNERFACEID_
360
10000C7E
  3
BTPARTID
360
10000C80
  0
DICTIONARY
  5
10000C82
330
10000C81
100
AcDbDictionary
280
     1
  3
BTDETID
360
10000C83
  3
BTPARTID
360
10000C84
  0
DICTIONARY
  5
10000C86
330
10000C85
100
AcDbDictionary
280
     1
  3
BTARCONSURFACERADIUS
360
10000C89
  3
BTDETID
360
10000C87
  3
BTOWNERFACEID_
360
10000C88
  3
BTPARTID
360
10000C8A
  0
DICTIONARY
  5
10000C8C
330
10000C8B
100
AcDbDictionary
280
     1
  3
BTDETID
360
10000C8D
  3
BTPARTID
360
10000C8E
  0
DICTIONARY
  5
10000C90
330
10000C8F
100
AcDbDictionary
280
     1
  3
BTARCONSURFACERADIUS
360
10000C93
  3
BTDETID
360
10000C91
  3
BTOWNERFACEID_
360
10000C92
  3
BTPARTID
360
10000C94
  0
DICTIONARY
  5
10000C96
330
10000C95
100
AcDbDictionary
280
     1
  3
BTDETID
360
10000C97
  3
BTPARTID
360
10000C98
  0
DICTIONARY
  5
10000C9A
330
10000C99
100
AcDbDictionary
280
     1
  3
BTARCONSURFACERADIUS
360
10000C9D
  3
BTDETID
360
10000C9B
  3
BTOWNERFACEID_
360
10000C9C
  3
BTPARTID
360
10000C9E
  0
DICTIONARY
  5
10000CA0
330
10000C9F
100
AcDbDictionary
280
     1
  3
BTDETID
360
10000CA1
  3
BTPARTID
360
10000CA2
  0
DICTIONARY
  5
10000CA4
330
10000CA3
100
AcDbDictionary
280
     1
  3
BTARCONSURFACERADIUS
360
10000CA7
  3
BTDETID
360
10000CA5
  3
BTOWNERFACEID_
360
10000CA6
  3
BTPARTID
360
10000CA8
  0
DICTIONARY
  5
10000CAA
330
10000CA9
100
AcDbDictionary
280
     1
  3
BTDETID
360
10000CAB
  3
BTPARTID
360
10000CAC
  0
DICTIONARY
  5
10000CAE
330
10000CAD
100
AcDbDictionary
280
     1
  3
BTARCONSURFACERADIUS
360
10000CB1
  3
BTDETID
360
10000CAF
  3
BTOWNERFACEID_
360
10000CB0
  3
BTPARTID
360
10000CB2
  0
DICTIONARY
  5
10000CB4
330
10000CB3
100
AcDbDictionary
280
     1
  3
BTDETID
360
10000CB5
  3
BTPARTID
360
10000CB6
  0
DICTIONARY
  5
10000CB8
330
10000CB7
100
AcDbDictionary
280
     1
  3
BTARCONSURFACERADIUS
360
10000CBB
  3
BTDETID
360
10000CB9
  3
BTOWNERFACEID_
360
10000CBA
  3
BTPARTID
360
10000CBC
  0
DICTIONARY
  5
10000CBE
330
10000CBD
100
AcDbDictionary
280
     1
  3
BTDETID
360
10000CBF
  3
BTPARTID
360
10000CC0
  0
DICTIONARY
  5
10000CC2
330
10000CC1
100
AcDbDictionary
280
     1
  3
BTARCONSURFACERADIUS
360
10000CC5
  3
BTDETID
360
10000CC3
  3
BTOWNERFACEID_
360
10000CC4
  3
BTPARTID
360
10000CC6
  0
DICTIONARY
  5
10000CC8
330
10000CC7
100
AcDbDictionary
280
     1
  3
BTDETID
360
10000CC9
  3
BTPARTID
360
10000CCA
  0
DICTIONARY
  5
10000CCC
330
10000CCB
100
AcDbDictionary
280
     1
  3
BTARCONSURFACERADIUS
360
10000CCF
  3
BTDETID
360
10000CCD
  3
BTOWNERFACEID_
360
10000CCE
  3
BTPARTID
360
10000CD0
  0
DICTIONARY
  5
10000CD2
330
10000CD1
100
AcDbDictionary
280
     1
  3
BTDETID
360
10000CD3
  3
BTPARTID
360
10000CD4
  0
DICTIONARY
  5
10000CD6
330
10000CD5
100
AcDbDictionary
280
     1
  3
BTARCONSURFACERADIUS
360
10000CD9
  3
BTDETID
360
10000CD7
  3
BTOWNERFACEID_
360
10000CD8
  3
BTPARTID
360
10000CDA
  0
DICTIONARY
  5
10000CDC
330
10000CDB
100
AcDbDictionary
280
     1
  3
BTDETID
360
10000CDD
  3
BTPARTID
360
10000CDE
  0
DICTIONARY
  5
10000CE0
330
10000CDF
100
AcDbDictionary
280
     1
  3
BTARCONSURFACERADIUS
360
10000CE3
  3
BTDETID
360
10000CE1
  3
BTOWNERFACEID_
360
10000CE2
  3
BTPARTID
360
10000CE4
  0
DICTIONARY
  5
10000CE6
330
10000CE5
100
AcDbDictionary
280
     1
  3
BTDETID
360
10000CE7
  3
BTPARTID
360
10000CE8
  0
DICTIONARY
  5
10000CEA
330
10000CE9
100
AcDbDictionary
280
     1
  3
BTARCONSURFACERADIUS
360
10000CED
  3
BTDETID
360
10000CEB
  3
BTOWNERFACEID_
360
10000CEC
  3
BTPARTID
360
10000CEE
  0
DICTIONARY
  5
10000CF0
330
10000CEF
100
AcDbDictionary
280
     1
  3
BTDETID
360
10000CF1
  3
BTPARTID
360
10000CF2
  0
DICTIONARY
  5
10000CF4
330
10000CF3
100
AcDbDictionary
280
     1
  3
BTARCONSURFACERADIUS
360
10000CF7
  3
BTDETID
360
10000CF5
  3
BTOWNERFACEID_
360
10000CF6
  3
BTPARTID
360
10000CF8
  0
DICTIONARY
  5
10000CFA
330
10000CF9
100
AcDbDictionary
280
     1
  3
BTDETID
360
10000CFB
  3
BTPARTID
360
10000CFC
  0
DICTIONARY
  5
10000CFE
330
10000CFD
100
AcDbDictionary
280
     1
  3
BTARCONSURFACERADIUS
360
10000D01
  3
BTDETID
360
10000CFF
  3
BTOWNERFACEID_
360
10000D00
  3
BTPARTID
360
10000D02
  0
DICTIONARY
  5
10000D04
330
10000D03
100
AcDbDictionary
280
     1
  3
BTDETID
360
10000D05
  3
BTPARTID
360
10000D06
  0
DICTIONARY
  5
10000D08
330
10000D07
100
AcDbDictionary
280
     1
  3
BTARCONSURFACERADIUS
360
10000D0B
  3
BTDETID
360
10000D09
  3
BTOWNERFACEID_
360
10000D0A
  3
BTPARTID
360
10000D0C
  0
DICTIONARY
  5
10000D0E
330
10000D0D
100
AcDbDictionary
280
     1
  3
BTDETID
360
10000D0F
  3
BTPARTID
360
10000D10
  0
DICTIONARY
  5
10000D12
330
10000D11
100
AcDbDictionary
280
     1
  3
BTARCONSURFACERADIUS
360
10000D15
  3
BTDETID
360
10000D13
  3
BTOWNERFACEID_
360
10000D14
  3
BTPARTID
360
10000D16
  0
DICTIONARY
  5
10000D18
330
10000D17
100
AcDbDictionary
280
     1
  3
BTDETID
360
10000D19
  3
BTPARTID
360
10000D1A
  0
DICTIONARY
  5
10000D1C
330
10000D1B
100
AcDbDictionary
280
     1
  3
BTARCONSURFACERADIUS
360
10000D1F
  3
BTDETID
360
10000D1D
  3
BTOWNERFACEID_
360
10000D1E
  3
BTPARTID
360
10000D20
  0
DICTIONARY
  5
10000D22
330
10000D21
100
AcDbDictionary
280
     1
  3
BTDETID
360
10000D23
  3
BTPARTID
360
10000D24
  0
DICTIONARY
  5
10000D26
330
10000D25
100
AcDbDictionary
280
     1
  3
BTARCONSURFACERADIUS
360
10000D29
  3
BTDETID
360
10000D27
  3
BTOWNERFACEID_
360
10000D28
  3
BTPARTID
360
10000D2A
  0
DICTIONARY
  5
10000D2C
330
10000D2B
100
AcDbDictionary
280
     1
  3
BTDETID
360
10000D2D
  3
BTPARTID
360
10000D2E
  0
DICTIONARY
  5
10000D30
330
10000D2F
100
AcDbDictionary
280
     1
  3
BTARCONSURFACERADIUS
360
10000D33
  3
BTDETID
360
10000D31
  3
BTOWNERFACEID_
360
10000D32
  3
BTPARTID
360
10000D34
  0
DICTIONARY
  5
10000D36
330
10000D35
100
AcDbDictionary
280
     1
  3
BTDETID
360
10000D37
  3
BTPARTID
360
10000D38
  0
DICTIONARY
  5
10000D3A
330
10000D39
100
AcDbDictionary
280
     1
  3
BTARCONSURFACERADIUS
360
10000D3D
  3
BTDETID
360
10000D3B
  3
BTOWNERFACEID_
360
10000D3C
  3
BTPARTID
360
10000D3E
  0
DICTIONARY
  5
10000D40
330
10000D3F
100
AcDbDictionary
280
     1
  3
BTDETID
360
10000D41
  3
BTPARTID
360
10000D42
  0
DICTIONARY
  5
10000D44
330
10000D43
100
AcDbDictionary
280
     1
  3
BTARCONSURFACERADIUS
360
10000D47
  3
BTDETID
360
10000D45
  3
BTOWNERFACEID_
360
10000D46
  3
BTPARTID
360
10000D48
  0
DICTIONARY
  5
10000D4A
330
10000D49
100
AcDbDictionary
280
     1
  3
BTDETID
360
10000D4B
  3
BTPARTID
360
10000D4C
  0
DICTIONARY
  5
10000D4E
330
10000D4D
100
AcDbDictionary
280
     1
  3
BTARCONSURFACERADIUS
360
10000D51
  3
BTDETID
360
10000D4F
  3
BTOWNERFACEID_
360
10000D50
  3
BTPARTID
360
10000D52
  0
DICTIONARY
  5
10000D54
330
10000D53
100
AcDbDictionary
280
     1
  3
BTDETID
360
10000D55
  3
BTPARTID
360
10000D56
  0
DICTIONARY
  5
10000D58
330
10000D57
100
AcDbDictionary
280
     1
  3
BTARCONSURFACERADIUS
360
10000D5B
  3
BTDETID
360
10000D59
  3
BTOWNERFACEID_
360
10000D5A
  3
BTPARTID
360
10000D5C
  0
DICTIONARY
  5
10000D5E
330
10000D5D
100
AcDbDictionary
280
     1
  3
BTDETID
360
10000D5F
  3
BTPARTID
360
10000D60
  0
DICTIONARY
  5
10000D62
330
10000D61
100
AcDbDictionary
280
     1
  3
BTARCONSURFACERADIUS
360
10000D65
  3
BTDETID
360
10000D63
  3
BTOWNERFACEID_
360
10000D64
  3
BTPARTID
360
10000D66
  0
DICTIONARY
  5
10000D68
330
10000D67
100
AcDbDictionary
280
     1
  3
BTDETID
360
10000D69
  3
BTPARTID
360
10000D6A
  0
DICTIONARY
  5
10000D6C
330
10000D6B
100
AcDbDictionary
280
     1
  3
BTARCONSURFACERADIUS
360
10000D6F
  3
BTDETID
360
10000D6D
  3
BTOWNERFACEID_
360
10000D6E
  3
BTPARTID
360
10000D70
  0
DICTIONARY
  5
10000D72
330
10000D71
100
AcDbDictionary
280
     1
  3
BTDETID
360
10000D73
  3
BTPARTID
360
10000D74
  0
DICTIONARY
  5
10000D76
330
10000D75
100
AcDbDictionary
280
     1
  3
BTARCONSURFACERADIUS
360
10000D79
  3
BTDETID
360
10000D77
  3
BTOWNERFACEID_
360
10000D78
  3
BTPARTID
360
10000D7A
  0
DICTIONARY
  5
10000D7C
330
10000D7B
100
AcDbDictionary
280
     1
  3
BTDETID
360
10000D7D
  3
BTPARTID
360
10000D7E
  0
DICTIONARY
  5
10000D80
330
10000D7F
100
AcDbDictionary
280
     1
  3
BTARCONSURFACERADIUS
360
10000D83
  3
BTDETID
360
10000D81
  3
BTOWNERFACEID_
360
10000D82
  3
BTPARTID
360
10000D84
  0
DICTIONARY
  5
10000D86
330
10000D85
100
AcDbDictionary
280
     1
  3
BTDETID
360
10000D87
  3
BTPARTID
360
10000D88
  0
DICTIONARY
  5
10000D8A
330
10000D89
100
AcDbDictionary
280
     1
  3
BTARCONSURFACERADIUS
360
10000D8D
  3
BTDETID
360
10000D8B
  3
BTOWNERFACEID_
360
10000D8C
  3
BTPARTID
360
10000D8E
  0
DICTIONARY
  5
10000D90
330
10000D8F
100
AcDbDictionary
280
     1
  3
BTDETID
360
10000D91
  3
BTPARTID
360
10000D92
  0
DICTIONARY
  5
10000D94
330
10000D93
100
AcDbDictionary
280
     1
  3
BTARCONSURFACERADIUS
360
10000D97
  3
BTDETID
360
10000D95
  3
BTOWNERFACEID_
360
10000D96
  3
BTPARTID
360
10000D98
  0
DICTIONARY
  5
10000D9A
330
10000D99
100
AcDbDictionary
280
     1
  3
BTDETID
360
10000D9B
  3
BTPARTID
360
10000D9C
  0
DICTIONARY
  5
10000D9E
330
10000D9D
100
AcDbDictionary
280
     1
  3
BTARCONSURFACERADIUS
360
10000DA1
  3
BTDETID
360
10000D9F
  3
BTOWNERFACEID_
360
10000DA0
  3
BTPARTID
360
10000DA2
  0
DICTIONARY
  5
10000DA4
330
10000DA3
100
AcDbDictionary
280
     1
  3
BTDETID
360
10000DA5
  3
BTPARTID
360
10000DA6
  0
DICTIONARY
  5
10000DA8
330
10000DA7
100
AcDbDictionary
280
     1
  3
BTARCONSURFACERADIUS
360
10000DAB
  3
BTDETID
360
10000DA9
  3
BTOWNERFACEID_
360
10000DAA
  3
BTPARTID
360
10000DAC
  0
DICTIONARY
  5
10000DAE
330
10000DAD
100
AcDbDictionary
280
     1
  3
BTDETID
360
10000DAF
  3
BTPARTID
360
10000DB0
  0
DICTIONARY
  5
10000DB2
330
10000DB1
100
AcDbDictionary
280
     1
  3
BTARCONSURFACERADIUS
360
10000DB5
  3
BTDETID
360
10000DB3
  3
BTOWNERFACEID_
360
10000DB4
  3
BTPARTID
360
10000DB6
  0
DICTIONARY
  5
10000DB8
330
10000DB7
100
AcDbDictionary
280
     1
  3
BTDETID
360
10000DB9
  3
BTPARTID
360
10000DBA
  0
DICTIONARY
  5
10000DBC
330
10000DBB
100
AcDbDictionary
280
     1
  3
BTARCONSURFACERADIUS
360
10000DBF
  3
BTDETID
360
10000DBD
  3
BTOWNERFACEID_
360
10000DBE
  3
BTPARTID
360
10000DC0
  0
DICTIONARY
  5
10000DC2
330
10000DC1
100
AcDbDictionary
280
     1
  3
BTDETID
360
10000DC3
  3
BTPARTID
360
10000DC4
  0
DICTIONARY
  5
10000DC6
330
10000DC5
100
AcDbDictionary
280
     1
  3
BTARCONSURFACERADIUS
360
10000DC9
  3
BTDETID
360
10000DC7
  3
BTOWNERFACEID_
360
10000DC8
  3
BTPARTID
360
10000DCA
  0
DICTIONARY
  5
10000DCC
330
10000DCB
100
AcDbDictionary
280
     1
  3
BTDETID
360
10000DCD
  3
BTPARTID
360
10000DCE
  0
DICTIONARY
  5
10000DD0
330
10000DCF
100
AcDbDictionary
280
     1
  3
BTARCONSURFACERADIUS
360
10000DD3
  3
BTDETID
360
10000DD1
  3
BTOWNERFACEID_
360
10000DD2
  3
BTPARTID
360
10000DD4
  0
DICTIONARY
  5
10000DD6
330
10000DD5
100
AcDbDictionary
280
     1
  3
BTDETID
360
10000DD7
  3
BTPARTID
360
10000DD8
  0
DICTIONARY
  5
10000DDA
330
10000DD9
100
AcDbDictionary
280
     1
  3
BTARCONSURFACERADIUS
360
10000DDD
  3
BTDETID
360
10000DDB
  3
BTOWNERFACEID_
360
10000DDC
  3
BTPARTID
360
10000DDE
  0
DICTIONARY
  5
10000DE0
330
10000DDF
100
AcDbDictionary
280
     1
  3
BTDETID
360
10000DE1
  3
BTPARTID
360
10000DE2
  0
DICTIONARY
  5
10000DE4
330
10000DE3
100
AcDbDictionary
280
     1
  3
BTARCONSURFACERADIUS
360
10000DE7
  3
BTDETID
360
10000DE5
  3
BTOWNERFACEID_
360
10000DE6
  3
BTPARTID
360
10000DE8
  0
DICTIONARY
  5
10000DEA
330
10000DE9
100
AcDbDictionary
280
     1
  3
BTDETID
360
10000DEB
  3
BTPARTID
360
10000DEC
  0
DICTIONARY
  5
10000DEE
330
10000DED
100
AcDbDictionary
280
     1
  3
BTARCONSURFACERADIUS
360
10000DF1
  3
BTDETID
360
10000DEF
  3
BTOWNERFACEID_
360
10000DF0
  3
BTPARTID
360
10000DF2
  0
DICTIONARY
  5
10000DF4
330
10000DF3
100
AcDbDictionary
280
     1
  3
BTDETID
360
10000DF5
  3
BTPARTID
360
10000DF6
  0
DICTIONARY
  5
10000DF8
330
10000DF7
100
AcDbDictionary
280
     1
  3
BTARCONSURFACERADIUS
360
10000DFB
  3
BTDETID
360
10000DF9
  3
BTOWNERFACEID_
360
10000DFA
  3
BTPARTID
360
10000DFC
  0
DICTIONARY
  5
10000DFE
330
10000DFD
100
AcDbDictionary
280
     1
  3
BTDETID
360
10000DFF
  3
BTPARTID
360
10000E00
  0
DICTIONARY
  5
10000E02
330
10000E01
100
AcDbDictionary
280
     1
  3
BTARCONSURFACERADIUS
360
10000E05
  3
BTDETID
360
10000E03
  3
BTOWNERFACEID_
360
10000E04
  3
BTPARTID
360
10000E06
  0
DICTIONARY
  5
10000E08
330
10000E07
100
AcDbDictionary
280
     1
  3
BTDETID
360
10000E09
  3
BTPARTID
360
10000E0A
  0
DICTIONARY
  5
10000E0C
330
10000E0B
100
AcDbDictionary
280
     1
  3
BTARCONSURFACERADIUS
360
10000E0F
  3
BTDETID
360
10000E0D
  3
BTOWNERFACEID_
360
10000E0E
  3
BTPARTID
360
10000E10
  0
DICTIONARY
  5
10000E12
330
10000E11
100
AcDbDictionary
280
     1
  3
BTDETID
360
10000E13
  3
BTPARTID
360
10000E14
  0
DICTIONARY
  5
10000E16
330
10000E15
100
AcDbDictionary
280
     1
  3
BTARCONSURFACERADIUS
360
10000E19
  3
BTDETID
360
10000E17
  3
BTOWNERFACEID_
360
10000E18
  3
BTPARTID
360
10000E1A
  0
DICTIONARY
  5
10000E1C
330
10000E1B
100
AcDbDictionary
280
     1
  3
BTDETID
360
10000E1D
  3
BTPARTID
360
10000E1E
  0
DICTIONARY
  5
10000E20
330
10000E1F
100
AcDbDictionary
280
     1
  3
BTARCONSURFACERADIUS
360
10000E23
  3
BTDETID
360
10000E21
  3
BTOWNERFACEID_
360
10000E22
  3
BTPARTID
360
10000E24
  0
DICTIONARY
  5
10000E26
330
10000E25
100
AcDbDictionary
280
     1
  3
BTDETID
360
10000E27
  3
BTPARTID
360
10000E28
  0
DICTIONARY
  5
10000E2A
330
10000E29
100
AcDbDictionary
280
     1
  3
BTARCONSURFACERADIUS
360
10000E2D
  3
BTDETID
360
10000E2B
  3
BTOWNERFACEID_
360
10000E2C
  3
BTPARTID
360
10000E2E
  0
DICTIONARY
  5
10000E30
330
10000E2F
100
AcDbDictionary
280
     1
  3
BTDETID
360
10000E31
  3
BTPARTID
360
10000E32
  0
DICTIONARY
  5
10000E34
330
10000E33
100
AcDbDictionary
280
     1
  3
BTARCONSURFACERADIUS
360
10000E37
  3
BTDETID
360
10000E35
  3
BTOWNERFACEID_
360
10000E36
  3
BTPARTID
360
10000E38
  0
DICTIONARY
  5
10000E3A
330
10000E39
100
AcDbDictionary
280
     1
  3
BTDETID
360
10000E3B
  3
BTPARTID
360
10000E3C
  0
DICTIONARY
  5
10000E3E
330
10000E3D
100
AcDbDictionary
280
     1
  3
BTARCONSURFACERADIUS
360
10000E41
  3
BTDETID
360
10000E3F
  3
BTOWNERFACEID_
360
10000E40
  3
BTPARTID
360
10000E42
  0
DICTIONARY
  5
10000E44
330
10000E43
100
AcDbDictionary
280
     1
  3
BTDETID
360
10000E45
  3
BTPARTID
360
10000E46
  0
DICTIONARY
  5
10000E48
330
10000E47
100
AcDbDictionary
280
     1
  3
BTARCONSURFACERADIUS
360
10000E4B
  3
BTDETID
360
10000E49
  3
BTOWNERFACEID_
360
10000E4A
  3
BTPARTID
360
10000E4C
  0
DICTIONARY
  5
10000E4E
330
10000E4D
100
AcDbDictionary
280
     1
  3
BTDETID
360
10000E4F
  3
BTPARTID
360
10000E50
  0
DICTIONARY
  5
10000E52
330
10000E51
100
AcDbDictionary
280
     1
  3
BTARCONSURFACERADIUS
360
10000E55
  3
BTDETID
360
10000E53
  3
BTOWNERFACEID_
360
10000E54
  3
BTPARTID
360
10000E56
  0
DICTIONARY
  5
10000E58
330
10000E57
100
AcDbDictionary
280
     1
  3
BTDETID
360
10000E59
  3
BTPARTID
360
10000E5A
  0
DICTIONARY
  5
10000E5C
330
10000E5B
100
AcDbDictionary
280
     1
  3
BTARCONSURFACERADIUS
360
10000E5F
  3
BTDETID
360
10000E5D
  3
BTOWNERFACEID_
360
10000E5E
  3
BTPARTID
360
10000E60
  0
DICTIONARY
  5
10000E62
330
10000E61
100
AcDbDictionary
280
     1
  3
BTDETID
360
10000E63
  3
BTPARTID
360
10000E64
  0
DICTIONARY
  5
10000E66
330
10000E65
100
AcDbDictionary
280
     1
  3
BTARCONSURFACERADIUS
360
10000E69
  3
BTDETID
360
10000E67
  3
BTOWNERFACEID_
360
10000E68
  3
BTPARTID
360
10000E6A
  0
DICTIONARY
  5
10000E6C
330
10000E6B
100
AcDbDictionary
280
     1
  3
BTDETID
360
10000E6D
  3
BTPARTID
360
10000E6E
  0
DICTIONARY
  5
10000E70
330
10000E6F
100
AcDbDictionary
280
     1
  3
BTARCONSURFACERADIUS
360
10000E73
  3
BTDETID
360
10000E71
  3
BTOWNERFACEID_
360
10000E72
  3
BTPARTID
360
10000E74
  0
DICTIONARY
  5
10000E76
330
10000E75
100
AcDbDictionary
280
     1
  3
BTDETID
360
10000E77
  3
BTPARTID
360
10000E78
  0
DICTIONARY
  5
10000E7A
330
10000E79
100
AcDbDictionary
280
     1
  3
BTARCONSURFACERADIUS
360
10000E7D
  3
BTDETID
360
10000E7B
  3
BTOWNERFACEID_
360
10000E7C
  3
BTPARTID
360
10000E7E
  0
DICTIONARY
  5
10000E80
330
10000E7F
100
AcDbDictionary
280
     1
  3
BTDETID
360
10000E81
  3
BTPARTID
360
10000E82
  0
DICTIONARY
  5
10000E84
330
10000E83
100
AcDbDictionary
280
     1
  3
BTARCONSURFACERADIUS
360
10000E87
  3
BTDETID
360
10000E85
  3
BTOWNERFACEID_
360
10000E86
  3
BTPARTID
360
10000E88
  0
DICTIONARY
  5
10000E8A
330
10000E89
100
AcDbDictionary
280
     1
  3
BTDETID
360
10000E8B
  3
BTPARTID
360
10000E8C
  0
DICTIONARY
  5
10000E8E
330
10000E8D
100
AcDbDictionary
280
     1
  3
BTARCONSURFACERADIUS
360
10000E91
  3
BTDETID
360
10000E8F
  3
BTOWNERFACEID_
360
10000E90
  3
BTPARTID
360
10000E92
  0
DICTIONARY
  5
10000E94
330
10000E93
100
AcDbDictionary
280
     1
  3
BTDETID
360
10000E95
  3
BTPARTID
360
10000E96
  0
DICTIONARY
  5
10000E98
330
10000E97
100
AcDbDictionary
280
     1
  3
BTARCONSURFACERADIUS
360
10000E9B
  3
BTDETID
360
10000E99
  3
BTOWNERFACEID_
360
10000E9A
  3
BTPARTID
360
10000E9C
  0
DICTIONARY
  5
10000E9E
330
10000E9D
100
AcDbDictionary
280
     1
  3
BTDETID
360
10000E9F
  3
BTPARTID
360
10000EA0
  0
DICTIONARY
  5
10000EA2
330
10000EA1
100
AcDbDictionary
280
     1
  3
BTARCONSURFACERADIUS
360
10000EA5
  3
BTDETID
360
10000EA3
  3
BTOWNERFACEID_
360
10000EA4
  3
BTPARTID
360
10000EA6
  0
DICTIONARY
  5
10000EA8
330
10000EA7
100
AcDbDictionary
280
     1
  3
BTDETID
360
10000EA9
  3
BTPARTID
360
10000EAA
  0
DICTIONARY
  5
10000EAC
330
10000EAB
100
AcDbDictionary
280
     1
  3
BTARCONSURFACERADIUS
360
10000EAF
  3
BTDETID
360
10000EAD
  3
BTOWNERFACEID_
360
10000EAE
  3
BTPARTID
360
10000EB0
  0
DICTIONARY
  5
10000EB2
330
10000EB1
100
AcDbDictionary
280
     1
  3
BTDETID
360
10000EB3
  3
BTPARTID
360
10000EB4
  0
DICTIONARY
  5
10000EB6
330
10000EB5
100
AcDbDictionary
280
     1
  3
BTARCONSURFACERADIUS
360
10000EB9
  3
BTDETID
360
10000EB7
  3
BTOWNERFACEID_
360
10000EB8
  3
BTPARTID
360
10000EBA
  0
DICTIONARY
  5
10000EBC
330
10000EBB
100
AcDbDictionary
280
     1
  3
BTDETID
360
10000EBD
  3
BTPARTID
360
10000EBE
  0
DICTIONARY
  5
10000EC0
330
10000EBF
100
AcDbDictionary
280
     1
  3
BTARCONSURFACERADIUS
360
10000EC3
  3
BTDETID
360
10000EC1
  3
BTOWNERFACEID_
360
10000EC2
  3
BTPARTID
360
10000EC4
  0
DICTIONARY
  5
10000EC6
330
10000EC5
100
AcDbDictionary
280
     1
  3
BTDETID
360
10000EC7
  3
BTPARTID
360
10000EC8
  0
DICTIONARY
  5
10000ECA
330
10000EC9
100
AcDbDictionary
280
     1
  3
BTARCONSURFACERADIUS
360
10000ECD
  3
BTDETID
360
10000ECB
  3
BTOWNERFACEID_
360
10000ECC
  3
BTPARTID
360
10000ECE
  0
DICTIONARY
  5
10000ED0
330
10000ECF
100
AcDbDictionary
280
     1
  3
BTDETID
360
10000ED1
  3
BTPARTID
360
10000ED2
  0
DICTIONARY
  5
10000ED4
330
10000ED3
100
AcDbDictionary
280
     1
  3
BTARCONSURFACERADIUS
360
10000ED7
  3
BTDETID
360
10000ED5
  3
BTOWNERFACEID_
360
10000ED6
  3
BTPARTID
360
10000ED8
  0
DICTIONARY
  5
10000EDA
330
10000ED9
100
AcDbDictionary
280
     1
  3
BTDETID
360
10000EDB
  3
BTPARTID
360
10000EDC
  0
DICTIONARY
  5
10000EDE
330
10000EDD
100
AcDbDictionary
280
     1
  3
BTARCONSURFACERADIUS
360
10000EE1
  3
BTDETID
360
10000EDF
  3
BTOWNERFACEID_
360
10000EE0
  3
BTPARTID
360
10000EE2
  0
DICTIONARY
  5
10000EE4
330
10000EE3
100
AcDbDictionary
280
     1
  3
BTDETID
360
10000EE5
  3
BTPARTID
360
10000EE6
  0
DICTIONARY
  5
10000EE8
330
10000EE7
100
AcDbDictionary
280
     1
  3
BTARCONSURFACERADIUS
360
10000EEB
  3
BTDETID
360
10000EE9
  3
BTOWNERFACEID_
360
10000EEA
  3
BTPARTID
360
10000EEC
  0
DICTIONARY
  5
10000EEE
330
10000EED
100
AcDbDictionary
280
     1
  3
BTDETID
360
10000EEF
  3
BTPARTID
360
10000EF0
  0
DICTIONARY
  5
10000EF2
330
10000EF1
100
AcDbDictionary
280
     1
  3
BTARCONSURFACERADIUS
360
10000EF5
  3
BTDETID
360
10000EF3
  3
BTOWNERFACEID_
360
10000EF4
  3
BTPARTID
360
10000EF6
  0
DICTIONARY
  5
10000EF8
330
10000EF7
100
AcDbDictionary
280
     1
  3
BTDETID
360
10000EF9
  3
BTPARTID
360
10000EFA
  0
DICTIONARY
  5
10000EFC
330
10000EFB
100
AcDbDictionary
280
     1
  3
BTARCONSURFACERADIUS
360
10000EFF
  3
BTDETID
360
10000EFD
  3
BTOWNERFACEID_
360
10000EFE
  3
BTPARTID
360
10000F00
  0
DICTIONARY
  5
10000F02
330
10000F01
100
AcDbDictionary
280
     1
  3
BTDETID
360
10000F03
  3
BTPARTID
360
10000F04
  0
DICTIONARY
  5
10000F06
330
10000F05
100
AcDbDictionary
280
     1
  3
BTARCONSURFACERADIUS
360
10000F09
  3
BTDETID
360
10000F07
  3
BTOWNERFACEID_
360
10000F08
  3
BTPARTID
360
10000F0A
  0
DICTIONARY
  5
10000F0C
330
10000F0B
100
AcDbDictionary
280
     1
  3
BTDETID
360
10000F0D
  3
BTPARTID
360
10000F0E
  0
DICTIONARY
  5
10000F10
330
10000F0F
100
AcDbDictionary
280
     1
  3
BTARCONSURFACERADIUS
360
10000F13
  3
BTDETID
360
10000F11
  3
BTOWNERFACEID_
360
10000F12
  3
BTPARTID
360
10000F14
  0
DICTIONARY
  5
10000F16
330
10000F15
100
AcDbDictionary
280
     1
  3
BTDETID
360
10000F17
  3
BTPARTID
360
10000F18
  0
DICTIONARY
  5
10000F1A
330
10000F19
100
AcDbDictionary
280
     1
  3
BTARCONSURFACERADIUS
360
10000F1D
  3
BTDETID
360
10000F1B
  3
BTOWNERFACEID_
360
10000F1C
  3
BTPARTID
360
10000F1E
  0
DICTIONARY
  5
10000F20
330
10000F1F
100
AcDbDictionary
280
     1
  3
BTDETID
360
10000F21
  3
BTPARTID
360
10000F22
  0
DICTIONARY
  5
10000F24
330
10000F23
100
AcDbDictionary
280
     1
  3
BTARCONSURFACERADIUS
360
10000F27
  3
BTDETID
360
10000F25
  3
BTOWNERFACEID_
360
10000F26
  3
BTPARTID
360
10000F28
  0
DICTIONARY
  5
10000F2A
330
10000F29
100
AcDbDictionary
280
     1
  3
BTDETID
360
10000F2B
  3
BTPARTID
360
10000F2C
  0
DICTIONARY
  5
10000F2E
330
10000F2D
100
AcDbDictionary
280
     1
  3
BTARCONSURFACERADIUS
360
10000F31
  3
BTDETID
360
10000F2F
  3
BTOWNERFACEID_
360
10000F30
  3
BTPARTID
360
10000F32
  0
DICTIONARY
  5
10000F34
330
10000F33
100
AcDbDictionary
280
     1
  3
BTDETID
360
10000F35
  3
BTPARTID
360
10000F36
  0
DICTIONARY
  5
10000F38
330
10000F37
100
AcDbDictionary
280
     1
  3
BTARCONSURFACERADIUS
360
10000F3B
  3
BTDETID
360
10000F39
  3
BTOWNERFACEID_
360
10000F3A
  3
BTPARTID
360
10000F3C
  0
DICTIONARY
  5
10000F3E
330
10000F3D
100
AcDbDictionary
280
     1
  3
BTDETID
360
10000F3F
  3
BTPARTID
360
10000F40
  0
DICTIONARY
  5
10000F42
330
10000F41
100
AcDbDictionary
280
     1
  3
BTARCONSURFACERADIUS
360
10000F45
  3
BTDETID
360
10000F43
  3
BTOWNERFACEID_
360
10000F44
  3
BTPARTID
360
10000F46
  0
DICTIONARY
  5
10000F48
330
10000F47
100
AcDbDictionary
280
     1
  3
BTDETID
360
10000F49
  3
BTPARTID
360
10000F4A
  0
DICTIONARY
  5
10000F4C
330
10000F4B
100
AcDbDictionary
280
     1
  3
BTARCONSURFACERADIUS
360
10000F4F
  3
BTDETID
360
10000F4D
  3
BTOWNERFACEID_
360
10000F4E
  3
BTPARTID
360
10000F50
  0
DICTIONARY
  5
10000F52
330
10000F51
100
AcDbDictionary
280
     1
  3
BTDETID
360
10000F53
  3
BTPARTID
360
10000F54
  0
DICTIONARY
  5
10000F56
330
10000F55
100
AcDbDictionary
280
     1
  3
BTARCONSURFACERADIUS
360
10000F59
  3
BTDETID
360
10000F57
  3
BTOWNERFACEID_
360
10000F58
  3
BTPARTID
360
10000F5A
  0
DICTIONARY
  5
10000F5C
330
10000F5B
100
AcDbDictionary
280
     1
  3
BTDETID
360
10000F5D
  3
BTPARTID
360
10000F5E
  0
DICTIONARY
  5
10000F60
330
10000F5F
100
AcDbDictionary
280
     1
  3
BTARCONSURFACERADIUS
360
10000F63
  3
BTDETID
360
10000F61
  3
BTOWNERFACEID_
360
10000F62
  3
BTPARTID
360
10000F64
  0
DICTIONARY
  5
10000F66
330
10000F65
100
AcDbDictionary
280
     1
  3
BTDETID
360
10000F67
  3
BTPARTID
360
10000F68
  0
DICTIONARY
  5
10000F6A
330
10000F69
100
AcDbDictionary
280
     1
  3
BTARCONSURFACERADIUS
360
10000F6D
  3
BTDETID
360
10000F6B
  3
BTOWNERFACEID_
360
10000F6C
  3
BTPARTID
360
10000F6E
  0
DICTIONARY
  5
10000F70
330
10000F6F
100
AcDbDictionary
280
     1
  3
BTDETID
360
10000F71
  3
BTPARTID
360
10000F72
  0
DICTIONARY
  5
10000F74
330
10000F73
100
AcDbDictionary
280
     1
  3
BTARCONSURFACERADIUS
360
10000F77
  3
BTDETID
360
10000F75
  3
BTOWNERFACEID_
360
10000F76
  3
BTPARTID
360
10000F78
  0
DICTIONARY
  5
10000F7A
330
10000F79
100
AcDbDictionary
280
     1
  3
BTDETID
360
10000F7B
  3
BTPARTID
360
10000F7C
  0
DICTIONARY
  5
10000F7E
330
10000F7D
100
AcDbDictionary
280
     1
  3
BTARCONSURFACERADIUS
360
10000F81
  3
BTDETID
360
10000F7F
  3
BTOWNERFACEID_
360
10000F80
  3
BTPARTID
360
10000F82
  0
DICTIONARY
  5
10000F84
330
10000F83
100
AcDbDictionary
280
     1
  3
BTDETID
360
10000F85
  3
BTPARTID
360
10000F86
  0
DICTIONARY
  5
10000F88
330
10000F87
100
AcDbDictionary
280
     1
  3
BTARCONSURFACERADIUS
360
10000F8B
  3
BTDETID
360
10000F89
  3
BTOWNERFACEID_
360
10000F8A
  3
BTPARTID
360
10000F8C
  0
DICTIONARY
  5
10000F8E
330
10000F8D
100
AcDbDictionary
280
     1
  3
BTDETID
360
10000F8F
  3
BTPARTID
360
10000F90
  0
DICTIONARY
  5
10000F92
330
10000F91
100
AcDbDictionary
280
     1
  3
BTARCONSURFACERADIUS
360
10000F95
  3
BTDETID
360
10000F93
  3
BTOWNERFACEID_
360
10000F94
  3
BTPARTID
360
10000F96
  0
DICTIONARY
  5
10000F98
330
10000F97
100
AcDbDictionary
280
     1
  3
BTDETID
360
10000F99
  3
BTPARTID
360
10000F9A
  0
DICTIONARY
  5
10000F9C
330
10000F9B
100
AcDbDictionary
280
     1
  3
BTARCONSURFACERADIUS
360
10000F9F
  3
BTDETID
360
10000F9D
  3
BTOWNERFACEID_
360
10000F9E
  3
BTPARTID
360
10000FA0
  0
DICTIONARY
  5
10000FA2
330
10000FA1
100
AcDbDictionary
280
     1
  3
BTDETID
360
10000FA3
  3
BTPARTID
360
10000FA4
  0
DICTIONARY
  5
10000FA6
330
10000FA5
100
AcDbDictionary
280
     1
  3
BTARCONSURFACERADIUS
360
10000FA9
  3
BTDETID
360
10000FA7
  3
BTOWNERFACEID_
360
10000FA8
  3
BTPARTID
360
10000FAA
  0
DICTIONARY
  5
10000FAC
330
10000FAB
100
AcDbDictionary
280
     1
  3
BTDETID
360
10000FAD
  3
BTPARTID
360
10000FAE
  0
DICTIONARY
  5
10000FB0
330
10000FAF
100
AcDbDictionary
280
     1
  3
BTARCONSURFACERADIUS
360
10000FB3
  3
BTDETID
360
10000FB1
  3
BTOWNERFACEID_
360
10000FB2
  3
BTPARTID
360
10000FB4
  0
DICTIONARY
  5
10000FB6
330
10000FB5
100
AcDbDictionary
280
     1
  3
BTDETID
360
10000FB7
  3
BTPARTID
360
10000FB8
  0
DICTIONARY
  5
10000FBA
330
10000FB9
100
AcDbDictionary
280
     1
  3
BTARCONSURFACERADIUS
360
10000FBD
  3
BTDETID
360
10000FBB
  3
BTOWNERFACEID_
360
10000FBC
  3
BTPARTID
360
10000FBE
  0
DICTIONARY
  5
10000FC0
330
10000FBF
100
AcDbDictionary
280
     1
  3
BTDETID
360
10000FC1
  3
BTPARTID
360
10000FC2
  0
DICTIONARY
  5
10000FC4
330
10000FC3
100
AcDbDictionary
280
     1
  3
BTARCONSURFACERADIUS
360
10000FC7
  3
BTDETID
360
10000FC5
  3
BTOWNERFACEID_
360
10000FC6
  3
BTPARTID
360
10000FC8
  0
DICTIONARY
  5
10000FCA
330
10000FC9
100
AcDbDictionary
280
     1
  3
BTDETID
360
10000FCB
  3
BTPARTID
360
10000FCC
  0
DICTIONARY
  5
10000FCE
330
10000FCD
100
AcDbDictionary
280
     1
  3
BTARCONSURFACERADIUS
360
10000FD1
  3
BTDETID
360
10000FCF
  3
BTOWNERFACEID_
360
10000FD0
  3
BTPARTID
360
10000FD2
  0
DICTIONARY
  5
10000FD4
330
10000FD3
100
AcDbDictionary
280
     1
  3
BTDETID
360
10000FD5
  3
BTPARTID
360
10000FD6
  0
DICTIONARY
  5
10000FD8
330
10000FD7
100
AcDbDictionary
280
     1
  3
BTARCONSURFACERADIUS
360
10000FDB
  3
BTDETID
360
10000FD9
  3
BTOWNERFACEID_
360
10000FDA
  3
BTPARTID
360
10000FDC
  0
DICTIONARY
  5
10000FDE
330
10000FDD
100
AcDbDictionary
280
     1
  3
BTDETID
360
10000FDF
  3
BTPARTID
360
10000FE0
  0
DICTIONARY
  5
10000FE2
330
10000FE1
100
AcDbDictionary
280
     1
  3
BTARCONSURFACERADIUS
360
10000FE5
  3
BTDETID
360
10000FE3
  3
BTOWNERFACEID_
360
10000FE4
  3
BTPARTID
360
10000FE6
  0
DICTIONARY
  5
10000FE8
330
10000FE7
100
AcDbDictionary
280
     1
  3
BTARCONSURFACERADIUS
360
10000FEB
  3
BTDETID
360
10000FE9
  3
BTOWNERFACEID_
360
10000FEA
  3
BTPARTID
360
10000FEC
  0
DICTIONARY
  5
10000FEE
330
10000FED
100
AcDbDictionary
280
     1
  3
BTARCONSURFACERADIUS
360
10000FF1
  3
BTDETID
360
10000FEF
  3
BTOWNERFACEID_
360
10000FF0
  3
BTPARTID
360
10000FF2
  0
DICTIONARY
  5
10000FF4
330
10000FF3
100
AcDbDictionary
280
     1
  3
BTARCONSURFACERADIUS
360
10000FF7
  3
BTDETID
360
10000FF5
  3
BTOWNERFACEID_
360
10000FF6
  3
BTPARTID
360
10000FF8
  0
DICTIONARY
  5
10000FFA
330
10000FF9
100
AcDbDictionary
280
     1
  3
BTARCONSURFACERADIUS
360
10000FFD
  3
BTDETID
360
10000FFB
  3
BTOWNERFACEID_
360
10000FFC
  3
BTPARTID
360
10000FFE
  0
DICTIONARY
  5
10001000
330
10000FFF
100
AcDbDictionary
280
     1
  3
BTARCONSURFACERADIUS
360
10001003
  3
BTDETID
360
10001001
  3
BTOWNERFACEID_
360
10001002
  3
BTPARTID
360
10001004
  0
DICTIONARY
  5
10001006
330
10001005
100
AcDbDictionary
280
     1
  3
BTARCONSURFACERADIUS
360
10001009
  3
BTDETID
360
10001007
  3
BTOWNERFACEID_
360
10001008
  3
BTPARTID
360
1000100A
  0
DICTIONARY
  5
1000100C
330
1000100B
100
AcDbDictionary
280
     1
  3
BTARCONSURFACERADIUS
360
1000100F
  3
BTDETID
360
1000100D
  3
BTOWNERFACEID_
360
1000100E
  3
BTPARTID
360
10001010
  0
DICTIONARY
  5
10001012
330
10001011
100
AcDbDictionary
280
     1
  3
BTARCONSURFACERADIUS
360
10001015
  3
BTDETID
360
10001013
  3
BTOWNERFACEID_
360
10001014
  3
BTPARTID
360
10001016
  0
DICTIONARY
  5
10001018
330
10001017
100
AcDbDictionary
280
     1
  3
BTARCONSURFACERADIUS
360
1000101B
  3
BTDETID
360
10001019
  3
BTOWNERFACEID_
360
1000101A
  3
BTPARTID
360
1000101C
  0
DICTIONARY
  5
D
102
{ACAD_REACTORS
330
C
102
}
330
C
100
AcDbDictionary
  0
DICTIONARY
  5
1A
102
{ACAD_REACTORS
330
C
102
}
330
C
100
AcDbDictionary
  0
DICTIONARY
  5
43
102
{ACAD_REACTORS
330
C
102
}
330
C
100
AcDbDictionary
  3
BYBLOCK
350
45
  3
BYLAYER
350
44
  3
GLOBAL
350
46
  0
DICTIONARY
  5
5B
102
{ACAD_REACTORS
330
C
102
}
330
C
100
AcDbDictionary
  3
STANDARD
350
5C
  0
DICTIONARY
  5
17
102
{ACAD_REACTORS
330
C
102
}
330
C
100
AcDbDictionary
  3
STANDARD
350
18
  0
DICTIONARY
  5
19
102
{ACAD_REACTORS
330
C
102
}
330
C
100
AcDbDictionary
  0
DICTIONARY
  5
47
102
{ACAD_REACTORS
330
C
102
}
330
C
100
AcDbDictionary
  3
SCALE100_1
350
10000023
  3
SCALE10_1
350
1000001D
  3
SCALE12_1
350
1000001E
  3
SCALE16_1
350
1000001F
  3
SCALE1_1
350
10000006
  3
SCALE1_10
350
1000000D
  3
SCALE1_100
350
10000016
  3
SCALE1_12
350
1000000E
  3
SCALE1_16
350
1000000F
  3
SCALE1_2
350
10000007
  3
SCALE1_20
350
10000010
  3
SCALE1_25
350
10000011
  3
SCALE1_3
350
10000008
  3
SCALE1_32
350
10000012
  3
SCALE1_4
350
10000009
  3
SCALE1_40
350
10000013
  3
SCALE1_5
350
1000000A
  3
SCALE1_50
350
10000014
  3
SCALE1_6
350
1000000B
  3
SCALE1_8
350
1000000C
  3
SCALE1_80
350
10000015
  3
SCALE20_1
350
10000020
  3
SCALE2_1
350
10000017
  3
SCALE32_1
350
10000021
  3
SCALE3_1
350
10000018
  3
SCALE4_1
350
10000019
  3
SCALE50_1
350
10000022
  3
SCALE5_1
350
1000001A
  3
SCALE6_1
350
1000001B
  3
SCALE8_1
350
1000001C
  0
DICTIONARY
  5
2A
102
{ACAD_REACTORS
330
C
102
}
330
C
100
AcDbDictionary
  3
2DWIREFRAME
350
2F
  3
BASIC
350
32
  3
BRIGHTEN
350
36
  3
COLORCHANGE
350
3A
  3
CONCEPTUAL
350
34
  3
DIM
350
35
  3
EDGECOLOROFF
350
3D
  3
FACEPATTERN
350
39
  3
FLAT
350
2B
  3
FLATWITHEDGES
350
2C
  3
GOURAUD
350
2D
  3
GOURAUDWITHEDGES
350
2E
  3
HIDDEN
350
31
  3
JITTEROFF
350
3B
  3
LINEPATTERN
350
38
  3
OVERHANGOFF
350
3C
  3
REALISTIC
350
33
  3
SHADED
350
42
  3
SHADED_WITH_EDGES
350
41
  3
SHADES_OF_GRAY
350
3E
  3
SKETCHY
350
3F
  3
THICKEN
350
37
  3
WIREFRAME
350
30
  3
X-RAY
350
40
  0
DICTIONARY
  5
1000101F
102
{ACAD_REACTORS
330
C
102
}
330
C
100
AcDbDictionary
  3
CEPSNID
350
10001029
  3
CEPSNTYPE
350
10001028
  3
DIMSTYLEDATA
350
1000103F
  3
FINGERPRINTGUID
350
1000102A
  3
HYPERLINKBASE
350
10001022
  3
INSUNITS
350
10001027
  3
LAYOUTDICT
350
10001024
  3
LWETCUNION
350
10001026
  3
PLOTSETDICT
350
10001025
  3
PSVPSCALE
350
1000102C
  3
PUCSBASE
350
1000102F
  3
PUCSORGBACK
350
10001035
  3
PUCSORGBOTTOM
350
10001031
  3
PUCSORGFRONT
350
10001034
  3
PUCSORGLEFT
350
10001032
  3
PUCSORGRIGHT
350
10001033
  3
PUCSORGTOP
350
10001030
  3
PUCSORTHOREF
350
1000102D
  3
PUCSORTHOVIEW
350
1000102E
  3
STYLESHEET
350
10001023
  3
TSTACKALIGN
350
10001020
  3
TSTACKSIZE
350
10001021
  3
UCSBASE
350
10001038
  3
UCSORGBACK
350
1000103E
  3
UCSORGBOTTOM
350
1000103A
  3
UCSORGFRONT
350
1000103D
  3
UCSORGLEFT
350
1000103B
  3
UCSORGRIGHT
350
1000103C
  3
UCSORGTOP
350
10001039
  3
UCSORTHOREF
350
10001036
  3
UCSORTHOVIEW
350
10001037
  3
VERSIONGUID
350
1000102B
  0
DICTIONARY
  5
10001040
102
{ACAD_REACTORS
330
C
102
}
330
C
100
AcDbDictionary
  3
CANNOSCALE
350
1000104E
  3
CENTEREXE
350
10001047
  3
CENTERLTYPEFILE
350
10001048
  3
CMLEADERSTYLE
350
10001042
  3
CTABLESTYLE
350
10001041
  3
DIMASSOC
350
10001049
  3
HIDETEXT
350
1000104A
  3
MSLTSCALE
350
1000104F
  3
PSOLHEIGHT
350
10001044
  3
PSOLWIDTH
350
10001043
  0
XRECORD
  5
1000104B
102
{ACAD_REACTORS
330
C
102
}
330
C
100
AcDbXrecord
  1
DWGPROPS COOKIE
  2

  3

  4

  6
File was created by BTDwgCreate
  7

  8
onshape
  9

300
=
301
=
302
=
303
=
304
=
305
=
306
=
307
=
308
=
309
=
 40
0.0
 41
2460907.902253079
 42
2460907.902254016
  1

 90
        0
  0
DICTIONARY
  5
10000001
102
{ACAD_REACTORS
330
C
102
}
330
C
100
AcDbDictionary
280
     1
  3
DIM_UNITS
360
10000003
  3
DWGGEN_VERSION
360
10000002
  3
FIRST_ANGLE
360
10000005
  0
XRECORD
  5
1000104D
102
{ACAD_REACTORS
330
1000104C
102
}
330
1000104C
100
AcDbXrecord
102
VTR_0.000_0.000_1.000_1.000_VISUALSTYLE
340
2F
102
VTR_0.000_0.000_1.000_1.000_GRIDDISPLAY
 70
     3
102
VTR_0.000_0.000_1.000_1.000_GRIDMAJOR
 70
     5
102
VTR_0.000_0.000_1.000_1.000_DEFAULTLIGHTING
280
     1
102
VTR_0.000_0.000_1.000_1.000_DEFAULTLIGHTINGTYPE
 70
     1
102
VTR_0.000_0.000_1.000_1.000_BRIGHTNESS
141
0.0
102
VTR_0.000_0.000_1.000_1.000_CONTRAST
142
0.0
  0
SORTENTSTABLE
  5
1000101E
102
{ACAD_REACTORS
330
1000101D
102
}
330
1000101D
100
AcDbSortentsTable
330
1F
  0
XRECORD
  5
1000005B
102
{ACAD_REACTORS
330
1000005A
102
}
330
1000005A
100
AcDbXrecord
1000
LPNVC
  0
XRECORD
  5
1000005C
102
{ACAD_REACTORS
330
1000005A
102
}
330
1000005A
100
AcDbXrecord
1000
JPD
  0
XRECORD
  5
1000005F
102
{ACAD_REACTORS
330
1000005E
102
}
330
1000005E
100
AcDbXrecord
1000
LP1UC
  0
XRECORD
  5
10000060
102
{ACAD_REACTORS
330
1000005E
102
}
330
1000005E
100
AcDbXrecord
1000
JPD
  0
XRECORD
  5
10000063
102
{ACAD_REACTORS
330
10000062
102
}
330
10000062
100
AcDbXrecord
1000
LPFVC
  0
XRECORD
  5
10000064
102
{ACAD_REACTORS
330
10000062
102
}
330
10000062
100
AcDbXrecord
1000
JPD
  0
XRECORD
  5
10000067
102
{ACAD_REACTORS
330
10000066
102
}
330
10000066
100
AcDbXrecord
1000
LP9UC
  0
XRECORD
  5
10000068
102
{ACAD_REACTORS
330
10000066
102
}
330
10000066
100
AcDbXrecord
1000
JPD
  0
XRECORD
  5
1000006B
102
{ACAD_REACTORS
330
1000006A
102
}
330
1000006A
100
AcDbXrecord
1000
LP1AB
  0
XRECORD
  5
1000006C
102
{ACAD_REACTORS
330
1000006A
102
}
330
1000006A
100
AcDbXrecord
1000
JPD
  0
XRECORD
  5
10000071
102
{ACAD_REACTORS
330
1000006E
102
}
330
1000006E
100
AcDbXrecord
 40
0.0005
  0
XRECORD
  5
1000006F
102
{ACAD_REACTORS
330
1000006E
102
}
330
1000006E
100
AcDbXrecord
1000
LPdBB
  0
XRECORD
  5
10000070
102
{ACAD_REACTORS
330
1000006E
102
}
330
1000006E
100
AcDbXrecord
1000
JPK
  0
XRECORD
  5
10000072
102
{ACAD_REACTORS
330
1000006E
102
}
330
1000006E
100
AcDbXrecord
1000
JPD
  0
XRECORD
  5
10000075
102
{ACAD_REACTORS
330
10000074
102
}
330
10000074
100
AcDbXrecord
1000
LPNBB
  0
XRECORD
  5
10000076
102
{ACAD_REACTORS
330
10000074
102
}
330
10000074
100
AcDbXrecord
1000
JPD
  0
XRECORD
  5
1000007B
102
{ACAD_REACTORS
330
10000078
102
}
330
10000078
100
AcDbXrecord
 40
0.0005
  0
XRECORD
  5
10000079
102
{ACAD_REACTORS
330
10000078
102
}
330
10000078
100
AcDbXrecord
1000
LPtBB
  0
XRECORD
  5
1000007A
102
{ACAD_REACTORS
330
10000078
102
}
330
10000078
100
AcDbXrecord
1000
JPK
  0
XRECORD
  5
1000007C
102
{ACAD_REACTORS
330
10000078
102
}
330
10000078
100
AcDbXrecord
1000
JPD
  0
XRECORD
  5
1000007F
102
{ACAD_REACTORS
330
1000007E
102
}
330
1000007E
100
AcDbXrecord
1000
LP9AB
  0
XRECORD
  5
10000080
102
{ACAD_REACTORS
330
1000007E
102
}
330
1000007E
100
AcDbXrecord
1000
JPD
  0
XRECORD
  5
10000085
102
{ACAD_REACTORS
330
10000082
102
}
330
10000082
100
AcDbXrecord
 40
0.0005
  0
XRECORD
  5
10000083
102
{ACAD_REACTORS
330
10000082
102
}
330
10000082
100
AcDbXrecord
1000
LPlBB
  0
XRECORD
  5
10000084
102
{ACAD_REACTORS
330
10000082
102
}
330
10000082
100
AcDbXrecord
1000
JPK
  0
XRECORD
  5
10000086
102
{ACAD_REACTORS
330
10000082
102
}
330
10000082
100
AcDbXrecord
1000
JPD
  0
XRECORD
  5
10000089
102
{ACAD_REACTORS
330
10000088
102
}
330
10000088
100
AcDbXrecord
1000
LPFBB
  0
XRECORD
  5
1000008A
102
{ACAD_REACTORS
330
10000088
102
}
330
10000088
100
AcDbXrecord
1000
JPD
  0
XRECORD
  5
1000008F
102
{ACAD_REACTORS
330
1000008C
102
}
330
1000008C
100
AcDbXrecord
 40
0.0005
  0
XRECORD
  5
1000008D
102
{ACAD_REACTORS
330
1000008C
102
}
330
1000008C
100
AcDbXrecord
1000
LPVBB
  0
XRECORD
  5
1000008E
102
{ACAD_REACTORS
330
1000008C
102
}
330
1000008C
100
AcDbXrecord
1000
JPK
  0
XRECORD
  5
10000090
102
{ACAD_REACTORS
330
1000008C
102
}
330
1000008C
100
AcDbXrecord
1000
JPD
  0
XRECORD
  5
10000093
102
{ACAD_REACTORS
330
10000092
102
}
330
10000092
100
AcDbXrecord
1000
LPFDB
  0
XRECORD
  5
10000094
102
{ACAD_REACTORS
330
10000092
102
}
330
10000092
100
AcDbXrecord
1000
JPD
  0
XRECORD
  5
10000099
102
{ACAD_REACTORS
330
10000096
102
}
330
10000096
100
AcDbXrecord
 40
0.0005000000000002
  0
XRECORD
  5
10000097
102
{ACAD_REACTORS
330
10000096
102
}
330
10000096
100
AcDbXrecord
1000
LPVDB
  0
XRECORD
  5
10000098
102
{ACAD_REACTORS
330
10000096
102
}
330
10000096
100
AcDbXrecord
1000
JPK
  0
XRECORD
  5
1000009A
102
{ACAD_REACTORS
330
10000096
102
}
330
10000096
100
AcDbXrecord
1000
JPD
  0
XRECORD
  5
1000009D
102
{ACAD_REACTORS
330
1000009C
102
}
330
1000009C
100
AcDbXrecord
1000
LP1CB
  0
XRECORD
  5
1000009E
102
{ACAD_REACTORS
330
1000009C
102
}
330
1000009C
100
AcDbXrecord
1000
JPD
  0
XRECORD
  5
100000A3
102
{ACAD_REACTORS
330
100000A0
102
}
330
100000A0
100
AcDbXrecord
 40
0.0005
  0
XRECORD
  5
100000A1
102
{ACAD_REACTORS
330
100000A0
102
}
330
100000A0
100
AcDbXrecord
1000
LPdDB
  0
XRECORD
  5
100000A2
102
{ACAD_REACTORS
330
100000A0
102
}
330
100000A0
100
AcDbXrecord
1000
JPK
  0
XRECORD
  5
100000A4
102
{ACAD_REACTORS
330
100000A0
102
}
330
100000A0
100
AcDbXrecord
1000
JPD
  0
XRECORD
  5
100000A7
102
{ACAD_REACTORS
330
100000A6
102
}
330
100000A6
100
AcDbXrecord
1000
LPNDB
  0
XRECORD
  5
100000A8
102
{ACAD_REACTORS
330
100000A6
102
}
330
100000A6
100
AcDbXrecord
1000
JPD
  0
XRECORD
  5
100000AD
102
{ACAD_REACTORS
330
100000AA
102
}
330
100000AA
100
AcDbXrecord
 40
0.0005
  0
XRECORD
  5
100000AB
102
{ACAD_REACTORS
330
100000AA
102
}
330
100000AA
100
AcDbXrecord
1000
LPtDB
  0
XRECORD
  5
100000AC
102
{ACAD_REACTORS
330
100000AA
102
}
330
100000AA
100
AcDbXrecord
1000
JPK
  0
XRECORD
  5
100000AE
102
{ACAD_REACTORS
330
100000AA
102
}
330
100000AA
100
AcDbXrecord
1000
JPD
  0
XRECORD
  5
100000B1
102
{ACAD_REACTORS
330
100000B0
102
}
330
100000B0
100
AcDbXrecord
1000
LP9CB
  0
XRECORD
  5
100000B2
102
{ACAD_REACTORS
330
100000B0
102
}
330
100000B0
100
AcDbXrecord
1000
JPD
  0
XRECORD
  5
100000B7
102
{ACAD_REACTORS
330
100000B4
102
}
330
100000B4
100
AcDbXrecord
 40
0.0005
  0
XRECORD
  5
100000B5
102
{ACAD_REACTORS
330
100000B4
102
}
330
100000B4
100
AcDbXrecord
1000
LPlDB
  0
XRECORD
  5
100000B6
102
{ACAD_REACTORS
330
100000B4
102
}
330
100000B4
100
AcDbXrecord
1000
JPK
  0
XRECORD
  5
100000B8
102
{ACAD_REACTORS
330
100000B4
102
}
330
100000B4
100
AcDbXrecord
1000
JPD
  0
XRECORD
  5
100000BB
102
{ACAD_REACTORS
330
100000BA
102
}
330
100000BA
100
AcDbXrecord
1000
LPFWB
  0
XRECORD
  5
100000BC
102
{ACAD_REACTORS
330
100000BA
102
}
330
100000BA
100
AcDbXrecord
1000
JPD
  0
XRECORD
  5
100000C1
102
{ACAD_REACTORS
330
100000BE
102
}
330
100000BE
100
AcDbXrecord
 40
0.0005
  0
XRECORD
  5
100000BF
102
{ACAD_REACTORS
330
100000BE
102
}
330
100000BE
100
AcDbXrecord
1000
LPVWB
  0
XRECORD
  5
100000C0
102
{ACAD_REACTORS
330
100000BE
102
}
330
100000BE
100
AcDbXrecord
1000
JPK
  0
XRECORD
  5
100000C2
102
{ACAD_REACTORS
330
100000BE
102
}
330
100000BE
100
AcDbXrecord
1000
JPD
  0
XRECORD
  5
100000C5
102
{ACAD_REACTORS
330
100000C4
102
}
330
100000C4
100
AcDbXrecord
1000
LP1VB
  0
XRECORD
  5
100000C6
102
{ACAD_REACTORS
330
100000C4
102
}
330
100000C4
100
AcDbXrecord
1000
JPD
  0
XRECORD
  5
100000CB
102
{ACAD_REACTORS
330
100000C8
102
}
330
100000C8
100
AcDbXrecord
 40
0.0005
  0
XRECORD
  5
100000C9
102
{ACAD_REACTORS
330
100000C8
102
}
330
100000C8
100
AcDbXrecord
1000
LPdWB
  0
XRECORD
  5
100000CA
102
{ACAD_REACTORS
330
100000C8
102
}
330
100000C8
100
AcDbXrecord
1000
JPK
  0
XRECORD
  5
100000CC
102
{ACAD_REACTORS
330
100000C8
102
}
330
100000C8
100
AcDbXrecord
1000
JPD
  0
XRECORD
  5
100000CF
102
{ACAD_REACTORS
330
100000CE
102
}
330
100000CE
100
AcDbXrecord
1000
LPNWB
  0
XRECORD
  5
100000D0
102
{ACAD_REACTORS
330
100000CE
102
}
330
100000CE
100
AcDbXrecord
1000
JPD
  0
XRECORD
  5
100000D5
102
{ACAD_REACTORS
330
100000D2
102
}
330
100000D2
100
AcDbXrecord
 40
0.0005
  0
XRECORD
  5
100000D3
102
{ACAD_REACTORS
330
100000D2
102
}
330
100000D2
100
AcDbXrecord
1000
LPtWB
  0
XRECORD
  5
100000D4
102
{ACAD_REACTORS
330
100000D2
102
}
330
100000D2
100
AcDbXrecord
1000
JPK
  0
XRECORD
  5
100000D6
102
{ACAD_REACTORS
330
100000D2
102
}
330
100000D2
100
AcDbXrecord
1000
JPD
  0
XRECORD
  5
100000D9
102
{ACAD_REACTORS
330
100000D8
102
}
330
100000D8
100
AcDbXrecord
1000
LP9VB
  0
XRECORD
  5
100000DA
102
{ACAD_REACTORS
330
100000D8
102
}
330
100000D8
100
AcDbXrecord
1000
JPD
  0
XRECORD
  5
100000DF
102
{ACAD_REACTORS
330
100000DC
102
}
330
100000DC
100
AcDbXrecord
 40
0.0005
  0
XRECORD
  5
100000DD
102
{ACAD_REACTORS
330
100000DC
102
}
330
100000DC
100
AcDbXrecord
1000
LPlWB
  0
XRECORD
  5
100000DE
102
{ACAD_REACTORS
330
100000DC
102
}
330
100000DC
100
AcDbXrecord
1000
JPK
  0
XRECORD
  5
100000E0
102
{ACAD_REACTORS
330
100000DC
102
}
330
100000DC
100
AcDbXrecord
1000
JPD
  0
XRECORD
  5
100000E3
102
{ACAD_REACTORS
330
100000E2
102
}
330
100000E2
100
AcDbXrecord
1000
LPFnB
  0
XRECORD
  5
100000E4
102
{ACAD_REACTORS
330
100000E2
102
}
330
100000E2
100
AcDbXrecord
1000
JPD
  0
XRECORD
  5
100000E9
102
{ACAD_REACTORS
330
100000E6
102
}
330
100000E6
100
AcDbXrecord
 40
0.0005
  0
XRECORD
  5
100000E7
102
{ACAD_REACTORS
330
100000E6
102
}
330
100000E6
100
AcDbXrecord
1000
LPVnB
  0
XRECORD
  5
100000E8
102
{ACAD_REACTORS
330
100000E6
102
}
330
100000E6
100
AcDbXrecord
1000
JPK
  0
XRECORD
  5
100000EA
102
{ACAD_REACTORS
330
100000E6
102
}
330
100000E6
100
AcDbXrecord
1000
JPD
  0
XRECORD
  5
100000ED
102
{ACAD_REACTORS
330
100000EC
102
}
330
100000EC
100
AcDbXrecord
1000
LP1mB
  0
XRECORD
  5
100000EE
102
{ACAD_REACTORS
330
100000EC
102
}
330
100000EC
100
AcDbXrecord
1000
JPD
  0
XRECORD
  5
100000F3
102
{ACAD_REACTORS
330
100000F0
102
}
330
100000F0
100
AcDbXrecord
 40
0.0005
  0
XRECORD
  5
100000F1
102
{ACAD_REACTORS
330
100000F0
102
}
330
100000F0
100
AcDbXrecord
1000
LPdnB
  0
XRECORD
  5
100000F2
102
{ACAD_REACTORS
330
100000F0
102
}
330
100000F0
100
AcDbXrecord
1000
JPK
  0
XRECORD
  5
100000F4
102
{ACAD_REACTORS
330
100000F0
102
}
330
100000F0
100
AcDbXrecord
1000
JPD
  0
XRECORD
  5
100000F7
102
{ACAD_REACTORS
330
100000F6
102
}
330
100000F6
100
AcDbXrecord
1000
LPNnB
  0
XRECORD
  5
100000F8
102
{ACAD_REACTORS
330
100000F6
102
}
330
100000F6
100
AcDbXrecord
1000
JPD
  0
XRECORD
  5
100000FD
102
{ACAD_REACTORS
330
100000FA
102
}
330
100000FA
100
AcDbXrecord
 40
0.0005
  0
XRECORD
  5
100000FB
102
{ACAD_REACTORS
330
100000FA
102
}
330
100000FA
100
AcDbXrecord
1000
LPtnB
  0
XRECORD
  5
100000FC
102
{ACAD_REACTORS
330
100000FA
102
}
330
100000FA
100
AcDbXrecord
1000
JPK
  0
XRECORD
  5
100000FE
102
{ACAD_REACTORS
330
100000FA
102
}
330
100000FA
100
AcDbXrecord
1000
JPD
  0
XRECORD
  5
10000101
102
{ACAD_REACTORS
330
10000100
102
}
330
10000100
100
AcDbXrecord
1000
LP9mB
  0
XRECORD
  5
10000102
102
{ACAD_REACTORS
330
10000100
102
}
330
10000100
100
AcDbXrecord
1000
JPD
  0
XRECORD
  5
10000107
102
{ACAD_REACTORS
330
10000104
102
}
330
10000104
100
AcDbXrecord
 40
0.0005
  0
XRECORD
  5
10000105
102
{ACAD_REACTORS
330
10000104
102
}
330
10000104
100
AcDbXrecord
1000
LPlnB
  0
XRECORD
  5
10000106
102
{ACAD_REACTORS
330
10000104
102
}
330
10000104
100
AcDbXrecord
1000
JPK
  0
XRECORD
  5
10000108
102
{ACAD_REACTORS
330
10000104
102
}
330
10000104
100
AcDbXrecord
1000
JPD
  0
XRECORD
  5
1000010D
102
{ACAD_REACTORS
330
1000010A
102
}
330
1000010A
100
AcDbXrecord
 40
0.0005
  0
XRECORD
  5
1000010B
102
{ACAD_REACTORS
330
1000010A
102
}
330
1000010A
100
AcDbXrecord
1000
LPdmB
  0
XRECORD
  5
1000010C
102
{ACAD_REACTORS
330
1000010A
102
}
330
1000010A
100
AcDbXrecord
1000
JPK
  0
XRECORD
  5
1000010E
102
{ACAD_REACTORS
330
1000010A
102
}
330
1000010A
100
AcDbXrecord
1000
JPD
  0
XRECORD
  5
10000111
102
{ACAD_REACTORS
330
10000110
102
}
330
10000110
100
AcDbXrecord
1000
LPNmB
  0
XRECORD
  5
10000112
102
{ACAD_REACTORS
330
10000110
102
}
330
10000110
100
AcDbXrecord
1000
JPD
  0
XRECORD
  5
10000117
102
{ACAD_REACTORS
330
10000114
102
}
330
10000114
100
AcDbXrecord
 40
0.0005
  0
XRECORD
  5
10000115
102
{ACAD_REACTORS
330
10000114
102
}
330
10000114
100
AcDbXrecord
1000
LPtmB
  0
XRECORD
  5
10000116
102
{ACAD_REACTORS
330
10000114
102
}
330
10000114
100
AcDbXrecord
1000
JPK
  0
XRECORD
  5
10000118
102
{ACAD_REACTORS
330
10000114
102
}
330
10000114
100
AcDbXrecord
1000
JPD
  0
XRECORD
  5
1000011B
102
{ACAD_REACTORS
330
1000011A
102
}
330
1000011A
100
AcDbXrecord
1000
LP9lB
  0
XRECORD
  5
1000011C
102
{ACAD_REACTORS
330
1000011A
102
}
330
1000011A
100
AcDbXrecord
1000
JPD
  0
XRECORD
  5
10000121
102
{ACAD_REACTORS
330
1000011E
102
}
330
1000011E
100
AcDbXrecord
 40
0.0005
  0
XRECORD
  5
1000011F
102
{ACAD_REACTORS
330
1000011E
102
}
330
1000011E
100
AcDbXrecord
1000
LPlmB
  0
XRECORD
  5
10000120
102
{ACAD_REACTORS
330
1000011E
102
}
330
1000011E
100
AcDbXrecord
1000
JPK
  0
XRECORD
  5
10000122
102
{ACAD_REACTORS
330
1000011E
102
}
330
1000011E
100
AcDbXrecord
1000
JPD
  0
XRECORD
  5
10000125
102
{ACAD_REACTORS
330
10000124
102
}
330
10000124
100
AcDbXrecord
1000
LPFmB
  0
XRECORD
  5
10000126
102
{ACAD_REACTORS
330
10000124
102
}
330
10000124
100
AcDbXrecord
1000
JPD
  0
XRECORD
  5
1000012B
102
{ACAD_REACTORS
330
10000128
102
}
330
10000128
100
AcDbXrecord
 40
0.0005
  0
XRECORD
  5
10000129
102
{ACAD_REACTORS
330
10000128
102
}
330
10000128
100
AcDbXrecord
1000
LPVmB
  0
XRECORD
  5
1000012A
102
{ACAD_REACTORS
330
10000128
102
}
330
10000128
100
AcDbXrecord
1000
JPK
  0
XRECORD
  5
1000012C
102
{ACAD_REACTORS
330
10000128
102
}
330
10000128
100
AcDbXrecord
1000
JPD
  0
XRECORD
  5
1000012F
102
{ACAD_REACTORS
330
1000012E
102
}
330
1000012E
100
AcDbXrecord
1000
LP1lB
  0
XRECORD
  5
10000130
102
{ACAD_REACTORS
330
1000012E
102
}
330
1000012E
100
AcDbXrecord
1000
JPD
  0
XRECORD
  5
10000135
102
{ACAD_REACTORS
330
10000132
102
}
330
10000132
100
AcDbXrecord
 40
0.0005
  0
XRECORD
  5
10000133
102
{ACAD_REACTORS
330
10000132
102
}
330
10000132
100
AcDbXrecord
1000
LPdlB
  0
XRECORD
  5
10000134
102
{ACAD_REACTORS
330
10000132
102
}
330
10000132
100
AcDbXrecord
1000
JPK
  0
XRECORD
  5
10000136
102
{ACAD_REACTORS
330
10000132
102
}
330
10000132
100
AcDbXrecord
1000
JPD
  0
XRECORD
  5
10000139
102
{ACAD_REACTORS
330
10000138
102
}
330
10000138
100
AcDbXrecord
1000
LPNlB
  0
XRECORD
  5
1000013A
102
{ACAD_REACTORS
330
10000138
102
}
330
10000138
100
AcDbXrecord
1000
JPD
  0
XRECORD
  5
1000013F
102
{ACAD_REACTORS
330
1000013C
102
}
330
1000013C
100
AcDbXrecord
 40
0.0005
  0
XRECORD
  5
1000013D
102
{ACAD_REACTORS
330
1000013C
102
}
330
1000013C
100
AcDbXrecord
1000
LPtlB
  0
XRECORD
  5
1000013E
102
{ACAD_REACTORS
330
1000013C
102
}
330
1000013C
100
AcDbXrecord
1000
JPK
  0
XRECORD
  5
10000140
102
{ACAD_REACTORS
330
1000013C
102
}
330
1000013C
100
AcDbXrecord
1000
JPD
  0
XRECORD
  5
10000143
102
{ACAD_REACTORS
330
10000142
102
}
330
10000142
100
AcDbXrecord
1000
LP9kB
  0
XRECORD
  5
10000144
102
{ACAD_REACTORS
330
10000142
102
}
330
10000142
100
AcDbXrecord
1000
JPD
  0
XRECORD
  5
10000149
102
{ACAD_REACTORS
330
10000146
102
}
330
10000146
100
AcDbXrecord
 40
0.0005
  0
XRECORD
  5
10000147
102
{ACAD_REACTORS
330
10000146
102
}
330
10000146
100
AcDbXrecord
1000
LPllB
  0
XRECORD
  5
10000148
102
{ACAD_REACTORS
330
10000146
102
}
330
10000146
100
AcDbXrecord
1000
JPK
  0
XRECORD
  5
1000014A
102
{ACAD_REACTORS
330
10000146
102
}
330
10000146
100
AcDbXrecord
1000
JPD
  0
XRECORD
  5
1000014D
102
{ACAD_REACTORS
330
1000014C
102
}
330
1000014C
100
AcDbXrecord
1000
LPFlB
  0
XRECORD
  5
1000014E
102
{ACAD_REACTORS
330
1000014C
102
}
330
1000014C
100
AcDbXrecord
1000
JPD
  0
XRECORD
  5
10000153
102
{ACAD_REACTORS
330
10000150
102
}
330
10000150
100
AcDbXrecord
 40
0.0005
  0
XRECORD
  5
10000151
102
{ACAD_REACTORS
330
10000150
102
}
330
10000150
100
AcDbXrecord
1000
LPVlB
  0
XRECORD
  5
10000152
102
{ACAD_REACTORS
330
10000150
102
}
330
10000150
100
AcDbXrecord
1000
JPK
  0
XRECORD
  5
10000154
102
{ACAD_REACTORS
330
10000150
102
}
330
10000150
100
AcDbXrecord
1000
JPD
  0
XRECORD
  5
10000157
102
{ACAD_REACTORS
330
10000156
102
}
330
10000156
100
AcDbXrecord
1000
LP1kB
  0
XRECORD
  5
10000158
102
{ACAD_REACTORS
330
10000156
102
}
330
10000156
100
AcDbXrecord
1000
JPD
  0
XRECORD
  5
1000015D
102
{ACAD_REACTORS
330
1000015A
102
}
330
1000015A
100
AcDbXrecord
 40
0.0005
  0
XRECORD
  5
1000015B
102
{ACAD_REACTORS
330
1000015A
102
}
330
1000015A
100
AcDbXrecord
1000
KPVy
  0
XRECORD
  5
1000015C
102
{ACAD_REACTORS
330
1000015A
102
}
330
1000015A
100
AcDbXrecord
1000
JPK
  0
XRECORD
  5
1000015E
102
{ACAD_REACTORS
330
1000015A
102
}
330
1000015A
100
AcDbXrecord
1000
JPD
  0
XRECORD
  5
10000161
102
{ACAD_REACTORS
330
10000160
102
}
330
10000160
100
AcDbXrecord
1000
KP1x
  0
XRECORD
  5
10000162
102
{ACAD_REACTORS
330
10000160
102
}
330
10000160
100
AcDbXrecord
1000
JPD
  0
XRECORD
  5
10000167
102
{ACAD_REACTORS
330
10000164
102
}
330
10000164
100
AcDbXrecord
 40
0.0005
  0
XRECORD
  5
10000165
102
{ACAD_REACTORS
330
10000164
102
}
330
10000164
100
AcDbXrecord
1000
KPdy
  0
XRECORD
  5
10000166
102
{ACAD_REACTORS
330
10000164
102
}
330
10000164
100
AcDbXrecord
1000
JPK
  0
XRECORD
  5
10000168
102
{ACAD_REACTORS
330
10000164
102
}
330
10000164
100
AcDbXrecord
1000
JPD
  0
XRECORD
  5
1000016B
102
{ACAD_REACTORS
330
1000016A
102
}
330
1000016A
100
AcDbXrecord
1000
KPNy
  0
XRECORD
  5
1000016C
102
{ACAD_REACTORS
330
1000016A
102
}
330
1000016A
100
AcDbXrecord
1000
JPD
  0
XRECORD
  5
10000171
102
{ACAD_REACTORS
330
1000016E
102
}
330
1000016E
100
AcDbXrecord
 40
0.0005
  0
XRECORD
  5
1000016F
102
{ACAD_REACTORS
330
1000016E
102
}
330
1000016E
100
AcDbXrecord
1000
KPty
  0
XRECORD
  5
10000170
102
{ACAD_REACTORS
330
1000016E
102
}
330
1000016E
100
AcDbXrecord
1000
JPK
  0
XRECORD
  5
10000172
102
{ACAD_REACTORS
330
1000016E
102
}
330
1000016E
100
AcDbXrecord
1000
JPD
  0
XRECORD
  5
10000175
102
{ACAD_REACTORS
330
10000174
102
}
330
10000174
100
AcDbXrecord
1000
KP9x
  0
XRECORD
  5
10000176
102
{ACAD_REACTORS
330
10000174
102
}
330
10000174
100
AcDbXrecord
1000
JPD
  0
XRECORD
  5
1000017B
102
{ACAD_REACTORS
330
10000178
102
}
330
10000178
100
AcDbXrecord
 40
0.0005
  0
XRECORD
  5
10000179
102
{ACAD_REACTORS
330
10000178
102
}
330
10000178
100
AcDbXrecord
1000
KPly
  0
XRECORD
  5
1000017A
102
{ACAD_REACTORS
330
10000178
102
}
330
10000178
100
AcDbXrecord
1000
JPK
  0
XRECORD
  5
1000017C
102
{ACAD_REACTORS
330
10000178
102
}
330
10000178
100
AcDbXrecord
1000
JPD
  0
XRECORD
  5
1000017F
102
{ACAD_REACTORS
330
1000017E
102
}
330
1000017E
100
AcDbXrecord
1000
KPFy
  0
XRECORD
  5
10000180
102
{ACAD_REACTORS
330
1000017E
102
}
330
1000017E
100
AcDbXrecord
1000
JPD
  0
XRECORD
  5
10000185
102
{ACAD_REACTORS
330
10000182
102
}
330
10000182
100
AcDbXrecord
 40
0.0005
  0
XRECORD
  5
10000183
102
{ACAD_REACTORS
330
10000182
102
}
330
10000182
100
AcDbXrecord
1000
KPVz
  0
XRECORD
  5
10000184
102
{ACAD_REACTORS
330
10000182
102
}
330
10000182
100
AcDbXrecord
1000
JPK
  0
XRECORD
  5
10000186
102
{ACAD_REACTORS
330
10000182
102
}
330
10000182
100
AcDbXrecord
1000
JPD
  0
XRECORD
  5
10000189
102
{ACAD_REACTORS
330
10000188
102
}
330
10000188
100
AcDbXrecord
1000
KP1y
  0
XRECORD
  5
1000018A
102
{ACAD_REACTORS
330
10000188
102
}
330
10000188
100
AcDbXrecord
1000
JPD
  0
XRECORD
  5
1000018F
102
{ACAD_REACTORS
330
1000018C
102
}
330
1000018C
100
AcDbXrecord
 40
0.0005
  0
XRECORD
  5
1000018D
102
{ACAD_REACTORS
330
1000018C
102
}
330
1000018C
100
AcDbXrecord
1000
KPdz
  0
XRECORD
  5
1000018E
102
{ACAD_REACTORS
330
1000018C
102
}
330
1000018C
100
AcDbXrecord
1000
JPK
  0
XRECORD
  5
10000190
102
{ACAD_REACTORS
330
1000018C
102
}
330
1000018C
100
AcDbXrecord
1000
JPD
  0
XRECORD
  5
10000193
102
{ACAD_REACTORS
330
10000192
102
}
330
10000192
100
AcDbXrecord
1000
KPNz
  0
XRECORD
  5
10000194
102
{ACAD_REACTORS
330
10000192
102
}
330
10000192
100
AcDbXrecord
1000
JPD
  0
XRECORD
  5
10000199
102
{ACAD_REACTORS
330
10000196
102
}
330
10000196
100
AcDbXrecord
 40
0.0005
  0
XRECORD
  5
10000197
102
{ACAD_REACTORS
330
10000196
102
}
330
10000196
100
AcDbXrecord
1000
KPtz
  0
XRECORD
  5
10000198
102
{ACAD_REACTORS
330
10000196
102
}
330
10000196
100
AcDbXrecord
1000
JPK
  0
XRECORD
  5
1000019A
102
{ACAD_REACTORS
330
10000196
102
}
330
10000196
100
AcDbXrecord
1000
JPD
  0
XRECORD
  5
1000019D
102
{ACAD_REACTORS
330
1000019C
102
}
330
1000019C
100
AcDbXrecord
1000
KP9y
  0
XRECORD
  5
1000019E
102
{ACAD_REACTORS
330
1000019C
102
}
330
1000019C
100
AcDbXrecord
1000
JPD
  0
XRECORD
  5
100001A3
102
{ACAD_REACTORS
330
100001A0
102
}
330
100001A0
100
AcDbXrecord
 40
0.0005
  0
XRECORD
  5
100001A1
102
{ACAD_REACTORS
330
100001A0
102
}
330
100001A0
100
AcDbXrecord
1000
KPlz
  0
XRECORD
  5
100001A2
102
{ACAD_REACTORS
330
100001A0
102
}
330
100001A0
100
AcDbXrecord
1000
JPK
  0
XRECORD
  5
100001A4
102
{ACAD_REACTORS
330
100001A0
102
}
330
100001A0
100
AcDbXrecord
1000
JPD
  0
XRECORD
  5
100001A7
102
{ACAD_REACTORS
330
100001A6
102
}
330
100001A6
100
AcDbXrecord
1000
KPFz
  0
XRECORD
  5
100001A8
102
{ACAD_REACTORS
330
100001A6
102
}
330
100001A6
100
AcDbXrecord
1000
JPD
  0
XRECORD
  5
100001AD
102
{ACAD_REACTORS
330
100001AA
102
}
330
100001AA
100
AcDbXrecord
 40
0.0005
  0
XRECORD
  5
100001AB
102
{ACAD_REACTORS
330
100001AA
102
}
330
100001AA
100
AcDbXrecord
1000
KPV0
  0
XRECORD
  5
100001AC
102
{ACAD_REACTORS
330
100001AA
102
}
330
100001AA
100
AcDbXrecord
1000
JPK
  0
XRECORD
  5
100001AE
102
{ACAD_REACTORS
330
100001AA
102
}
330
100001AA
100
AcDbXrecord
1000
JPD
  0
XRECORD
  5
100001B1
102
{ACAD_REACTORS
330
100001B0
102
}
330
100001B0
100
AcDbXrecord
1000
KP1z
  0
XRECORD
  5
100001B2
102
{ACAD_REACTORS
330
100001B0
102
}
330
100001B0
100
AcDbXrecord
1000
JPD
  0
XRECORD
  5
100001B7
102
{ACAD_REACTORS
330
100001B4
102
}
330
100001B4
100
AcDbXrecord
 40
0.0005
  0
XRECORD
  5
100001B5
102
{ACAD_REACTORS
330
100001B4
102
}
330
100001B4
100
AcDbXrecord
1000
KPd0
  0
XRECORD
  5
100001B6
102
{ACAD_REACTORS
330
100001B4
102
}
330
100001B4
100
AcDbXrecord
1000
JPK
  0
XRECORD
  5
100001B8
102
{ACAD_REACTORS
330
100001B4
102
}
330
100001B4
100
AcDbXrecord
1000
JPD
  0
XRECORD
  5
100001BB
102
{ACAD_REACTORS
330
100001BA
102
}
330
100001BA
100
AcDbXrecord
1000
KPN0
  0
XRECORD
  5
100001BC
102
{ACAD_REACTORS
330
100001BA
102
}
330
100001BA
100
AcDbXrecord
1000
JPD
  0
XRECORD
  5
100001C1
102
{ACAD_REACTORS
330
100001BE
102
}
330
100001BE
100
AcDbXrecord
 40
0.0005
  0
XRECORD
  5
100001BF
102
{ACAD_REACTORS
330
100001BE
102
}
330
100001BE
100
AcDbXrecord
1000
KPt0
  0
XRECORD
  5
100001C0
102
{ACAD_REACTORS
330
100001BE
102
}
330
100001BE
100
AcDbXrecord
1000
JPK
  0
XRECORD
  5
100001C2
102
{ACAD_REACTORS
330
100001BE
102
}
330
100001BE
100
AcDbXrecord
1000
JPD
  0
XRECORD
  5
100001C5
102
{ACAD_REACTORS
330
100001C4
102
}
330
100001C4
100
AcDbXrecord
1000
KP9z
  0
XRECORD
  5
100001C6
102
{ACAD_REACTORS
330
100001C4
102
}
330
100001C4
100
AcDbXrecord
1000
JPD
  0
XRECORD
  5
100001CB
102
{ACAD_REACTORS
330
100001C8
102
}
330
100001C8
100
AcDbXrecord
 40
0.0005
  0
XRECORD
  5
100001C9
102
{ACAD_REACTORS
330
100001C8
102
}
330
100001C8
100
AcDbXrecord
1000
KPl0
  0
XRECORD
  5
100001CA
102
{ACAD_REACTORS
330
100001C8
102
}
330
100001C8
100
AcDbXrecord
1000
JPK
  0
XRECORD
  5
100001CC
102
{ACAD_REACTORS
330
100001C8
102
}
330
100001C8
100
AcDbXrecord
1000
JPD
  0
XRECORD
  5
100001CF
102
{ACAD_REACTORS
330
100001CE
102
}
330
100001CE
100
AcDbXrecord
1000
KPF0
  0
XRECORD
  5
100001D0
102
{ACAD_REACTORS
330
100001CE
102
}
330
100001CE
100
AcDbXrecord
1000
JPD
  0
XRECORD
  5
100001D5
102
{ACAD_REACTORS
330
100001D2
102
}
330
100001D2
100
AcDbXrecord
 40
0.0005
  0
XRECORD
  5
100001D3
102
{ACAD_REACTORS
330
100001D2
102
}
330
100001D2
100
AcDbXrecord
1000
KPV1
  0
XRECORD
  5
100001D4
102
{ACAD_REACTORS
330
100001D2
102
}
330
100001D2
100
AcDbXrecord
1000
JPK
  0
XRECORD
  5
100001D6
102
{ACAD_REACTORS
330
100001D2
102
}
330
100001D2
100
AcDbXrecord
1000
JPD
  0
XRECORD
  5
100001D9
102
{ACAD_REACTORS
330
100001D8
102
}
330
100001D8
100
AcDbXrecord
1000
KP10
  0
XRECORD
  5
100001DA
102
{ACAD_REACTORS
330
100001D8
102
}
330
100001D8
100
AcDbXrecord
1000
JPD
  0
XRECORD
  5
100001DF
102
{ACAD_REACTORS
330
100001DC
102
}
330
100001DC
100
AcDbXrecord
 40
0.0005
  0
XRECORD
  5
100001DD
102
{ACAD_REACTORS
330
100001DC
102
}
330
100001DC
100
AcDbXrecord
1000
KPd1
  0
XRECORD
  5
100001DE
102
{ACAD_REACTORS
330
100001DC
102
}
330
100001DC
100
AcDbXrecord
1000
JPK
  0
XRECORD
  5
100001E0
102
{ACAD_REACTORS
330
100001DC
102
}
330
100001DC
100
AcDbXrecord
1000
JPD
  0
XRECORD
  5
100001E3
102
{ACAD_REACTORS
330
100001E2
102
}
330
100001E2
100
AcDbXrecord
1000
KPN1
  0
XRECORD
  5
100001E4
102
{ACAD_REACTORS
330
100001E2
102
}
330
100001E2
100
AcDbXrecord
1000
JPD
  0
XRECORD
  5
100001E9
102
{ACAD_REACTORS
330
100001E6
102
}
330
100001E6
100
AcDbXrecord
 40
0.0005
  0
XRECORD
  5
100001E7
102
{ACAD_REACTORS
330
100001E6
102
}
330
100001E6
100
AcDbXrecord
1000
KPt1
  0
XRECORD
  5
100001E8
102
{ACAD_REACTORS
330
100001E6
102
}
330
100001E6
100
AcDbXrecord
1000
JPK
  0
XRECORD
  5
100001EA
102
{ACAD_REACTORS
330
100001E6
102
}
330
100001E6
100
AcDbXrecord
1000
JPD
  0
XRECORD
  5
100001ED
102
{ACAD_REACTORS
330
100001EC
102
}
330
100001EC
100
AcDbXrecord
1000
KP90
  0
XRECORD
  5
100001EE
102
{ACAD_REACTORS
330
100001EC
102
}
330
100001EC
100
AcDbXrecord
1000
JPD
  0
XRECORD
  5
100001F3
102
{ACAD_REACTORS
330
100001F0
102
}
330
100001F0
100
AcDbXrecord
 40
0.0005
  0
XRECORD
  5
100001F1
102
{ACAD_REACTORS
330
100001F0
102
}
330
100001F0
100
AcDbXrecord
1000
KPl1
  0
XRECORD
  5
100001F2
102
{ACAD_REACTORS
330
100001F0
102
}
330
100001F0
100
AcDbXrecord
1000
JPK
  0
XRECORD
  5
100001F4
102
{ACAD_REACTORS
330
100001F0
102
}
330
100001F0
100
AcDbXrecord
1000
JPD
  0
XRECORD
  5
100001F7
102
{ACAD_REACTORS
330
100001F6
102
}
330
100001F6
100
AcDbXrecord
1000
KPF1
  0
XRECORD
  5
100001F8
102
{ACAD_REACTORS
330
100001F6
102
}
330
100001F6
100
AcDbXrecord
1000
JPD
  0
XRECORD
  5
100001FD
102
{ACAD_REACTORS
330
100001FA
102
}
330
100001FA
100
AcDbXrecord
 40
0.0005
  0
XRECORD
  5
100001FB
102
{ACAD_REACTORS
330
100001FA
102
}
330
100001FA
100
AcDbXrecord
1000
KPV2
  0
XRECORD
  5
100001FC
102
{ACAD_REACTORS
330
100001FA
102
}
330
100001FA
100
AcDbXrecord
1000
JPK
  0
XRECORD
  5
100001FE
102
{ACAD_REACTORS
330
100001FA
102
}
330
100001FA
100
AcDbXrecord
1000
JPD
  0
XRECORD
  5
10000201
102
{ACAD_REACTORS
330
10000200
102
}
330
10000200
100
AcDbXrecord
1000
KP11
  0
XRECORD
  5
10000202
102
{ACAD_REACTORS
330
10000200
102
}
330
10000200
100
AcDbXrecord
1000
JPD
  0
XRECORD
  5
10000207
102
{ACAD_REACTORS
330
10000204
102
}
330
10000204
100
AcDbXrecord
 40
0.0005
  0
XRECORD
  5
10000205
102
{ACAD_REACTORS
330
10000204
102
}
330
10000204
100
AcDbXrecord
1000
KPd2
  0
XRECORD
  5
10000206
102
{ACAD_REACTORS
330
10000204
102
}
330
10000204
100
AcDbXrecord
1000
JPK
  0
XRECORD
  5
10000208
102
{ACAD_REACTORS
330
10000204
102
}
330
10000204
100
AcDbXrecord
1000
JPD
  0
XRECORD
  5
1000020B
102
{ACAD_REACTORS
330
1000020A
102
}
330
1000020A
100
AcDbXrecord
1000
KPN2
  0
XRECORD
  5
1000020C
102
{ACAD_REACTORS
330
1000020A
102
}
330
1000020A
100
AcDbXrecord
1000
JPD
  0
XRECORD
  5
10000211
102
{ACAD_REACTORS
330
1000020E
102
}
330
1000020E
100
AcDbXrecord
 40
0.0005
  0
XRECORD
  5
1000020F
102
{ACAD_REACTORS
330
1000020E
102
}
330
1000020E
100
AcDbXrecord
1000
KPt2
  0
XRECORD
  5
10000210
102
{ACAD_REACTORS
330
1000020E
102
}
330
1000020E
100
AcDbXrecord
1000
JPK
  0
XRECORD
  5
10000212
102
{ACAD_REACTORS
330
1000020E
102
}
330
1000020E
100
AcDbXrecord
1000
JPD
  0
XRECORD
  5
10000215
102
{ACAD_REACTORS
330
10000214
102
}
330
10000214
100
AcDbXrecord
1000
KP91
  0
XRECORD
  5
10000216
102
{ACAD_REACTORS
330
10000214
102
}
330
10000214
100
AcDbXrecord
1000
JPD
  0
XRECORD
  5
1000021B
102
{ACAD_REACTORS
330
10000218
102
}
330
10000218
100
AcDbXrecord
 40
0.0005
  0
XRECORD
  5
10000219
102
{ACAD_REACTORS
330
10000218
102
}
330
10000218
100
AcDbXrecord
1000
KPl2
  0
XRECORD
  5
1000021A
102
{ACAD_REACTORS
330
10000218
102
}
330
10000218
100
AcDbXrecord
1000
JPK
  0
XRECORD
  5
1000021C
102
{ACAD_REACTORS
330
10000218
102
}
330
10000218
100
AcDbXrecord
1000
JPD
  0
XRECORD
  5
1000021F
102
{ACAD_REACTORS
330
1000021E
102
}
330
1000021E
100
AcDbXrecord
1000
KPF2
  0
XRECORD
  5
10000220
102
{ACAD_REACTORS
330
1000021E
102
}
330
1000021E
100
AcDbXrecord
1000
JPD
  0
XRECORD
  5
10000225
102
{ACAD_REACTORS
330
10000222
102
}
330
10000222
100
AcDbXrecord
 40
0.0005
  0
XRECORD
  5
10000223
102
{ACAD_REACTORS
330
10000222
102
}
330
10000222
100
AcDbXrecord
1000
KPV3
  0
XRECORD
  5
10000224
102
{ACAD_REACTORS
330
10000222
102
}
330
10000222
100
AcDbXrecord
1000
JPK
  0
XRECORD
  5
10000226
102
{ACAD_REACTORS
330
10000222
102
}
330
10000222
100
AcDbXrecord
1000
JPD
  0
XRECORD
  5
10000229
102
{ACAD_REACTORS
330
10000228
102
}
330
10000228
100
AcDbXrecord
1000
KP12
  0
XRECORD
  5
1000022A
102
{ACAD_REACTORS
330
10000228
102
}
330
10000228
100
AcDbXrecord
1000
JPD
  0
XRECORD
  5
1000022F
102
{ACAD_REACTORS
330
1000022C
102
}
330
1000022C
100
AcDbXrecord
 40
0.0005
  0
XRECORD
  5
1000022D
102
{ACAD_REACTORS
330
1000022C
102
}
330
1000022C
100
AcDbXrecord
1000
KPd3
  0
XRECORD
  5
1000022E
102
{ACAD_REACTORS
330
1000022C
102
}
330
1000022C
100
AcDbXrecord
1000
JPK
  0
XRECORD
  5
10000230
102
{ACAD_REACTORS
330
1000022C
102
}
330
1000022C
100
AcDbXrecord
1000
JPD
  0
XRECORD
  5
10000233
102
{ACAD_REACTORS
330
10000232
102
}
330
10000232
100
AcDbXrecord
1000
KPN3
  0
XRECORD
  5
10000234
102
{ACAD_REACTORS
330
10000232
102
}
330
10000232
100
AcDbXrecord
1000
JPD
  0
XRECORD
  5
10000239
102
{ACAD_REACTORS
330
10000236
102
}
330
10000236
100
AcDbXrecord
 40
0.0005
  0
XRECORD
  5
10000237
102
{ACAD_REACTORS
330
10000236
102
}
330
10000236
100
AcDbXrecord
1000
KPt3
  0
XRECORD
  5
10000238
102
{ACAD_REACTORS
330
10000236
102
}
330
10000236
100
AcDbXrecord
1000
JPK
  0
XRECORD
  5
1000023A
102
{ACAD_REACTORS
330
10000236
102
}
330
10000236
100
AcDbXrecord
1000
JPD
  0
XRECORD
  5
1000023D
102
{ACAD_REACTORS
330
1000023C
102
}
330
1000023C
100
AcDbXrecord
1000
KP92
  0
XRECORD
  5
1000023E
102
{ACAD_REACTORS
330
1000023C
102
}
330
1000023C
100
AcDbXrecord
1000
JPD
  0
XRECORD
  5
10000243
102
{ACAD_REACTORS
330
10000240
102
}
330
10000240
100
AcDbXrecord
 40
0.0005
  0
XRECORD
  5
10000241
102
{ACAD_REACTORS
330
10000240
102
}
330
10000240
100
AcDbXrecord
1000
KPl3
  0
XRECORD
  5
10000242
102
{ACAD_REACTORS
330
10000240
102
}
330
10000240
100
AcDbXrecord
1000
JPK
  0
XRECORD
  5
10000244
102
{ACAD_REACTORS
330
10000240
102
}
330
10000240
100
AcDbXrecord
1000
JPD
  0
XRECORD
  5
10000247
102
{ACAD_REACTORS
330
10000246
102
}
330
10000246
100
AcDbXrecord
1000
KPF3
  0
XRECORD
  5
10000248
102
{ACAD_REACTORS
330
10000246
102
}
330
10000246
100
AcDbXrecord
1000
JPD
  0
XRECORD
  5
1000024D
102
{ACAD_REACTORS
330
1000024A
102
}
330
1000024A
100
AcDbXrecord
 40
0.0005
  0
XRECORD
  5
1000024B
102
{ACAD_REACTORS
330
1000024A
102
}
330
1000024A
100
AcDbXrecord
1000
KPV4
  0
XRECORD
  5
1000024C
102
{ACAD_REACTORS
330
1000024A
102
}
330
1000024A
100
AcDbXrecord
1000
JPK
  0
XRECORD
  5
1000024E
102
{ACAD_REACTORS
330
1000024A
102
}
330
1000024A
100
AcDbXrecord
1000
JPD
  0
XRECORD
  5
10000251
102
{ACAD_REACTORS
330
10000250
102
}
330
10000250
100
AcDbXrecord
1000
KP13
  0
XRECORD
  5
10000252
102
{ACAD_REACTORS
330
10000250
102
}
330
10000250
100
AcDbXrecord
1000
JPD
  0
XRECORD
  5
10000257
102
{ACAD_REACTORS
330
10000254
102
}
330
10000254
100
AcDbXrecord
 40
0.0005
  0
XRECORD
  5
10000255
102
{ACAD_REACTORS
330
10000254
102
}
330
10000254
100
AcDbXrecord
1000
KPd4
  0
XRECORD
  5
10000256
102
{ACAD_REACTORS
330
10000254
102
}
330
10000254
100
AcDbXrecord
1000
JPK
  0
XRECORD
  5
10000258
102
{ACAD_REACTORS
330
10000254
102
}
330
10000254
100
AcDbXrecord
1000
JPD
  0
XRECORD
  5
1000025B
102
{ACAD_REACTORS
330
1000025A
102
}
330
1000025A
100
AcDbXrecord
1000
KPN4
  0
XRECORD
  5
1000025C
102
{ACAD_REACTORS
330
1000025A
102
}
330
1000025A
100
AcDbXrecord
1000
JPD
  0
XRECORD
  5
10000261
102
{ACAD_REACTORS
330
1000025E
102
}
330
1000025E
100
AcDbXrecord
 40
0.0005
  0
XRECORD
  5
1000025F
102
{ACAD_REACTORS
330
1000025E
102
}
330
1000025E
100
AcDbXrecord
1000
KPt4
  0
XRECORD
  5
10000260
102
{ACAD_REACTORS
330
1000025E
102
}
330
1000025E
100
AcDbXrecord
1000
JPK
  0
XRECORD
  5
10000262
102
{ACAD_REACTORS
330
1000025E
102
}
330
1000025E
100
AcDbXrecord
1000
JPD
  0
XRECORD
  5
10000265
102
{ACAD_REACTORS
330
10000264
102
}
330
10000264
100
AcDbXrecord
1000
KP93
  0
XRECORD
  5
10000266
102
{ACAD_REACTORS
330
10000264
102
}
330
10000264
100
AcDbXrecord
1000
JPD
  0
XRECORD
  5
1000026B
102
{ACAD_REACTORS
330
10000268
102
}
330
10000268
100
AcDbXrecord
 40
0.0005
  0
XRECORD
  5
10000269
102
{ACAD_REACTORS
330
10000268
102
}
330
10000268
100
AcDbXrecord
1000
KPl4
  0
XRECORD
  5
1000026A
102
{ACAD_REACTORS
330
10000268
102
}
330
10000268
100
AcDbXrecord
1000
JPK
  0
XRECORD
  5
1000026C
102
{ACAD_REACTORS
330
10000268
102
}
330
10000268
100
AcDbXrecord
1000
JPD
  0
XRECORD
  5
1000026F
102
{ACAD_REACTORS
330
1000026E
102
}
330
1000026E
100
AcDbXrecord
1000
KPF4
  0
XRECORD
  5
10000270
102
{ACAD_REACTORS
330
1000026E
102
}
330
1000026E
100
AcDbXrecord
1000
JPD
  0
XRECORD
  5
10000275
102
{ACAD_REACTORS
330
10000272
102
}
330
10000272
100
AcDbXrecord
 40
0.0005
  0
XRECORD
  5
10000273
102
{ACAD_REACTORS
330
10000272
102
}
330
10000272
100
AcDbXrecord
1000
KPV5
  0
XRECORD
  5
10000274
102
{ACAD_REACTORS
330
10000272
102
}
330
10000272
100
AcDbXrecord
1000
JPK
  0
XRECORD
  5
10000276
102
{ACAD_REACTORS
330
10000272
102
}
330
10000272
100
AcDbXrecord
1000
JPD
  0
XRECORD
  5
10000279
102
{ACAD_REACTORS
330
10000278
102
}
330
10000278
100
AcDbXrecord
1000
KP14
  0
XRECORD
  5
1000027A
102
{ACAD_REACTORS
330
10000278
102
}
330
10000278
100
AcDbXrecord
1000
JPD
  0
XRECORD
  5
1000027F
102
{ACAD_REACTORS
330
1000027C
102
}
330
1000027C
100
AcDbXrecord
 40
0.0005
  0
XRECORD
  5
1000027D
102
{ACAD_REACTORS
330
1000027C
102
}
330
1000027C
100
AcDbXrecord
1000
KPd5
  0
XRECORD
  5
1000027E
102
{ACAD_REACTORS
330
1000027C
102
}
330
1000027C
100
AcDbXrecord
1000
JPK
  0
XRECORD
  5
10000280
102
{ACAD_REACTORS
330
1000027C
102
}
330
1000027C
100
AcDbXrecord
1000
JPD
  0
XRECORD
  5
10000283
102
{ACAD_REACTORS
330
10000282
102
}
330
10000282
100
AcDbXrecord
1000
KPN5
  0
XRECORD
  5
10000284
102
{ACAD_REACTORS
330
10000282
102
}
330
10000282
100
AcDbXrecord
1000
JPD
  0
XRECORD
  5
10000289
102
{ACAD_REACTORS
330
10000286
102
}
330
10000286
100
AcDbXrecord
 40
0.0005
  0
XRECORD
  5
10000287
102
{ACAD_REACTORS
330
10000286
102
}
330
10000286
100
AcDbXrecord
1000
KPt5
  0
XRECORD
  5
10000288
102
{ACAD_REACTORS
330
10000286
102
}
330
10000286
100
AcDbXrecord
1000
JPK
  0
XRECORD
  5
1000028A
102
{ACAD_REACTORS
330
10000286
102
}
330
10000286
100
AcDbXrecord
1000
JPD
  0
XRECORD
  5
1000028D
102
{ACAD_REACTORS
330
1000028C
102
}
330
1000028C
100
AcDbXrecord
1000
KP94
  0
XRECORD
  5
1000028E
102
{ACAD_REACTORS
330
1000028C
102
}
330
1000028C
100
AcDbXrecord
1000
JPD
  0
XRECORD
  5
10000293
102
{ACAD_REACTORS
330
10000290
102
}
330
10000290
100
AcDbXrecord
 40
0.0005
  0
XRECORD
  5
10000291
102
{ACAD_REACTORS
330
10000290
102
}
330
10000290
100
AcDbXrecord
1000
KPl5
  0
XRECORD
  5
10000292
102
{ACAD_REACTORS
330
10000290
102
}
330
10000290
100
AcDbXrecord
1000
JPK
  0
XRECORD
  5
10000294
102
{ACAD_REACTORS
330
10000290
102
}
330
10000290
100
AcDbXrecord
1000
JPD
  0
XRECORD
  5
10000297
102
{ACAD_REACTORS
330
10000296
102
}
330
10000296
100
AcDbXrecord
1000
KPF5
  0
XRECORD
  5
10000298
102
{ACAD_REACTORS
330
10000296
102
}
330
10000296
100
AcDbXrecord
1000
JPD
  0
XRECORD
  5
1000029D
102
{ACAD_REACTORS
330
1000029A
102
}
330
1000029A
100
AcDbXrecord
 40
0.0005
  0
XRECORD
  5
1000029B
102
{ACAD_REACTORS
330
1000029A
102
}
330
1000029A
100
AcDbXrecord
1000
KPV6
  0
XRECORD
  5
1000029C
102
{ACAD_REACTORS
330
1000029A
102
}
330
1000029A
100
AcDbXrecord
1000
JPK
  0
XRECORD
  5
1000029E
102
{ACAD_REACTORS
330
1000029A
102
}
330
1000029A
100
AcDbXrecord
1000
JPD
  0
XRECORD
  5
100002A1
102
{ACAD_REACTORS
330
100002A0
102
}
330
100002A0
100
AcDbXrecord
1000
KP15
  0
XRECORD
  5
100002A2
102
{ACAD_REACTORS
330
100002A0
102
}
330
100002A0
100
AcDbXrecord
1000
JPD
  0
XRECORD
  5
100002A7
102
{ACAD_REACTORS
330
100002A4
102
}
330
100002A4
100
AcDbXrecord
 40
0.0005
  0
XRECORD
  5
100002A5
102
{ACAD_REACTORS
330
100002A4
102
}
330
100002A4
100
AcDbXrecord
1000
KPd6
  0
XRECORD
  5
100002A6
102
{ACAD_REACTORS
330
100002A4
102
}
330
100002A4
100
AcDbXrecord
1000
JPK
  0
XRECORD
  5
100002A8
102
{ACAD_REACTORS
330
100002A4
102
}
330
100002A4
100
AcDbXrecord
1000
JPD
  0
XRECORD
  5
100002AB
102
{ACAD_REACTORS
330
100002AA
102
}
330
100002AA
100
AcDbXrecord
1000
KPN6
  0
XRECORD
  5
100002AC
102
{ACAD_REACTORS
330
100002AA
102
}
330
100002AA
100
AcDbXrecord
1000
JPD
  0
XRECORD
  5
100002B1
102
{ACAD_REACTORS
330
100002AE
102
}
330
100002AE
100
AcDbXrecord
 40
0.0005
  0
XRECORD
  5
100002AF
102
{ACAD_REACTORS
330
100002AE
102
}
330
100002AE
100
AcDbXrecord
1000
KPt6
  0
XRECORD
  5
100002B0
102
{ACAD_REACTORS
330
100002AE
102
}
330
100002AE
100
AcDbXrecord
1000
JPK
  0
XRECORD
  5
100002B2
102
{ACAD_REACTORS
330
100002AE
102
}
330
100002AE
100
AcDbXrecord
1000
JPD
  0
XRECORD
  5
100002B5
102
{ACAD_REACTORS
330
100002B4
102
}
330
100002B4
100
AcDbXrecord
1000
KP95
  0
XRECORD
  5
100002B6
102
{ACAD_REACTORS
330
100002B4
102
}
330
100002B4
100
AcDbXrecord
1000
JPD
  0
XRECORD
  5
100002BB
102
{ACAD_REACTORS
330
100002B8
102
}
330
100002B8
100
AcDbXrecord
 40
0.0005
  0
XRECORD
  5
100002B9
102
{ACAD_REACTORS
330
100002B8
102
}
330
100002B8
100
AcDbXrecord
1000
KPl6
  0
XRECORD
  5
100002BA
102
{ACAD_REACTORS
330
100002B8
102
}
330
100002B8
100
AcDbXrecord
1000
JPK
  0
XRECORD
  5
100002BC
102
{ACAD_REACTORS
330
100002B8
102
}
330
100002B8
100
AcDbXrecord
1000
JPD
  0
XRECORD
  5
100002BF
102
{ACAD_REACTORS
330
100002BE
102
}
330
100002BE
100
AcDbXrecord
1000
KPF6
  0
XRECORD
  5
100002C0
102
{ACAD_REACTORS
330
100002BE
102
}
330
100002BE
100
AcDbXrecord
1000
JPD
  0
XRECORD
  5
100002C5
102
{ACAD_REACTORS
330
100002C2
102
}
330
100002C2
100
AcDbXrecord
 40
0.0005
  0
XRECORD
  5
100002C3
102
{ACAD_REACTORS
330
100002C2
102
}
330
100002C2
100
AcDbXrecord
1000
KPV7
  0
XRECORD
  5
100002C4
102
{ACAD_REACTORS
330
100002C2
102
}
330
100002C2
100
AcDbXrecord
1000
JPK
  0
XRECORD
  5
100002C6
102
{ACAD_REACTORS
330
100002C2
102
}
330
100002C2
100
AcDbXrecord
1000
JPD
  0
XRECORD
  5
100002C9
102
{ACAD_REACTORS
330
100002C8
102
}
330
100002C8
100
AcDbXrecord
1000
KP16
  0
XRECORD
  5
100002CA
102
{ACAD_REACTORS
330
100002C8
102
}
330
100002C8
100
AcDbXrecord
1000
JPD
  0
XRECORD
  5
100002CF
102
{ACAD_REACTORS
330
100002CC
102
}
330
100002CC
100
AcDbXrecord
 40
0.0005
  0
XRECORD
  5
100002CD
102
{ACAD_REACTORS
330
100002CC
102
}
330
100002CC
100
AcDbXrecord
1000
KPd7
  0
XRECORD
  5
100002CE
102
{ACAD_REACTORS
330
100002CC
102
}
330
100002CC
100
AcDbXrecord
1000
JPK
  0
XRECORD
  5
100002D0
102
{ACAD_REACTORS
330
100002CC
102
}
330
100002CC
100
AcDbXrecord
1000
JPD
  0
XRECORD
  5
100002D3
102
{ACAD_REACTORS
330
100002D2
102
}
330
100002D2
100
AcDbXrecord
1000
KPN7
  0
XRECORD
  5
100002D4
102
{ACAD_REACTORS
330
100002D2
102
}
330
100002D2
100
AcDbXrecord
1000
JPD
  0
XRECORD
  5
100002D9
102
{ACAD_REACTORS
330
100002D6
102
}
330
100002D6
100
AcDbXrecord
 40
0.0005
  0
XRECORD
  5
100002D7
102
{ACAD_REACTORS
330
100002D6
102
}
330
100002D6
100
AcDbXrecord
1000
KPt7
  0
XRECORD
  5
100002D8
102
{ACAD_REACTORS
330
100002D6
102
}
330
100002D6
100
AcDbXrecord
1000
JPK
  0
XRECORD
  5
100002DA
102
{ACAD_REACTORS
330
100002D6
102
}
330
100002D6
100
AcDbXrecord
1000
JPD
  0
XRECORD
  5
100002DD
102
{ACAD_REACTORS
330
100002DC
102
}
330
100002DC
100
AcDbXrecord
1000
KP96
  0
XRECORD
  5
100002DE
102
{ACAD_REACTORS
330
100002DC
102
}
330
100002DC
100
AcDbXrecord
1000
JPD
  0
XRECORD
  5
100002E3
102
{ACAD_REACTORS
330
100002E0
102
}
330
100002E0
100
AcDbXrecord
 40
0.0005
  0
XRECORD
  5
100002E1
102
{ACAD_REACTORS
330
100002E0
102
}
330
100002E0
100
AcDbXrecord
1000
KPl7
  0
XRECORD
  5
100002E2
102
{ACAD_REACTORS
330
100002E0
102
}
330
100002E0
100
AcDbXrecord
1000
JPK
  0
XRECORD
  5
100002E4
102
{ACAD_REACTORS
330
100002E0
102
}
330
100002E0
100
AcDbXrecord
1000
JPD
  0
XRECORD
  5
100002E7
102
{ACAD_REACTORS
330
100002E6
102
}
330
100002E6
100
AcDbXrecord
1000
KPF7
  0
XRECORD
  5
100002E8
102
{ACAD_REACTORS
330
100002E6
102
}
330
100002E6
100
AcDbXrecord
1000
JPD
  0
XRECORD
  5
100002ED
102
{ACAD_REACTORS
330
100002EA
102
}
330
100002EA
100
AcDbXrecord
 40
0.0005
  0
XRECORD
  5
100002EB
102
{ACAD_REACTORS
330
100002EA
102
}
330
100002EA
100
AcDbXrecord
1000
KPV8
  0
XRECORD
  5
100002EC
102
{ACAD_REACTORS
330
100002EA
102
}
330
100002EA
100
AcDbXrecord
1000
JPK
  0
XRECORD
  5
100002EE
102
{ACAD_REACTORS
330
100002EA
102
}
330
100002EA
100
AcDbXrecord
1000
JPD
  0
XRECORD
  5
100002F1
102
{ACAD_REACTORS
330
100002F0
102
}
330
100002F0
100
AcDbXrecord
1000
KP17
  0
XRECORD
  5
100002F2
102
{ACAD_REACTORS
330
100002F0
102
}
330
100002F0
100
AcDbXrecord
1000
JPD
  0
XRECORD
  5
100002F7
102
{ACAD_REACTORS
330
100002F4
102
}
330
100002F4
100
AcDbXrecord
 40
0.0005
  0
XRECORD
  5
100002F5
102
{ACAD_REACTORS
330
100002F4
102
}
330
100002F4
100
AcDbXrecord
1000
KPd8
  0
XRECORD
  5
100002F6
102
{ACAD_REACTORS
330
100002F4
102
}
330
100002F4
100
AcDbXrecord
1000
JPK
  0
XRECORD
  5
100002F8
102
{ACAD_REACTORS
330
100002F4
102
}
330
100002F4
100
AcDbXrecord
1000
JPD
  0
XRECORD
  5
100002FB
102
{ACAD_REACTORS
330
100002FA
102
}
330
100002FA
100
AcDbXrecord
1000
KPN8
  0
XRECORD
  5
100002FC
102
{ACAD_REACTORS
330
100002FA
102
}
330
100002FA
100
AcDbXrecord
1000
JPD
  0
XRECORD
  5
10000301
102
{ACAD_REACTORS
330
100002FE
102
}
330
100002FE
100
AcDbXrecord
 40
0.0005
  0
XRECORD
  5
100002FF
102
{ACAD_REACTORS
330
100002FE
102
}
330
100002FE
100
AcDbXrecord
1000
KPt8
  0
XRECORD
  5
10000300
102
{ACAD_REACTORS
330
100002FE
102
}
330
100002FE
100
AcDbXrecord
1000
JPK
  0
XRECORD
  5
10000302
102
{ACAD_REACTORS
330
100002FE
102
}
330
100002FE
100
AcDbXrecord
1000
JPD
  0
XRECORD
  5
10000305
102
{ACAD_REACTORS
330
10000304
102
}
330
10000304
100
AcDbXrecord
1000
KP97
  0
XRECORD
  5
10000306
102
{ACAD_REACTORS
330
10000304
102
}
330
10000304
100
AcDbXrecord
1000
JPD
  0
XRECORD
  5
1000030B
102
{ACAD_REACTORS
330
10000308
102
}
330
10000308
100
AcDbXrecord
 40
0.0005
  0
XRECORD
  5
10000309
102
{ACAD_REACTORS
330
10000308
102
}
330
10000308
100
AcDbXrecord
1000
KPl8
  0
XRECORD
  5
1000030A
102
{ACAD_REACTORS
330
10000308
102
}
330
10000308
100
AcDbXrecord
1000
JPK
  0
XRECORD
  5
1000030C
102
{ACAD_REACTORS
330
10000308
102
}
330
10000308
100
AcDbXrecord
1000
JPD
  0
XRECORD
  5
1000030F
102
{ACAD_REACTORS
330
1000030E
102
}
330
1000030E
100
AcDbXrecord
1000
KPF8
  0
XRECORD
  5
10000310
102
{ACAD_REACTORS
330
1000030E
102
}
330
1000030E
100
AcDbXrecord
1000
JPD
  0
XRECORD
  5
10000315
102
{ACAD_REACTORS
330
10000312
102
}
330
10000312
100
AcDbXrecord
 40
0.0005
  0
XRECORD
  5
10000313
102
{ACAD_REACTORS
330
10000312
102
}
330
10000312
100
AcDbXrecord
1000
KPV9
  0
XRECORD
  5
10000314
102
{ACAD_REACTORS
330
10000312
102
}
330
10000312
100
AcDbXrecord
1000
JPK
  0
XRECORD
  5
10000316
102
{ACAD_REACTORS
330
10000312
102
}
330
10000312
100
AcDbXrecord
1000
JPD
  0
XRECORD
  5
10000319
102
{ACAD_REACTORS
330
10000318
102
}
330
10000318
100
AcDbXrecord
1000
KP18
  0
XRECORD
  5
1000031A
102
{ACAD_REACTORS
330
10000318
102
}
330
10000318
100
AcDbXrecord
1000
JPD
  0
XRECORD
  5
1000031F
102
{ACAD_REACTORS
330
1000031C
102
}
330
1000031C
100
AcDbXrecord
 40
0.0005
  0
XRECORD
  5
1000031D
102
{ACAD_REACTORS
330
1000031C
102
}
330
1000031C
100
AcDbXrecord
1000
KPd9
  0
XRECORD
  5
1000031E
102
{ACAD_REACTORS
330
1000031C
102
}
330
1000031C
100
AcDbXrecord
1000
JPK
  0
XRECORD
  5
10000320
102
{ACAD_REACTORS
330
1000031C
102
}
330
1000031C
100
AcDbXrecord
1000
JPD
  0
XRECORD
  5
10000323
102
{ACAD_REACTORS
330
10000322
102
}
330
10000322
100
AcDbXrecord
1000
KPN9
  0
XRECORD
  5
10000324
102
{ACAD_REACTORS
330
10000322
102
}
330
10000322
100
AcDbXrecord
1000
JPD
  0
XRECORD
  5
10000329
102
{ACAD_REACTORS
330
10000326
102
}
330
10000326
100
AcDbXrecord
 40
0.0005
  0
XRECORD
  5
10000327
102
{ACAD_REACTORS
330
10000326
102
}
330
10000326
100
AcDbXrecord
1000
KPt9
  0
XRECORD
  5
10000328
102
{ACAD_REACTORS
330
10000326
102
}
330
10000326
100
AcDbXrecord
1000
JPK
  0
XRECORD
  5
1000032A
102
{ACAD_REACTORS
330
10000326
102
}
330
10000326
100
AcDbXrecord
1000
JPD
  0
XRECORD
  5
1000032D
102
{ACAD_REACTORS
330
1000032C
102
}
330
1000032C
100
AcDbXrecord
1000
KP98
  0
XRECORD
  5
1000032E
102
{ACAD_REACTORS
330
1000032C
102
}
330
1000032C
100
AcDbXrecord
1000
JPD
  0
XRECORD
  5
10000333
102
{ACAD_REACTORS
330
10000330
102
}
330
10000330
100
AcDbXrecord
 40
0.0005
  0
XRECORD
  5
10000331
102
{ACAD_REACTORS
330
10000330
102
}
330
10000330
100
AcDbXrecord
1000
KPl9
  0
XRECORD
  5
10000332
102
{ACAD_REACTORS
330
10000330
102
}
330
10000330
100
AcDbXrecord
1000
JPK
  0
XRECORD
  5
10000334
102
{ACAD_REACTORS
330
10000330
102
}
330
10000330
100
AcDbXrecord
1000
JPD
  0
XRECORD
  5
10000337
102
{ACAD_REACTORS
330
10000336
102
}
330
10000336
100
AcDbXrecord
1000
KPF9
  0
XRECORD
  5
10000338
102
{ACAD_REACTORS
330
10000336
102
}
330
10000336
100
AcDbXrecord
1000
JPD
  0
XRECORD
  5
1000033D
102
{ACAD_REACTORS
330
1000033A
102
}
330
1000033A
100
AcDbXrecord
 40
0.0005
  0
XRECORD
  5
1000033B
102
{ACAD_REACTORS
330
1000033A
102
}
330
1000033A
100
AcDbXrecord
1000
KPV+
  0
XRECORD
  5
1000033C
102
{ACAD_REACTORS
330
1000033A
102
}
330
1000033A
100
AcDbXrecord
1000
JPK
  0
XRECORD
  5
1000033E
102
{ACAD_REACTORS
330
1000033A
102
}
330
1000033A
100
AcDbXrecord
1000
JPD
  0
XRECORD
  5
10000341
102
{ACAD_REACTORS
330
10000340
102
}
330
10000340
100
AcDbXrecord
1000
KP19
  0
XRECORD
  5
10000342
102
{ACAD_REACTORS
330
10000340
102
}
330
10000340
100
AcDbXrecord
1000
JPD
  0
XRECORD
  5
10000347
102
{ACAD_REACTORS
330
10000344
102
}
330
10000344
100
AcDbXrecord
 40
0.0005
  0
XRECORD
  5
10000345
102
{ACAD_REACTORS
330
10000344
102
}
330
10000344
100
AcDbXrecord
1000
KPd+
  0
XRECORD
  5
10000346
102
{ACAD_REACTORS
330
10000344
102
}
330
10000344
100
AcDbXrecord
1000
JPK
  0
XRECORD
  5
10000348
102
{ACAD_REACTORS
330
10000344
102
}
330
10000344
100
AcDbXrecord
1000
JPD
  0
XRECORD
  5
1000034B
102
{ACAD_REACTORS
330
1000034A
102
}
330
1000034A
100
AcDbXrecord
1000
KPN+
  0
XRECORD
  5
1000034C
102
{ACAD_REACTORS
330
1000034A
102
}
330
1000034A
100
AcDbXrecord
1000
JPD
  0
XRECORD
  5
10000351
102
{ACAD_REACTORS
330
1000034E
102
}
330
1000034E
100
AcDbXrecord
 40
0.0005
  0
XRECORD
  5
1000034F
102
{ACAD_REACTORS
330
1000034E
102
}
330
1000034E
100
AcDbXrecord
1000
KPt+
  0
XRECORD
  5
10000350
102
{ACAD_REACTORS
330
1000034E
102
}
330
1000034E
100
AcDbXrecord
1000
JPK
  0
XRECORD
  5
10000352
102
{ACAD_REACTORS
330
1000034E
102
}
330
1000034E
100
AcDbXrecord
1000
JPD
  0
XRECORD
  5
10000355
102
{ACAD_REACTORS
330
10000354
102
}
330
10000354
100
AcDbXrecord
1000
KP99
  0
XRECORD
  5
10000356
102
{ACAD_REACTORS
330
10000354
102
}
330
10000354
100
AcDbXrecord
1000
JPD
  0
XRECORD
  5
1000035B
102
{ACAD_REACTORS
330
10000358
102
}
330
10000358
100
AcDbXrecord
 40
0.0005
  0
XRECORD
  5
10000359
102
{ACAD_REACTORS
330
10000358
102
}
330
10000358
100
AcDbXrecord
1000
KPl+
  0
XRECORD
  5
1000035A
102
{ACAD_REACTORS
330
10000358
102
}
330
10000358
100
AcDbXrecord
1000
JPK
  0
XRECORD
  5
1000035C
102
{ACAD_REACTORS
330
10000358
102
}
330
10000358
100
AcDbXrecord
1000
JPD
  0
XRECORD
  5
1000035F
102
{ACAD_REACTORS
330
1000035E
102
}
330
1000035E
100
AcDbXrecord
1000
KPF+
  0
XRECORD
  5
10000360
102
{ACAD_REACTORS
330
1000035E
102
}
330
1000035E
100
AcDbXrecord
1000
JPD
  0
XRECORD
  5
10000365
102
{ACAD_REACTORS
330
10000362
102
}
330
10000362
100
AcDbXrecord
 40
0.0005
  0
XRECORD
  5
10000363
102
{ACAD_REACTORS
330
10000362
102
}
330
10000362
100
AcDbXrecord
1000
KPV/
  0
XRECORD
  5
10000364
102
{ACAD_REACTORS
330
10000362
102
}
330
10000362
100
AcDbXrecord
1000
JPK
  0
XRECORD
  5
10000366
102
{ACAD_REACTORS
330
10000362
102
}
330
10000362
100
AcDbXrecord
1000
JPD
  0
XRECORD
  5
10000369
102
{ACAD_REACTORS
330
10000368
102
}
330
10000368
100
AcDbXrecord
1000
KP1+
  0
XRECORD
  5
1000036A
102
{ACAD_REACTORS
330
10000368
102
}
330
10000368
100
AcDbXrecord
1000
JPD
  0
XRECORD
  5
1000036F
102
{ACAD_REACTORS
330
1000036C
102
}
330
1000036C
100
AcDbXrecord
 40
0.0005
  0
XRECORD
  5
1000036D
102
{ACAD_REACTORS
330
1000036C
102
}
330
1000036C
100
AcDbXrecord
1000
KPd/
  0
XRECORD
  5
1000036E
102
{ACAD_REACTORS
330
1000036C
102
}
330
1000036C
100
AcDbXrecord
1000
JPK
  0
XRECORD
  5
10000370
102
{ACAD_REACTORS
330
1000036C
102
}
330
1000036C
100
AcDbXrecord
1000
JPD
  0
XRECORD
  5
10000373
102
{ACAD_REACTORS
330
10000372
102
}
330
10000372
100
AcDbXrecord
1000
KPN/
  0
XRECORD
  5
10000374
102
{ACAD_REACTORS
330
10000372
102
}
330
10000372
100
AcDbXrecord
1000
JPD
  0
XRECORD
  5
10000379
102
{ACAD_REACTORS
330
10000376
102
}
330
10000376
100
AcDbXrecord
 40
0.0005
  0
XRECORD
  5
10000377
102
{ACAD_REACTORS
330
10000376
102
}
330
10000376
100
AcDbXrecord
1000
KPt/
  0
XRECORD
  5
10000378
102
{ACAD_REACTORS
330
10000376
102
}
330
10000376
100
AcDbXrecord
1000
JPK
  0
XRECORD
  5
1000037A
102
{ACAD_REACTORS
330
10000376
102
}
330
10000376
100
AcDbXrecord
1000
JPD
  0
XRECORD
  5
1000037D
102
{ACAD_REACTORS
330
1000037C
102
}
330
1000037C
100
AcDbXrecord
1000
KP9+
  0
XRECORD
  5
1000037E
102
{ACAD_REACTORS
330
1000037C
102
}
330
1000037C
100
AcDbXrecord
1000
JPD
  0
XRECORD
  5
10000383
102
{ACAD_REACTORS
330
10000380
102
}
330
10000380
100
AcDbXrecord
 40
0.0005
  0
XRECORD
  5
10000381
102
{ACAD_REACTORS
330
10000380
102
}
330
10000380
100
AcDbXrecord
1000
KPl/
  0
XRECORD
  5
10000382
102
{ACAD_REACTORS
330
10000380
102
}
330
10000380
100
AcDbXrecord
1000
JPK
  0
XRECORD
  5
10000384
102
{ACAD_REACTORS
330
10000380
102
}
330
10000380
100
AcDbXrecord
1000
JPD
  0
XRECORD
  5
10000387
102
{ACAD_REACTORS
330
10000386
102
}
330
10000386
100
AcDbXrecord
1000
KPF/
  0
XRECORD
  5
10000388
102
{ACAD_REACTORS
330
10000386
102
}
330
10000386
100
AcDbXrecord
1000
JPD
  0
XRECORD
  5
1000038D
102
{ACAD_REACTORS
330
1000038A
102
}
330
1000038A
100
AcDbXrecord
 40
0.0005
  0
XRECORD
  5
1000038B
102
{ACAD_REACTORS
330
1000038A
102
}
330
1000038A
100
AcDbXrecord
1000
LPVAB
  0
XRECORD
  5
1000038C
102
{ACAD_REACTORS
330
1000038A
102
}
330
1000038A
100
AcDbXrecord
1000
JPK
  0
XRECORD
  5
1000038E
102
{ACAD_REACTORS
330
1000038A
102
}
330
1000038A
100
AcDbXrecord
1000
JPD
  0
XRECORD
  5
10000391
102
{ACAD_REACTORS
330
10000390
102
}
330
10000390
100
AcDbXrecord
1000
KP1/
  0
XRECORD
  5
10000392
102
{ACAD_REACTORS
330
10000390
102
}
330
10000390
100
AcDbXrecord
1000
JPD
  0
XRECORD
  5
10000397
102
{ACAD_REACTORS
330
10000394
102
}
330
10000394
100
AcDbXrecord
 40
0.0005
  0
XRECORD
  5
10000395
102
{ACAD_REACTORS
330
10000394
102
}
330
10000394
100
AcDbXrecord
1000
LPdAB
  0
XRECORD
  5
10000396
102
{ACAD_REACTORS
330
10000394
102
}
330
10000394
100
AcDbXrecord
1000
JPK
  0
XRECORD
  5
10000398
102
{ACAD_REACTORS
330
10000394
102
}
330
10000394
100
AcDbXrecord
1000
JPD
  0
XRECORD
  5
1000039B
102
{ACAD_REACTORS
330
1000039A
102
}
330
1000039A
100
AcDbXrecord
1000
LPNAB
  0
XRECORD
  5
1000039C
102
{ACAD_REACTORS
330
1000039A
102
}
330
1000039A
100
AcDbXrecord
1000
JPD
  0
XRECORD
  5
100003A1
102
{ACAD_REACTORS
330
1000039E
102
}
330
1000039E
100
AcDbXrecord
 40
0.0005
  0
XRECORD
  5
1000039F
102
{ACAD_REACTORS
330
1000039E
102
}
330
1000039E
100
AcDbXrecord
1000
LPtAB
  0
XRECORD
  5
100003A0
102
{ACAD_REACTORS
330
1000039E
102
}
330
1000039E
100
AcDbXrecord
1000
JPK
  0
XRECORD
  5
100003A2
102
{ACAD_REACTORS
330
1000039E
102
}
330
1000039E
100
AcDbXrecord
1000
JPD
  0
XRECORD
  5
100003A5
102
{ACAD_REACTORS
330
100003A4
102
}
330
100003A4
100
AcDbXrecord
1000
KP9/
  0
XRECORD
  5
100003A6
102
{ACAD_REACTORS
330
100003A4
102
}
330
100003A4
100
AcDbXrecord
1000
JPD
  0
XRECORD
  5
100003AB
102
{ACAD_REACTORS
330
100003A8
102
}
330
100003A8
100
AcDbXrecord
 40
0.0005
  0
XRECORD
  5
100003A9
102
{ACAD_REACTORS
330
100003A8
102
}
330
100003A8
100
AcDbXrecord
1000
LPlAB
  0
XRECORD
  5
100003AA
102
{ACAD_REACTORS
330
100003A8
102
}
330
100003A8
100
AcDbXrecord
1000
JPK
  0
XRECORD
  5
100003AC
102
{ACAD_REACTORS
330
100003A8
102
}
330
100003A8
100
AcDbXrecord
1000
JPD
  0
XRECORD
  5
100003AF
102
{ACAD_REACTORS
330
100003AE
102
}
330
100003AE
100
AcDbXrecord
1000
LPFAB
  0
XRECORD
  5
100003B0
102
{ACAD_REACTORS
330
100003AE
102
}
330
100003AE
100
AcDbXrecord
1000
JPD
  0
XRECORD
  5
100003B5
102
{ACAD_REACTORS
330
100003B2
102
}
330
100003B2
100
AcDbXrecord
 40
0.0005
  0
XRECORD
  5
100003B3
102
{ACAD_REACTORS
330
100003B2
102
}
330
100003B2
100
AcDbXrecord
1000
LPtUB
  0
XRECORD
  5
100003B4
102
{ACAD_REACTORS
330
100003B2
102
}
330
100003B2
100
AcDbXrecord
1000
JPK
  0
XRECORD
  5
100003B6
102
{ACAD_REACTORS
330
100003B2
102
}
330
100003B2
100
AcDbXrecord
1000
JPD
  0
XRECORD
  5
100003B9
102
{ACAD_REACTORS
330
100003B8
102
}
330
100003B8
100
AcDbXrecord
1000
LP9TB
  0
XRECORD
  5
100003BA
102
{ACAD_REACTORS
330
100003B8
102
}
330
100003B8
100
AcDbXrecord
1000
JPD
  0
XRECORD
  5
100003BF
102
{ACAD_REACTORS
330
100003BC
102
}
330
100003BC
100
AcDbXrecord
 40
0.0005
  0
XRECORD
  5
100003BD
102
{ACAD_REACTORS
330
100003BC
102
}
330
100003BC
100
AcDbXrecord
1000
LPlUB
  0
XRECORD
  5
100003BE
102
{ACAD_REACTORS
330
100003BC
102
}
330
100003BC
100
AcDbXrecord
1000
JPK
  0
XRECORD
  5
100003C0
102
{ACAD_REACTORS
330
100003BC
102
}
330
100003BC
100
AcDbXrecord
1000
JPD
  0
XRECORD
  5
100003C3
102
{ACAD_REACTORS
330
100003C2
102
}
330
100003C2
100
AcDbXrecord
1000
LPFUB
  0
XRECORD
  5
100003C4
102
{ACAD_REACTORS
330
100003C2
102
}
330
100003C2
100
AcDbXrecord
1000
JPD
  0
XRECORD
  5
100003C9
102
{ACAD_REACTORS
330
100003C6
102
}
330
100003C6
100
AcDbXrecord
 40
0.0005
  0
XRECORD
  5
100003C7
102
{ACAD_REACTORS
330
100003C6
102
}
330
100003C6
100
AcDbXrecord
1000
LPVUB
  0
XRECORD
  5
100003C8
102
{ACAD_REACTORS
330
100003C6
102
}
330
100003C6
100
AcDbXrecord
1000
JPK
  0
XRECORD
  5
100003CA
102
{ACAD_REACTORS
330
100003C6
102
}
330
100003C6
100
AcDbXrecord
1000
JPD
  0
XRECORD
  5
100003CD
102
{ACAD_REACTORS
330
100003CC
102
}
330
100003CC
100
AcDbXrecord
1000
LP1TB
  0
XRECORD
  5
100003CE
102
{ACAD_REACTORS
330
100003CC
102
}
330
100003CC
100
AcDbXrecord
1000
JPD
  0
XRECORD
  5
100003D3
102
{ACAD_REACTORS
330
100003D0
102
}
330
100003D0
100
AcDbXrecord
 40
0.0005
  0
XRECORD
  5
100003D1
102
{ACAD_REACTORS
330
100003D0
102
}
330
100003D0
100
AcDbXrecord
1000
LPdUB
  0
XRECORD
  5
100003D2
102
{ACAD_REACTORS
330
100003D0
102
}
330
100003D0
100
AcDbXrecord
1000
JPK
  0
XRECORD
  5
100003D4
102
{ACAD_REACTORS
330
100003D0
102
}
330
100003D0
100
AcDbXrecord
1000
JPD
  0
XRECORD
  5
100003D7
102
{ACAD_REACTORS
330
100003D6
102
}
330
100003D6
100
AcDbXrecord
1000
LPNUB
  0
XRECORD
  5
100003D8
102
{ACAD_REACTORS
330
100003D6
102
}
330
100003D6
100
AcDbXrecord
1000
JPD
  0
XRECORD
  5
100003DD
102
{ACAD_REACTORS
330
100003DA
102
}
330
100003DA
100
AcDbXrecord
 40
0.0005
  0
XRECORD
  5
100003DB
102
{ACAD_REACTORS
330
100003DA
102
}
330
100003DA
100
AcDbXrecord
1000
LPVEB
  0
XRECORD
  5
100003DC
102
{ACAD_REACTORS
330
100003DA
102
}
330
100003DA
100
AcDbXrecord
1000
JPK
  0
XRECORD
  5
100003DE
102
{ACAD_REACTORS
330
100003DA
102
}
330
100003DA
100
AcDbXrecord
1000
JPD
  0
XRECORD
  5
100003E1
102
{ACAD_REACTORS
330
100003E0
102
}
330
100003E0
100
AcDbXrecord
1000
LP1DB
  0
XRECORD
  5
100003E2
102
{ACAD_REACTORS
330
100003E0
102
}
330
100003E0
100
AcDbXrecord
1000
JPD
  0
XRECORD
  5
100003E7
102
{ACAD_REACTORS
330
100003E4
102
}
330
100003E4
100
AcDbXrecord
 40
0.0005
  0
XRECORD
  5
100003E5
102
{ACAD_REACTORS
330
100003E4
102
}
330
100003E4
100
AcDbXrecord
1000
LPdEB
  0
XRECORD
  5
100003E6
102
{ACAD_REACTORS
330
100003E4
102
}
330
100003E4
100
AcDbXrecord
1000
JPK
  0
XRECORD
  5
100003E8
102
{ACAD_REACTORS
330
100003E4
102
}
330
100003E4
100
AcDbXrecord
1000
JPD
  0
XRECORD
  5
100003EB
102
{ACAD_REACTORS
330
100003EA
102
}
330
100003EA
100
AcDbXrecord
1000
LPNEB
  0
XRECORD
  5
100003EC
102
{ACAD_REACTORS
330
100003EA
102
}
330
100003EA
100
AcDbXrecord
1000
JPD
  0
XRECORD
  5
100003F1
102
{ACAD_REACTORS
330
100003EE
102
}
330
100003EE
100
AcDbXrecord
 40
0.0005
  0
XRECORD
  5
100003EF
102
{ACAD_REACTORS
330
100003EE
102
}
330
100003EE
100
AcDbXrecord
1000
LPtEB
  0
XRECORD
  5
100003F0
102
{ACAD_REACTORS
330
100003EE
102
}
330
100003EE
100
AcDbXrecord
1000
JPK
  0
XRECORD
  5
100003F2
102
{ACAD_REACTORS
330
100003EE
102
}
330
100003EE
100
AcDbXrecord
1000
JPD
  0
XRECORD
  5
100003F5
102
{ACAD_REACTORS
330
100003F4
102
}
330
100003F4
100
AcDbXrecord
1000
LP9DB
  0
XRECORD
  5
100003F6
102
{ACAD_REACTORS
330
100003F4
102
}
330
100003F4
100
AcDbXrecord
1000
JPD
  0
XRECORD
  5
100003FB
102
{ACAD_REACTORS
330
100003F8
102
}
330
100003F8
100
AcDbXrecord
 40
0.0005
  0
XRECORD
  5
100003F9
102
{ACAD_REACTORS
330
100003F8
102
}
330
100003F8
100
AcDbXrecord
1000
LPlEB
  0
XRECORD
  5
100003FA
102
{ACAD_REACTORS
330
100003F8
102
}
330
100003F8
100
AcDbXrecord
1000
JPK
  0
XRECORD
  5
100003FC
102
{ACAD_REACTORS
330
100003F8
102
}
330
100003F8
100
AcDbXrecord
1000
JPD
  0
XRECORD
  5
100003FF
102
{ACAD_REACTORS
330
100003FE
102
}
330
100003FE
100
AcDbXrecord
1000
LPFEB
  0
XRECORD
  5
10000400
102
{ACAD_REACTORS
330
100003FE
102
}
330
100003FE
100
AcDbXrecord
1000
JPD
  0
XRECORD
  5
10000405
102
{ACAD_REACTORS
330
10000402
102
}
330
10000402
100
AcDbXrecord
 40
0.0005
  0
XRECORD
  5
10000403
102
{ACAD_REACTORS
330
10000402
102
}
330
10000402
100
AcDbXrecord
1000
LPVFB
  0
XRECORD
  5
10000404
102
{ACAD_REACTORS
330
10000402
102
}
330
10000402
100
AcDbXrecord
1000
JPK
  0
XRECORD
  5
10000406
102
{ACAD_REACTORS
330
10000402
102
}
330
10000402
100
AcDbXrecord
1000
JPD
  0
XRECORD
  5
10000409
102
{ACAD_REACTORS
330
10000408
102
}
330
10000408
100
AcDbXrecord
1000
LP1EB
  0
XRECORD
  5
1000040A
102
{ACAD_REACTORS
330
10000408
102
}
330
10000408
100
AcDbXrecord
1000
JPD
  0
XRECORD
  5
1000040F
102
{ACAD_REACTORS
330
1000040C
102
}
330
1000040C
100
AcDbXrecord
 40
0.0005
  0
XRECORD
  5
1000040D
102
{ACAD_REACTORS
330
1000040C
102
}
330
1000040C
100
AcDbXrecord
1000
LPdFB
  0
XRECORD
  5
1000040E
102
{ACAD_REACTORS
330
1000040C
102
}
330
1000040C
100
AcDbXrecord
1000
JPK
  0
XRECORD
  5
10000410
102
{ACAD_REACTORS
330
1000040C
102
}
330
1000040C
100
AcDbXrecord
1000
JPD
  0
XRECORD
  5
10000413
102
{ACAD_REACTORS
330
10000412
102
}
330
10000412
100
AcDbXrecord
1000
LPNFB
  0
XRECORD
  5
10000414
102
{ACAD_REACTORS
330
10000412
102
}
330
10000412
100
AcDbXrecord
1000
JPD
  0
XRECORD
  5
10000419
102
{ACAD_REACTORS
330
10000416
102
}
330
10000416
100
AcDbXrecord
 40
0.0005
  0
XRECORD
  5
10000417
102
{ACAD_REACTORS
330
10000416
102
}
330
10000416
100
AcDbXrecord
1000
LPtFB
  0
XRECORD
  5
10000418
102
{ACAD_REACTORS
330
10000416
102
}
330
10000416
100
AcDbXrecord
1000
JPK
  0
XRECORD
  5
1000041A
102
{ACAD_REACTORS
330
10000416
102
}
330
10000416
100
AcDbXrecord
1000
JPD
  0
XRECORD
  5
1000041D
102
{ACAD_REACTORS
330
1000041C
102
}
330
1000041C
100
AcDbXrecord
1000
LP9EB
  0
XRECORD
  5
1000041E
102
{ACAD_REACTORS
330
1000041C
102
}
330
1000041C
100
AcDbXrecord
1000
JPD
  0
XRECORD
  5
10000423
102
{ACAD_REACTORS
330
10000420
102
}
330
10000420
100
AcDbXrecord
 40
0.0005
  0
XRECORD
  5
10000421
102
{ACAD_REACTORS
330
10000420
102
}
330
10000420
100
AcDbXrecord
1000
LPlFB
  0
XRECORD
  5
10000422
102
{ACAD_REACTORS
330
10000420
102
}
330
10000420
100
AcDbXrecord
1000
JPK
  0
XRECORD
  5
10000424
102
{ACAD_REACTORS
330
10000420
102
}
330
10000420
100
AcDbXrecord
1000
JPD
  0
XRECORD
  5
10000427
102
{ACAD_REACTORS
330
10000426
102
}
330
10000426
100
AcDbXrecord
1000
LPFFB
  0
XRECORD
  5
10000428
102
{ACAD_REACTORS
330
10000426
102
}
330
10000426
100
AcDbXrecord
1000
JPD
  0
XRECORD
  5
1000042D
102
{ACAD_REACTORS
330
1000042A
102
}
330
1000042A
100
AcDbXrecord
 40
0.0005
  0
XRECORD
  5
1000042B
102
{ACAD_REACTORS
330
1000042A
102
}
330
1000042A
100
AcDbXrecord
1000
LPVGB
  0
XRECORD
  5
1000042C
102
{ACAD_REACTORS
330
1000042A
102
}
330
1000042A
100
AcDbXrecord
1000
JPK
  0
XRECORD
  5
1000042E
102
{ACAD_REACTORS
330
1000042A
102
}
330
1000042A
100
AcDbXrecord
1000
JPD
  0
XRECORD
  5
10000431
102
{ACAD_REACTORS
330
10000430
102
}
330
10000430
100
AcDbXrecord
1000
LP1FB
  0
XRECORD
  5
10000432
102
{ACAD_REACTORS
330
10000430
102
}
330
10000430
100
AcDbXrecord
1000
JPD
  0
XRECORD
  5
10000437
102
{ACAD_REACTORS
330
10000434
102
}
330
10000434
100
AcDbXrecord
 40
0.0005
  0
XRECORD
  5
10000435
102
{ACAD_REACTORS
330
10000434
102
}
330
10000434
100
AcDbXrecord
1000
LPdGB
  0
XRECORD
  5
10000436
102
{ACAD_REACTORS
330
10000434
102
}
330
10000434
100
AcDbXrecord
1000
JPK
  0
XRECORD
  5
10000438
102
{ACAD_REACTORS
330
10000434
102
}
330
10000434
100
AcDbXrecord
1000
JPD
  0
XRECORD
  5
1000043B
102
{ACAD_REACTORS
330
1000043A
102
}
330
1000043A
100
AcDbXrecord
1000
LPNGB
  0
XRECORD
  5
1000043C
102
{ACAD_REACTORS
330
1000043A
102
}
330
1000043A
100
AcDbXrecord
1000
JPD
  0
XRECORD
  5
10000441
102
{ACAD_REACTORS
330
1000043E
102
}
330
1000043E
100
AcDbXrecord
 40
0.0005
  0
XRECORD
  5
1000043F
102
{ACAD_REACTORS
330
1000043E
102
}
330
1000043E
100
AcDbXrecord
1000
LPtGB
  0
XRECORD
  5
10000440
102
{ACAD_REACTORS
330
1000043E
102
}
330
1000043E
100
AcDbXrecord
1000
JPK
  0
XRECORD
  5
10000442
102
{ACAD_REACTORS
330
1000043E
102
}
330
1000043E
100
AcDbXrecord
1000
JPD
  0
XRECORD
  5
10000445
102
{ACAD_REACTORS
330
10000444
102
}
330
10000444
100
AcDbXrecord
1000
LP9FB
  0
XRECORD
  5
10000446
102
{ACAD_REACTORS
330
10000444
102
}
330
10000444
100
AcDbXrecord
1000
JPD
  0
XRECORD
  5
1000044B
102
{ACAD_REACTORS
330
10000448
102
}
330
10000448
100
AcDbXrecord
 40
0.0005
  0
XRECORD
  5
10000449
102
{ACAD_REACTORS
330
10000448
102
}
330
10000448
100
AcDbXrecord
1000
LPlGB
  0
XRECORD
  5
1000044A
102
{ACAD_REACTORS
330
10000448
102
}
330
10000448
100
AcDbXrecord
1000
JPK
  0
XRECORD
  5
1000044C
102
{ACAD_REACTORS
330
10000448
102
}
330
10000448
100
AcDbXrecord
1000
JPD
  0
XRECORD
  5
1000044F
102
{ACAD_REACTORS
330
1000044E
102
}
330
1000044E
100
AcDbXrecord
1000
LPFGB
  0
XRECORD
  5
10000450
102
{ACAD_REACTORS
330
1000044E
102
}
330
1000044E
100
AcDbXrecord
1000
JPD
  0
XRECORD
  5
10000455
102
{ACAD_REACTORS
330
10000452
102
}
330
10000452
100
AcDbXrecord
 40
0.0005
  0
XRECORD
  5
10000453
102
{ACAD_REACTORS
330
10000452
102
}
330
10000452
100
AcDbXrecord
1000
LPVHB
  0
XRECORD
  5
10000454
102
{ACAD_REACTORS
330
10000452
102
}
330
10000452
100
AcDbXrecord
1000
JPK
  0
XRECORD
  5
10000456
102
{ACAD_REACTORS
330
10000452
102
}
330
10000452
100
AcDbXrecord
1000
JPD
  0
XRECORD
  5
10000459
102
{ACAD_REACTORS
330
10000458
102
}
330
10000458
100
AcDbXrecord
1000
LP1GB
  0
XRECORD
  5
1000045A
102
{ACAD_REACTORS
330
10000458
102
}
330
10000458
100
AcDbXrecord
1000
JPD
  0
XRECORD
  5
1000045F
102
{ACAD_REACTORS
330
1000045C
102
}
330
1000045C
100
AcDbXrecord
 40
0.0005
  0
XRECORD
  5
1000045D
102
{ACAD_REACTORS
330
1000045C
102
}
330
1000045C
100
AcDbXrecord
1000
LPdHB
  0
XRECORD
  5
1000045E
102
{ACAD_REACTORS
330
1000045C
102
}
330
1000045C
100
AcDbXrecord
1000
JPK
  0
XRECORD
  5
10000460
102
{ACAD_REACTORS
330
1000045C
102
}
330
1000045C
100
AcDbXrecord
1000
JPD
  0
XRECORD
  5
10000463
102
{ACAD_REACTORS
330
10000462
102
}
330
10000462
100
AcDbXrecord
1000
LPNHB
  0
XRECORD
  5
10000464
102
{ACAD_REACTORS
330
10000462
102
}
330
10000462
100
AcDbXrecord
1000
JPD
  0
XRECORD
  5
10000469
102
{ACAD_REACTORS
330
10000466
102
}
330
10000466
100
AcDbXrecord
 40
0.0005
  0
XRECORD
  5
10000467
102
{ACAD_REACTORS
330
10000466
102
}
330
10000466
100
AcDbXrecord
1000
LPtHB
  0
XRECORD
  5
10000468
102
{ACAD_REACTORS
330
10000466
102
}
330
10000466
100
AcDbXrecord
1000
JPK
  0
XRECORD
  5
1000046A
102
{ACAD_REACTORS
330
10000466
102
}
330
10000466
100
AcDbXrecord
1000
JPD
  0
XRECORD
  5
1000046D
102
{ACAD_REACTORS
330
1000046C
102
}
330
1000046C
100
AcDbXrecord
1000
LP9GB
  0
XRECORD
  5
1000046E
102
{ACAD_REACTORS
330
1000046C
102
}
330
1000046C
100
AcDbXrecord
1000
JPD
  0
XRECORD
  5
10000473
102
{ACAD_REACTORS
330
10000470
102
}
330
10000470
100
AcDbXrecord
 40
0.0005
  0
XRECORD
  5
10000471
102
{ACAD_REACTORS
330
10000470
102
}
330
10000470
100
AcDbXrecord
1000
LPlHB
  0
XRECORD
  5
10000472
102
{ACAD_REACTORS
330
10000470
102
}
330
10000470
100
AcDbXrecord
1000
JPK
  0
XRECORD
  5
10000474
102
{ACAD_REACTORS
330
10000470
102
}
330
10000470
100
AcDbXrecord
1000
JPD
  0
XRECORD
  5
10000477
102
{ACAD_REACTORS
330
10000476
102
}
330
10000476
100
AcDbXrecord
1000
LPFHB
  0
XRECORD
  5
10000478
102
{ACAD_REACTORS
330
10000476
102
}
330
10000476
100
AcDbXrecord
1000
JPD
  0
XRECORD
  5
1000047D
102
{ACAD_REACTORS
330
1000047A
102
}
330
1000047A
100
AcDbXrecord
 40
0.0005
  0
XRECORD
  5
1000047B
102
{ACAD_REACTORS
330
1000047A
102
}
330
1000047A
100
AcDbXrecord
1000
LPVIB
  0
XRECORD
  5
1000047C
102
{ACAD_REACTORS
330
1000047A
102
}
330
1000047A
100
AcDbXrecord
1000
JPK
  0
XRECORD
  5
1000047E
102
{ACAD_REACTORS
330
1000047A
102
}
330
1000047A
100
AcDbXrecord
1000
JPD
  0
XRECORD
  5
10000481
102
{ACAD_REACTORS
330
10000480
102
}
330
10000480
100
AcDbXrecord
1000
LP1HB
  0
XRECORD
  5
10000482
102
{ACAD_REACTORS
330
10000480
102
}
330
10000480
100
AcDbXrecord
1000
JPD
  0
XRECORD
  5
10000487
102
{ACAD_REACTORS
330
10000484
102
}
330
10000484
100
AcDbXrecord
 40
0.0005
  0
XRECORD
  5
10000485
102
{ACAD_REACTORS
330
10000484
102
}
330
10000484
100
AcDbXrecord
1000
LPdIB
  0
XRECORD
  5
10000486
102
{ACAD_REACTORS
330
10000484
102
}
330
10000484
100
AcDbXrecord
1000
JPK
  0
XRECORD
  5
10000488
102
{ACAD_REACTORS
330
10000484
102
}
330
10000484
100
AcDbXrecord
1000
JPD
  0
XRECORD
  5
1000048B
102
{ACAD_REACTORS
330
1000048A
102
}
330
1000048A
100
AcDbXrecord
1000
LPNIB
  0
XRECORD
  5
1000048C
102
{ACAD_REACTORS
330
1000048A
102
}
330
1000048A
100
AcDbXrecord
1000
JPD
  0
XRECORD
  5
10000491
102
{ACAD_REACTORS
330
1000048E
102
}
330
1000048E
100
AcDbXrecord
 40
0.0005
  0
XRECORD
  5
1000048F
102
{ACAD_REACTORS
330
1000048E
102
}
330
1000048E
100
AcDbXrecord
1000
LPtIB
  0
XRECORD
  5
10000490
102
{ACAD_REACTORS
330
1000048E
102
}
330
1000048E
100
AcDbXrecord
1000
JPK
  0
XRECORD
  5
10000492
102
{ACAD_REACTORS
330
1000048E
102
}
330
1000048E
100
AcDbXrecord
1000
JPD
  0
XRECORD
  5
10000495
102
{ACAD_REACTORS
330
10000494
102
}
330
10000494
100
AcDbXrecord
1000
LP9HB
  0
XRECORD
  5
10000496
102
{ACAD_REACTORS
330
10000494
102
}
330
10000494
100
AcDbXrecord
1000
JPD
  0
XRECORD
  5
1000049B
102
{ACAD_REACTORS
330
10000498
102
}
330
10000498
100
AcDbXrecord
 40
0.0005
  0
XRECORD
  5
10000499
102
{ACAD_REACTORS
330
10000498
102
}
330
10000498
100
AcDbXrecord
1000
LPlIB
  0
XRECORD
  5
1000049A
102
{ACAD_REACTORS
330
10000498
102
}
330
10000498
100
AcDbXrecord
1000
JPK
  0
XRECORD
  5
1000049C
102
{ACAD_REACTORS
330
10000498
102
}
330
10000498
100
AcDbXrecord
1000
JPD
  0
XRECORD
  5
1000049F
102
{ACAD_REACTORS
330
1000049E
102
}
330
1000049E
100
AcDbXrecord
1000
LPFIB
  0
XRECORD
  5
100004A0
102
{ACAD_REACTORS
330
1000049E
102
}
330
1000049E
100
AcDbXrecord
1000
JPD
  0
XRECORD
  5
100004A5
102
{ACAD_REACTORS
330
100004A2
102
}
330
100004A2
100
AcDbXrecord
 40
0.0005
  0
XRECORD
  5
100004A3
102
{ACAD_REACTORS
330
100004A2
102
}
330
100004A2
100
AcDbXrecord
1000
LPVJB
  0
XRECORD
  5
100004A4
102
{ACAD_REACTORS
330
100004A2
102
}
330
100004A2
100
AcDbXrecord
1000
JPK
  0
XRECORD
  5
100004A6
102
{ACAD_REACTORS
330
100004A2
102
}
330
100004A2
100
AcDbXrecord
1000
JPD
  0
XRECORD
  5
100004A9
102
{ACAD_REACTORS
330
100004A8
102
}
330
100004A8
100
AcDbXrecord
1000
LP1IB
  0
XRECORD
  5
100004AA
102
{ACAD_REACTORS
330
100004A8
102
}
330
100004A8
100
AcDbXrecord
1000
JPD
  0
XRECORD
  5
100004AF
102
{ACAD_REACTORS
330
100004AC
102
}
330
100004AC
100
AcDbXrecord
 40
0.0005
  0
XRECORD
  5
100004AD
102
{ACAD_REACTORS
330
100004AC
102
}
330
100004AC
100
AcDbXrecord
1000
LPdJB
  0
XRECORD
  5
100004AE
102
{ACAD_REACTORS
330
100004AC
102
}
330
100004AC
100
AcDbXrecord
1000
JPK
  0
XRECORD
  5
100004B0
102
{ACAD_REACTORS
330
100004AC
102
}
330
100004AC
100
AcDbXrecord
1000
JPD
  0
XRECORD
  5
100004B3
102
{ACAD_REACTORS
330
100004B2
102
}
330
100004B2
100
AcDbXrecord
1000
LPNJB
  0
XRECORD
  5
100004B4
102
{ACAD_REACTORS
330
100004B2
102
}
330
100004B2
100
AcDbXrecord
1000
JPD
  0
XRECORD
  5
100004B9
102
{ACAD_REACTORS
330
100004B6
102
}
330
100004B6
100
AcDbXrecord
 40
0.0005
  0
XRECORD
  5
100004B7
102
{ACAD_REACTORS
330
100004B6
102
}
330
100004B6
100
AcDbXrecord
1000
LPtJB
  0
XRECORD
  5
100004B8
102
{ACAD_REACTORS
330
100004B6
102
}
330
100004B6
100
AcDbXrecord
1000
JPK
  0
XRECORD
  5
100004BA
102
{ACAD_REACTORS
330
100004B6
102
}
330
100004B6
100
AcDbXrecord
1000
JPD
  0
XRECORD
  5
100004BD
102
{ACAD_REACTORS
330
100004BC
102
}
330
100004BC
100
AcDbXrecord
1000
LP9IB
  0
XRECORD
  5
100004BE
102
{ACAD_REACTORS
330
100004BC
102
}
330
100004BC
100
AcDbXrecord
1000
JPD
  0
XRECORD
  5
100004C3
102
{ACAD_REACTORS
330
100004C0
102
}
330
100004C0
100
AcDbXrecord
 40
0.0005
  0
XRECORD
  5
100004C1
102
{ACAD_REACTORS
330
100004C0
102
}
330
100004C0
100
AcDbXrecord
1000
LPlJB
  0
XRECORD
  5
100004C2
102
{ACAD_REACTORS
330
100004C0
102
}
330
100004C0
100
AcDbXrecord
1000
JPK
  0
XRECORD
  5
100004C4
102
{ACAD_REACTORS
330
100004C0
102
}
330
100004C0
100
AcDbXrecord
1000
JPD
  0
XRECORD
  5
100004C7
102
{ACAD_REACTORS
330
100004C6
102
}
330
100004C6
100
AcDbXrecord
1000
LPFJB
  0
XRECORD
  5
100004C8
102
{ACAD_REACTORS
330
100004C6
102
}
330
100004C6
100
AcDbXrecord
1000
JPD
  0
XRECORD
  5
100004CD
102
{ACAD_REACTORS
330
100004CA
102
}
330
100004CA
100
AcDbXrecord
 40
0.0005
  0
XRECORD
  5
100004CB
102
{ACAD_REACTORS
330
100004CA
102
}
330
100004CA
100
AcDbXrecord
1000
LPVKB
  0
XRECORD
  5
100004CC
102
{ACAD_REACTORS
330
100004CA
102
}
330
100004CA
100
AcDbXrecord
1000
JPK
  0
XRECORD
  5
100004CE
102
{ACAD_REACTORS
330
100004CA
102
}
330
100004CA
100
AcDbXrecord
1000
JPD
  0
XRECORD
  5
100004D1
102
{ACAD_REACTORS
330
100004D0
102
}
330
100004D0
100
AcDbXrecord
1000
LP1JB
  0
XRECORD
  5
100004D2
102
{ACAD_REACTORS
330
100004D0
102
}
330
100004D0
100
AcDbXrecord
1000
JPD
  0
XRECORD
  5
100004D7
102
{ACAD_REACTORS
330
100004D4
102
}
330
100004D4
100
AcDbXrecord
 40
0.0005
  0
XRECORD
  5
100004D5
102
{ACAD_REACTORS
330
100004D4
102
}
330
100004D4
100
AcDbXrecord
1000
LPdKB
  0
XRECORD
  5
100004D6
102
{ACAD_REACTORS
330
100004D4
102
}
330
100004D4
100
AcDbXrecord
1000
JPK
  0
XRECORD
  5
100004D8
102
{ACAD_REACTORS
330
100004D4
102
}
330
100004D4
100
AcDbXrecord
1000
JPD
  0
XRECORD
  5
100004DB
102
{ACAD_REACTORS
330
100004DA
102
}
330
100004DA
100
AcDbXrecord
1000
LPNKB
  0
XRECORD
  5
100004DC
102
{ACAD_REACTORS
330
100004DA
102
}
330
100004DA
100
AcDbXrecord
1000
JPD
  0
XRECORD
  5
100004E1
102
{ACAD_REACTORS
330
100004DE
102
}
330
100004DE
100
AcDbXrecord
 40
0.0005
  0
XRECORD
  5
100004DF
102
{ACAD_REACTORS
330
100004DE
102
}
330
100004DE
100
AcDbXrecord
1000
LPtKB
  0
XRECORD
  5
100004E0
102
{ACAD_REACTORS
330
100004DE
102
}
330
100004DE
100
AcDbXrecord
1000
JPK
  0
XRECORD
  5
100004E2
102
{ACAD_REACTORS
330
100004DE
102
}
330
100004DE
100
AcDbXrecord
1000
JPD
  0
XRECORD
  5
100004E5
102
{ACAD_REACTORS
330
100004E4
102
}
330
100004E4
100
AcDbXrecord
1000
LP9JB
  0
XRECORD
  5
100004E6
102
{ACAD_REACTORS
330
100004E4
102
}
330
100004E4
100
AcDbXrecord
1000
JPD
  0
XRECORD
  5
100004EB
102
{ACAD_REACTORS
330
100004E8
102
}
330
100004E8
100
AcDbXrecord
 40
0.0005
  0
XRECORD
  5
100004E9
102
{ACAD_REACTORS
330
100004E8
102
}
330
100004E8
100
AcDbXrecord
1000
LPlKB
  0
XRECORD
  5
100004EA
102
{ACAD_REACTORS
330
100004E8
102
}
330
100004E8
100
AcDbXrecord
1000
JPK
  0
XRECORD
  5
100004EC
102
{ACAD_REACTORS
330
100004E8
102
}
330
100004E8
100
AcDbXrecord
1000
JPD
  0
XRECORD
  5
100004EF
102
{ACAD_REACTORS
330
100004EE
102
}
330
100004EE
100
AcDbXrecord
1000
LPFKB
  0
XRECORD
  5
100004F0
102
{ACAD_REACTORS
330
100004EE
102
}
330
100004EE
100
AcDbXrecord
1000
JPD
  0
XRECORD
  5
100004F5
102
{ACAD_REACTORS
330
100004F2
102
}
330
100004F2
100
AcDbXrecord
 40
0.0005
  0
XRECORD
  5
100004F3
102
{ACAD_REACTORS
330
100004F2
102
}
330
100004F2
100
AcDbXrecord
1000
LPVLB
  0
XRECORD
  5
100004F4
102
{ACAD_REACTORS
330
100004F2
102
}
330
100004F2
100
AcDbXrecord
1000
JPK
  0
XRECORD
  5
100004F6
102
{ACAD_REACTORS
330
100004F2
102
}
330
100004F2
100
AcDbXrecord
1000
JPD
  0
XRECORD
  5
100004F9
102
{ACAD_REACTORS
330
100004F8
102
}
330
100004F8
100
AcDbXrecord
1000
LP1KB
  0
XRECORD
  5
100004FA
102
{ACAD_REACTORS
330
100004F8
102
}
330
100004F8
100
AcDbXrecord
1000
JPD
  0
XRECORD
  5
100004FF
102
{ACAD_REACTORS
330
100004FC
102
}
330
100004FC
100
AcDbXrecord
 40
0.0005
  0
XRECORD
  5
100004FD
102
{ACAD_REACTORS
330
100004FC
102
}
330
100004FC
100
AcDbXrecord
1000
LPdLB
  0
XRECORD
  5
100004FE
102
{ACAD_REACTORS
330
100004FC
102
}
330
100004FC
100
AcDbXrecord
1000
JPK
  0
XRECORD
  5
10000500
102
{ACAD_REACTORS
330
100004FC
102
}
330
100004FC
100
AcDbXrecord
1000
JPD
  0
XRECORD
  5
10000503
102
{ACAD_REACTORS
330
10000502
102
}
330
10000502
100
AcDbXrecord
1000
LPNLB
  0
XRECORD
  5
10000504
102
{ACAD_REACTORS
330
10000502
102
}
330
10000502
100
AcDbXrecord
1000
JPD
  0
XRECORD
  5
10000509
102
{ACAD_REACTORS
330
10000506
102
}
330
10000506
100
AcDbXrecord
 40
0.0005
  0
XRECORD
  5
10000507
102
{ACAD_REACTORS
330
10000506
102
}
330
10000506
100
AcDbXrecord
1000
LPtLB
  0
XRECORD
  5
10000508
102
{ACAD_REACTORS
330
10000506
102
}
330
10000506
100
AcDbXrecord
1000
JPK
  0
XRECORD
  5
1000050A
102
{ACAD_REACTORS
330
10000506
102
}
330
10000506
100
AcDbXrecord
1000
JPD
  0
XRECORD
  5
1000050D
102
{ACAD_REACTORS
330
1000050C
102
}
330
1000050C
100
AcDbXrecord
1000
LP9KB
  0
XRECORD
  5
1000050E
102
{ACAD_REACTORS
330
1000050C
102
}
330
1000050C
100
AcDbXrecord
1000
JPD
  0
XRECORD
  5
10000513
102
{ACAD_REACTORS
330
10000510
102
}
330
10000510
100
AcDbXrecord
 40
0.0005
  0
XRECORD
  5
10000511
102
{ACAD_REACTORS
330
10000510
102
}
330
10000510
100
AcDbXrecord
1000
LPlLB
  0
XRECORD
  5
10000512
102
{ACAD_REACTORS
330
10000510
102
}
330
10000510
100
AcDbXrecord
1000
JPK
  0
XRECORD
  5
10000514
102
{ACAD_REACTORS
330
10000510
102
}
330
10000510
100
AcDbXrecord
1000
JPD
  0
XRECORD
  5
10000517
102
{ACAD_REACTORS
330
10000516
102
}
330
10000516
100
AcDbXrecord
1000
LPFLB
  0
XRECORD
  5
10000518
102
{ACAD_REACTORS
330
10000516
102
}
330
10000516
100
AcDbXrecord
1000
JPD
  0
XRECORD
  5
1000051D
102
{ACAD_REACTORS
330
1000051A
102
}
330
1000051A
100
AcDbXrecord
 40
0.0005
  0
XRECORD
  5
1000051B
102
{ACAD_REACTORS
330
1000051A
102
}
330
1000051A
100
AcDbXrecord
1000
LPVMB
  0
XRECORD
  5
1000051C
102
{ACAD_REACTORS
330
1000051A
102
}
330
1000051A
100
AcDbXrecord
1000
JPK
  0
XRECORD
  5
1000051E
102
{ACAD_REACTORS
330
1000051A
102
}
330
1000051A
100
AcDbXrecord
1000
JPD
  0
XRECORD
  5
10000521
102
{ACAD_REACTORS
330
10000520
102
}
330
10000520
100
AcDbXrecord
1000
LP1LB
  0
XRECORD
  5
10000522
102
{ACAD_REACTORS
330
10000520
102
}
330
10000520
100
AcDbXrecord
1000
JPD
  0
XRECORD
  5
10000527
102
{ACAD_REACTORS
330
10000524
102
}
330
10000524
100
AcDbXrecord
 40
0.0005
  0
XRECORD
  5
10000525
102
{ACAD_REACTORS
330
10000524
102
}
330
10000524
100
AcDbXrecord
1000
LPdMB
  0
XRECORD
  5
10000526
102
{ACAD_REACTORS
330
10000524
102
}
330
10000524
100
AcDbXrecord
1000
JPK
  0
XRECORD
  5
10000528
102
{ACAD_REACTORS
330
10000524
102
}
330
10000524
100
AcDbXrecord
1000
JPD
  0
XRECORD
  5
1000052B
102
{ACAD_REACTORS
330
1000052A
102
}
330
1000052A
100
AcDbXrecord
1000
LPNMB
  0
XRECORD
  5
1000052C
102
{ACAD_REACTORS
330
1000052A
102
}
330
1000052A
100
AcDbXrecord
1000
JPD
  0
XRECORD
  5
10000531
102
{ACAD_REACTORS
330
1000052E
102
}
330
1000052E
100
AcDbXrecord
 40
0.0005
  0
XRECORD
  5
1000052F
102
{ACAD_REACTORS
330
1000052E
102
}
330
1000052E
100
AcDbXrecord
1000
LPtMB
  0
XRECORD
  5
10000530
102
{ACAD_REACTORS
330
1000052E
102
}
330
1000052E
100
AcDbXrecord
1000
JPK
  0
XRECORD
  5
10000532
102
{ACAD_REACTORS
330
1000052E
102
}
330
1000052E
100
AcDbXrecord
1000
JPD
  0
XRECORD
  5
10000535
102
{ACAD_REACTORS
330
10000534
102
}
330
10000534
100
AcDbXrecord
1000
LP9LB
  0
XRECORD
  5
10000536
102
{ACAD_REACTORS
330
10000534
102
}
330
10000534
100
AcDbXrecord
1000
JPD
  0
XRECORD
  5
1000053B
102
{ACAD_REACTORS
330
10000538
102
}
330
10000538
100
AcDbXrecord
 40
0.0005
  0
XRECORD
  5
10000539
102
{ACAD_REACTORS
330
10000538
102
}
330
10000538
100
AcDbXrecord
1000
LPlMB
  0
XRECORD
  5
1000053A
102
{ACAD_REACTORS
330
10000538
102
}
330
10000538
100
AcDbXrecord
1000
JPK
  0
XRECORD
  5
1000053C
102
{ACAD_REACTORS
330
10000538
102
}
330
10000538
100
AcDbXrecord
1000
JPD
  0
XRECORD
  5
1000053F
102
{ACAD_REACTORS
330
1000053E
102
}
330
1000053E
100
AcDbXrecord
1000
LPFMB
  0
XRECORD
  5
10000540
102
{ACAD_REACTORS
330
1000053E
102
}
330
1000053E
100
AcDbXrecord
1000
JPD
  0
XRECORD
  5
10000545
102
{ACAD_REACTORS
330
10000542
102
}
330
10000542
100
AcDbXrecord
 40
0.0005
  0
XRECORD
  5
10000543
102
{ACAD_REACTORS
330
10000542
102
}
330
10000542
100
AcDbXrecord
1000
LPVNB
  0
XRECORD
  5
10000544
102
{ACAD_REACTORS
330
10000542
102
}
330
10000542
100
AcDbXrecord
1000
JPK
  0
XRECORD
  5
10000546
102
{ACAD_REACTORS
330
10000542
102
}
330
10000542
100
AcDbXrecord
1000
JPD
  0
XRECORD
  5
10000549
102
{ACAD_REACTORS
330
10000548
102
}
330
10000548
100
AcDbXrecord
1000
LP1MB
  0
XRECORD
  5
1000054A
102
{ACAD_REACTORS
330
10000548
102
}
330
10000548
100
AcDbXrecord
1000
JPD
  0
XRECORD
  5
1000054F
102
{ACAD_REACTORS
330
1000054C
102
}
330
1000054C
100
AcDbXrecord
 40
0.0005
  0
XRECORD
  5
1000054D
102
{ACAD_REACTORS
330
1000054C
102
}
330
1000054C
100
AcDbXrecord
1000
LPdNB
  0
XRECORD
  5
1000054E
102
{ACAD_REACTORS
330
1000054C
102
}
330
1000054C
100
AcDbXrecord
1000
JPK
  0
XRECORD
  5
10000550
102
{ACAD_REACTORS
330
1000054C
102
}
330
1000054C
100
AcDbXrecord
1000
JPD
  0
XRECORD
  5
10000553
102
{ACAD_REACTORS
330
10000552
102
}
330
10000552
100
AcDbXrecord
1000
LPNNB
  0
XRECORD
  5
10000554
102
{ACAD_REACTORS
330
10000552
102
}
330
10000552
100
AcDbXrecord
1000
JPD
  0
XRECORD
  5
10000559
102
{ACAD_REACTORS
330
10000556
102
}
330
10000556
100
AcDbXrecord
 40
0.0005
  0
XRECORD
  5
10000557
102
{ACAD_REACTORS
330
10000556
102
}
330
10000556
100
AcDbXrecord
1000
LPtNB
  0
XRECORD
  5
10000558
102
{ACAD_REACTORS
330
10000556
102
}
330
10000556
100
AcDbXrecord
1000
JPK
  0
XRECORD
  5
1000055A
102
{ACAD_REACTORS
330
10000556
102
}
330
10000556
100
AcDbXrecord
1000
JPD
  0
XRECORD
  5
1000055D
102
{ACAD_REACTORS
330
1000055C
102
}
330
1000055C
100
AcDbXrecord
1000
LP9MB
  0
XRECORD
  5
1000055E
102
{ACAD_REACTORS
330
1000055C
102
}
330
1000055C
100
AcDbXrecord
1000
JPD
  0
XRECORD
  5
10000563
102
{ACAD_REACTORS
330
10000560
102
}
330
10000560
100
AcDbXrecord
 40
0.0005
  0
XRECORD
  5
10000561
102
{ACAD_REACTORS
330
10000560
102
}
330
10000560
100
AcDbXrecord
1000
LPlNB
  0
XRECORD
  5
10000562
102
{ACAD_REACTORS
330
10000560
102
}
330
10000560
100
AcDbXrecord
1000
JPK
  0
XRECORD
  5
10000564
102
{ACAD_REACTORS
330
10000560
102
}
330
10000560
100
AcDbXrecord
1000
JPD
  0
XRECORD
  5
10000567
102
{ACAD_REACTORS
330
10000566
102
}
330
10000566
100
AcDbXrecord
1000
LPFNB
  0
XRECORD
  5
10000568
102
{ACAD_REACTORS
330
10000566
102
}
330
10000566
100
AcDbXrecord
1000
JPD
  0
XRECORD
  5
1000056D
102
{ACAD_REACTORS
330
1000056A
102
}
330
1000056A
100
AcDbXrecord
 40
0.0005
  0
XRECORD
  5
1000056B
102
{ACAD_REACTORS
330
1000056A
102
}
330
1000056A
100
AcDbXrecord
1000
LPVOB
  0
XRECORD
  5
1000056C
102
{ACAD_REACTORS
330
1000056A
102
}
330
1000056A
100
AcDbXrecord
1000
JPK
  0
XRECORD
  5
1000056E
102
{ACAD_REACTORS
330
1000056A
102
}
330
1000056A
100
AcDbXrecord
1000
JPD
  0
XRECORD
  5
10000571
102
{ACAD_REACTORS
330
10000570
102
}
330
10000570
100
AcDbXrecord
1000
LP1NB
  0
XRECORD
  5
10000572
102
{ACAD_REACTORS
330
10000570
102
}
330
10000570
100
AcDbXrecord
1000
JPD
  0
XRECORD
  5
10000577
102
{ACAD_REACTORS
330
10000574
102
}
330
10000574
100
AcDbXrecord
 40
0.0005
  0
XRECORD
  5
10000575
102
{ACAD_REACTORS
330
10000574
102
}
330
10000574
100
AcDbXrecord
1000
LPdOB
  0
XRECORD
  5
10000576
102
{ACAD_REACTORS
330
10000574
102
}
330
10000574
100
AcDbXrecord
1000
JPK
  0
XRECORD
  5
10000578
102
{ACAD_REACTORS
330
10000574
102
}
330
10000574
100
AcDbXrecord
1000
JPD
  0
XRECORD
  5
1000057B
102
{ACAD_REACTORS
330
1000057A
102
}
330
1000057A
100
AcDbXrecord
1000
LPNOB
  0
XRECORD
  5
1000057C
102
{ACAD_REACTORS
330
1000057A
102
}
330
1000057A
100
AcDbXrecord
1000
JPD
  0
XRECORD
  5
10000581
102
{ACAD_REACTORS
330
1000057E
102
}
330
1000057E
100
AcDbXrecord
 40
0.0005
  0
XRECORD
  5
1000057F
102
{ACAD_REACTORS
330
1000057E
102
}
330
1000057E
100
AcDbXrecord
1000
LPtOB
  0
XRECORD
  5
10000580
102
{ACAD_REACTORS
330
1000057E
102
}
330
1000057E
100
AcDbXrecord
1000
JPK
  0
XRECORD
  5
10000582
102
{ACAD_REACTORS
330
1000057E
102
}
330
1000057E
100
AcDbXrecord
1000
JPD
  0
XRECORD
  5
10000585
102
{ACAD_REACTORS
330
10000584
102
}
330
10000584
100
AcDbXrecord
1000
LP9NB
  0
XRECORD
  5
10000586
102
{ACAD_REACTORS
330
10000584
102
}
330
10000584
100
AcDbXrecord
1000
JPD
  0
XRECORD
  5
1000058B
102
{ACAD_REACTORS
330
10000588
102
}
330
10000588
100
AcDbXrecord
 40
0.0005
  0
XRECORD
  5
10000589
102
{ACAD_REACTORS
330
10000588
102
}
330
10000588
100
AcDbXrecord
1000
LPlOB
  0
XRECORD
  5
1000058A
102
{ACAD_REACTORS
330
10000588
102
}
330
10000588
100
AcDbXrecord
1000
JPK
  0
XRECORD
  5
1000058C
102
{ACAD_REACTORS
330
10000588
102
}
330
10000588
100
AcDbXrecord
1000
JPD
  0
XRECORD
  5
1000058F
102
{ACAD_REACTORS
330
1000058E
102
}
330
1000058E
100
AcDbXrecord
1000
LPFOB
  0
XRECORD
  5
10000590
102
{ACAD_REACTORS
330
1000058E
102
}
330
1000058E
100
AcDbXrecord
1000
JPD
  0
XRECORD
  5
10000595
102
{ACAD_REACTORS
330
10000592
102
}
330
10000592
100
AcDbXrecord
 40
0.0005
  0
XRECORD
  5
10000593
102
{ACAD_REACTORS
330
10000592
102
}
330
10000592
100
AcDbXrecord
1000
LPVPB
  0
XRECORD
  5
10000594
102
{ACAD_REACTORS
330
10000592
102
}
330
10000592
100
AcDbXrecord
1000
JPK
  0
XRECORD
  5
10000596
102
{ACAD_REACTORS
330
10000592
102
}
330
10000592
100
AcDbXrecord
1000
JPD
  0
XRECORD
  5
10000599
102
{ACAD_REACTORS
330
10000598
102
}
330
10000598
100
AcDbXrecord
1000
LP1OB
  0
XRECORD
  5
1000059A
102
{ACAD_REACTORS
330
10000598
102
}
330
10000598
100
AcDbXrecord
1000
JPD
  0
XRECORD
  5
1000059F
102
{ACAD_REACTORS
330
1000059C
102
}
330
1000059C
100
AcDbXrecord
 40
0.0005
  0
XRECORD
  5
1000059D
102
{ACAD_REACTORS
330
1000059C
102
}
330
1000059C
100
AcDbXrecord
1000
LPdPB
  0
XRECORD
  5
1000059E
102
{ACAD_REACTORS
330
1000059C
102
}
330
1000059C
100
AcDbXrecord
1000
JPK
  0
XRECORD
  5
100005A0
102
{ACAD_REACTORS
330
1000059C
102
}
330
1000059C
100
AcDbXrecord
1000
JPD
  0
XRECORD
  5
100005A3
102
{ACAD_REACTORS
330
100005A2
102
}
330
100005A2
100
AcDbXrecord
1000
LPNPB
  0
XRECORD
  5
100005A4
102
{ACAD_REACTORS
330
100005A2
102
}
330
100005A2
100
AcDbXrecord
1000
JPD
  0
XRECORD
  5
100005A9
102
{ACAD_REACTORS
330
100005A6
102
}
330
100005A6
100
AcDbXrecord
 40
0.0005
  0
XRECORD
  5
100005A7
102
{ACAD_REACTORS
330
100005A6
102
}
330
100005A6
100
AcDbXrecord
1000
LPtPB
  0
XRECORD
  5
100005A8
102
{ACAD_REACTORS
330
100005A6
102
}
330
100005A6
100
AcDbXrecord
1000
JPK
  0
XRECORD
  5
100005AA
102
{ACAD_REACTORS
330
100005A6
102
}
330
100005A6
100
AcDbXrecord
1000
JPD
  0
XRECORD
  5
100005AD
102
{ACAD_REACTORS
330
100005AC
102
}
330
100005AC
100
AcDbXrecord
1000
LP9OB
  0
XRECORD
  5
100005AE
102
{ACAD_REACTORS
330
100005AC
102
}
330
100005AC
100
AcDbXrecord
1000
JPD
  0
XRECORD
  5
100005B3
102
{ACAD_REACTORS
330
100005B0
102
}
330
100005B0
100
AcDbXrecord
 40
0.0005
  0
XRECORD
  5
100005B1
102
{ACAD_REACTORS
330
100005B0
102
}
330
100005B0
100
AcDbXrecord
1000
LPlPB
  0
XRECORD
  5
100005B2
102
{ACAD_REACTORS
330
100005B0
102
}
330
100005B0
100
AcDbXrecord
1000
JPK
  0
XRECORD
  5
100005B4
102
{ACAD_REACTORS
330
100005B0
102
}
330
100005B0
100
AcDbXrecord
1000
JPD
  0
XRECORD
  5
100005B7
102
{ACAD_REACTORS
330
100005B6
102
}
330
100005B6
100
AcDbXrecord
1000
LPFPB
  0
XRECORD
  5
100005B8
102
{ACAD_REACTORS
330
100005B6
102
}
330
100005B6
100
AcDbXrecord
1000
JPD
  0
XRECORD
  5
100005BD
102
{ACAD_REACTORS
330
100005BA
102
}
330
100005BA
100
AcDbXrecord
 40
0.0005
  0
XRECORD
  5
100005BB
102
{ACAD_REACTORS
330
100005BA
102
}
330
100005BA
100
AcDbXrecord
1000
LPVQB
  0
XRECORD
  5
100005BC
102
{ACAD_REACTORS
330
100005BA
102
}
330
100005BA
100
AcDbXrecord
1000
JPK
  0
XRECORD
  5
100005BE
102
{ACAD_REACTORS
330
100005BA
102
}
330
100005BA
100
AcDbXrecord
1000
JPD
  0
XRECORD
  5
100005C1
102
{ACAD_REACTORS
330
100005C0
102
}
330
100005C0
100
AcDbXrecord
1000
LP1PB
  0
XRECORD
  5
100005C2
102
{ACAD_REACTORS
330
100005C0
102
}
330
100005C0
100
AcDbXrecord
1000
JPD
  0
XRECORD
  5
100005C7
102
{ACAD_REACTORS
330
100005C4
102
}
330
100005C4
100
AcDbXrecord
 40
0.0005
  0
XRECORD
  5
100005C5
102
{ACAD_REACTORS
330
100005C4
102
}
330
100005C4
100
AcDbXrecord
1000
LPdQB
  0
XRECORD
  5
100005C6
102
{ACAD_REACTORS
330
100005C4
102
}
330
100005C4
100
AcDbXrecord
1000
JPK
  0
XRECORD
  5
100005C8
102
{ACAD_REACTORS
330
100005C4
102
}
330
100005C4
100
AcDbXrecord
1000
JPD
  0
XRECORD
  5
100005CB
102
{ACAD_REACTORS
330
100005CA
102
}
330
100005CA
100
AcDbXrecord
1000
LPNQB
  0
XRECORD
  5
100005CC
102
{ACAD_REACTORS
330
100005CA
102
}
330
100005CA
100
AcDbXrecord
1000
JPD
  0
XRECORD
  5
100005D1
102
{ACAD_REACTORS
330
100005CE
102
}
330
100005CE
100
AcDbXrecord
 40
0.0005
  0
XRECORD
  5
100005CF
102
{ACAD_REACTORS
330
100005CE
102
}
330
100005CE
100
AcDbXrecord
1000
LPtQB
  0
XRECORD
  5
100005D0
102
{ACAD_REACTORS
330
100005CE
102
}
330
100005CE
100
AcDbXrecord
1000
JPK
  0
XRECORD
  5
100005D2
102
{ACAD_REACTORS
330
100005CE
102
}
330
100005CE
100
AcDbXrecord
1000
JPD
  0
XRECORD
  5
100005D5
102
{ACAD_REACTORS
330
100005D4
102
}
330
100005D4
100
AcDbXrecord
1000
LP9PB
  0
XRECORD
  5
100005D6
102
{ACAD_REACTORS
330
100005D4
102
}
330
100005D4
100
AcDbXrecord
1000
JPD
  0
XRECORD
  5
100005DB
102
{ACAD_REACTORS
330
100005D8
102
}
330
100005D8
100
AcDbXrecord
 40
0.0005
  0
XRECORD
  5
100005D9
102
{ACAD_REACTORS
330
100005D8
102
}
330
100005D8
100
AcDbXrecord
1000
LPlQB
  0
XRECORD
  5
100005DA
102
{ACAD_REACTORS
330
100005D8
102
}
330
100005D8
100
AcDbXrecord
1000
JPK
  0
XRECORD
  5
100005DC
102
{ACAD_REACTORS
330
100005D8
102
}
330
100005D8
100
AcDbXrecord
1000
JPD
  0
XRECORD
  5
100005DF
102
{ACAD_REACTORS
330
100005DE
102
}
330
100005DE
100
AcDbXrecord
1000
LPFQB
  0
XRECORD
  5
100005E0
102
{ACAD_REACTORS
330
100005DE
102
}
330
100005DE
100
AcDbXrecord
1000
JPD
  0
XRECORD
  5
100005E5
102
{ACAD_REACTORS
330
100005E2
102
}
330
100005E2
100
AcDbXrecord
 40
0.0005
  0
XRECORD
  5
100005E3
102
{ACAD_REACTORS
330
100005E2
102
}
330
100005E2
100
AcDbXrecord
1000
LPVRB
  0
XRECORD
  5
100005E4
102
{ACAD_REACTORS
330
100005E2
102
}
330
100005E2
100
AcDbXrecord
1000
JPK
  0
XRECORD
  5
100005E6
102
{ACAD_REACTORS
330
100005E2
102
}
330
100005E2
100
AcDbXrecord
1000
JPD
  0
XRECORD
  5
100005E9
102
{ACAD_REACTORS
330
100005E8
102
}
330
100005E8
100
AcDbXrecord
1000
LP1QB
  0
XRECORD
  5
100005EA
102
{ACAD_REACTORS
330
100005E8
102
}
330
100005E8
100
AcDbXrecord
1000
JPD
  0
XRECORD
  5
100005EF
102
{ACAD_REACTORS
330
100005EC
102
}
330
100005EC
100
AcDbXrecord
 40
0.0005
  0
XRECORD
  5
100005ED
102
{ACAD_REACTORS
330
100005EC
102
}
330
100005EC
100
AcDbXrecord
1000
LPdRB
  0
XRECORD
  5
100005EE
102
{ACAD_REACTORS
330
100005EC
102
}
330
100005EC
100
AcDbXrecord
1000
JPK
  0
XRECORD
  5
100005F0
102
{ACAD_REACTORS
330
100005EC
102
}
330
100005EC
100
AcDbXrecord
1000
JPD
  0
XRECORD
  5
100005F3
102
{ACAD_REACTORS
330
100005F2
102
}
330
100005F2
100
AcDbXrecord
1000
LPNRB
  0
XRECORD
  5
100005F4
102
{ACAD_REACTORS
330
100005F2
102
}
330
100005F2
100
AcDbXrecord
1000
JPD
  0
XRECORD
  5
100005F9
102
{ACAD_REACTORS
330
100005F6
102
}
330
100005F6
100
AcDbXrecord
 40
0.0005
  0
XRECORD
  5
100005F7
102
{ACAD_REACTORS
330
100005F6
102
}
330
100005F6
100
AcDbXrecord
1000
LPtRB
  0
XRECORD
  5
100005F8
102
{ACAD_REACTORS
330
100005F6
102
}
330
100005F6
100
AcDbXrecord
1000
JPK
  0
XRECORD
  5
100005FA
102
{ACAD_REACTORS
330
100005F6
102
}
330
100005F6
100
AcDbXrecord
1000
JPD
  0
XRECORD
  5
100005FD
102
{ACAD_REACTORS
330
100005FC
102
}
330
100005FC
100
AcDbXrecord
1000
LP9QB
  0
XRECORD
  5
100005FE
102
{ACAD_REACTORS
330
100005FC
102
}
330
100005FC
100
AcDbXrecord
1000
JPD
  0
XRECORD
  5
10000603
102
{ACAD_REACTORS
330
10000600
102
}
330
10000600
100
AcDbXrecord
 40
0.0005
  0
XRECORD
  5
10000601
102
{ACAD_REACTORS
330
10000600
102
}
330
10000600
100
AcDbXrecord
1000
LPlRB
  0
XRECORD
  5
10000602
102
{ACAD_REACTORS
330
10000600
102
}
330
10000600
100
AcDbXrecord
1000
JPK
  0
XRECORD
  5
10000604
102
{ACAD_REACTORS
330
10000600
102
}
330
10000600
100
AcDbXrecord
1000
JPD
  0
XRECORD
  5
10000607
102
{ACAD_REACTORS
330
10000606
102
}
330
10000606
100
AcDbXrecord
1000
LPFRB
  0
XRECORD
  5
10000608
102
{ACAD_REACTORS
330
10000606
102
}
330
10000606
100
AcDbXrecord
1000
JPD
  0
XRECORD
  5
1000060D
102
{ACAD_REACTORS
330
1000060A
102
}
330
1000060A
100
AcDbXrecord
 40
0.0005
  0
XRECORD
  5
1000060B
102
{ACAD_REACTORS
330
1000060A
102
}
330
1000060A
100
AcDbXrecord
1000
LPVSB
  0
XRECORD
  5
1000060C
102
{ACAD_REACTORS
330
1000060A
102
}
330
1000060A
100
AcDbXrecord
1000
JPK
  0
XRECORD
  5
1000060E
102
{ACAD_REACTORS
330
1000060A
102
}
330
1000060A
100
AcDbXrecord
1000
JPD
  0
XRECORD
  5
10000611
102
{ACAD_REACTORS
330
10000610
102
}
330
10000610
100
AcDbXrecord
1000
LP1RB
  0
XRECORD
  5
10000612
102
{ACAD_REACTORS
330
10000610
102
}
330
10000610
100
AcDbXrecord
1000
JPD
  0
XRECORD
  5
10000617
102
{ACAD_REACTORS
330
10000614
102
}
330
10000614
100
AcDbXrecord
 40
0.0005
  0
XRECORD
  5
10000615
102
{ACAD_REACTORS
330
10000614
102
}
330
10000614
100
AcDbXrecord
1000
LPdSB
  0
XRECORD
  5
10000616
102
{ACAD_REACTORS
330
10000614
102
}
330
10000614
100
AcDbXrecord
1000
JPK
  0
XRECORD
  5
10000618
102
{ACAD_REACTORS
330
10000614
102
}
330
10000614
100
AcDbXrecord
1000
JPD
  0
XRECORD
  5
1000061B
102
{ACAD_REACTORS
330
1000061A
102
}
330
1000061A
100
AcDbXrecord
1000
LPNSB
  0
XRECORD
  5
1000061C
102
{ACAD_REACTORS
330
1000061A
102
}
330
1000061A
100
AcDbXrecord
1000
JPD
  0
XRECORD
  5
10000621
102
{ACAD_REACTORS
330
1000061E
102
}
330
1000061E
100
AcDbXrecord
 40
0.0005
  0
XRECORD
  5
1000061F
102
{ACAD_REACTORS
330
1000061E
102
}
330
1000061E
100
AcDbXrecord
1000
LPtSB
  0
XRECORD
  5
10000620
102
{ACAD_REACTORS
330
1000061E
102
}
330
1000061E
100
AcDbXrecord
1000
JPK
  0
XRECORD
  5
10000622
102
{ACAD_REACTORS
330
1000061E
102
}
330
1000061E
100
AcDbXrecord
1000
JPD
  0
XRECORD
  5
10000625
102
{ACAD_REACTORS
330
10000624
102
}
330
10000624
100
AcDbXrecord
1000
LP9RB
  0
XRECORD
  5
10000626
102
{ACAD_REACTORS
330
10000624
102
}
330
10000624
100
AcDbXrecord
1000
JPD
  0
XRECORD
  5
1000062B
102
{ACAD_REACTORS
330
10000628
102
}
330
10000628
100
AcDbXrecord
 40
0.0005
  0
XRECORD
  5
10000629
102
{ACAD_REACTORS
330
10000628
102
}
330
10000628
100
AcDbXrecord
1000
LPlSB
  0
XRECORD
  5
1000062A
102
{ACAD_REACTORS
330
10000628
102
}
330
10000628
100
AcDbXrecord
1000
JPK
  0
XRECORD
  5
1000062C
102
{ACAD_REACTORS
330
10000628
102
}
330
10000628
100
AcDbXrecord
1000
JPD
  0
XRECORD
  5
1000062F
102
{ACAD_REACTORS
330
1000062E
102
}
330
1000062E
100
AcDbXrecord
1000
LPFSB
  0
XRECORD
  5
10000630
102
{ACAD_REACTORS
330
1000062E
102
}
330
1000062E
100
AcDbXrecord
1000
JPD
  0
XRECORD
  5
10000635
102
{ACAD_REACTORS
330
10000632
102
}
330
10000632
100
AcDbXrecord
 40
0.0005
  0
XRECORD
  5
10000633
102
{ACAD_REACTORS
330
10000632
102
}
330
10000632
100
AcDbXrecord
1000
LPVTB
  0
XRECORD
  5
10000634
102
{ACAD_REACTORS
330
10000632
102
}
330
10000632
100
AcDbXrecord
1000
JPK
  0
XRECORD
  5
10000636
102
{ACAD_REACTORS
330
10000632
102
}
330
10000632
100
AcDbXrecord
1000
JPD
  0
XRECORD
  5
10000639
102
{ACAD_REACTORS
330
10000638
102
}
330
10000638
100
AcDbXrecord
1000
LP1SB
  0
XRECORD
  5
1000063A
102
{ACAD_REACTORS
330
10000638
102
}
330
10000638
100
AcDbXrecord
1000
JPD
  0
XRECORD
  5
1000063F
102
{ACAD_REACTORS
330
1000063C
102
}
330
1000063C
100
AcDbXrecord
 40
0.0005
  0
XRECORD
  5
1000063D
102
{ACAD_REACTORS
330
1000063C
102
}
330
1000063C
100
AcDbXrecord
1000
LPdTB
  0
XRECORD
  5
1000063E
102
{ACAD_REACTORS
330
1000063C
102
}
330
1000063C
100
AcDbXrecord
1000
JPK
  0
XRECORD
  5
10000640
102
{ACAD_REACTORS
330
1000063C
102
}
330
1000063C
100
AcDbXrecord
1000
JPD
  0
XRECORD
  5
10000643
102
{ACAD_REACTORS
330
10000642
102
}
330
10000642
100
AcDbXrecord
1000
LPNTB
  0
XRECORD
  5
10000644
102
{ACAD_REACTORS
330
10000642
102
}
330
10000642
100
AcDbXrecord
1000
JPD
  0
XRECORD
  5
10000649
102
{ACAD_REACTORS
330
10000646
102
}
330
10000646
100
AcDbXrecord
 40
0.0005
  0
XRECORD
  5
10000647
102
{ACAD_REACTORS
330
10000646
102
}
330
10000646
100
AcDbXrecord
1000
LPtTB
  0
XRECORD
  5
10000648
102
{ACAD_REACTORS
330
10000646
102
}
330
10000646
100
AcDbXrecord
1000
JPK
  0
XRECORD
  5
1000064A
102
{ACAD_REACTORS
330
10000646
102
}
330
10000646
100
AcDbXrecord
1000
JPD
  0
XRECORD
  5
1000064D
102
{ACAD_REACTORS
330
1000064C
102
}
330
1000064C
100
AcDbXrecord
1000
LP9SB
  0
XRECORD
  5
1000064E
102
{ACAD_REACTORS
330
1000064C
102
}
330
1000064C
100
AcDbXrecord
1000
JPD
  0
XRECORD
  5
10000653
102
{ACAD_REACTORS
330
10000650
102
}
330
10000650
100
AcDbXrecord
 40
0.0005
  0
XRECORD
  5
10000651
102
{ACAD_REACTORS
330
10000650
102
}
330
10000650
100
AcDbXrecord
1000
LPlTB
  0
XRECORD
  5
10000652
102
{ACAD_REACTORS
330
10000650
102
}
330
10000650
100
AcDbXrecord
1000
JPK
  0
XRECORD
  5
10000654
102
{ACAD_REACTORS
330
10000650
102
}
330
10000650
100
AcDbXrecord
1000
JPD
  0
XRECORD
  5
10000657
102
{ACAD_REACTORS
330
10000656
102
}
330
10000656
100
AcDbXrecord
1000
LPFTB
  0
XRECORD
  5
10000658
102
{ACAD_REACTORS
330
10000656
102
}
330
10000656
100
AcDbXrecord
1000
JPD
  0
XRECORD
  5
1000065D
102
{ACAD_REACTORS
330
1000065A
102
}
330
1000065A
100
AcDbXrecord
 40
0.0005
  0
XRECORD
  5
1000065B
102
{ACAD_REACTORS
330
1000065A
102
}
330
1000065A
100
AcDbXrecord
1000
LPVXB
  0
XRECORD
  5
1000065C
102
{ACAD_REACTORS
330
1000065A
102
}
330
1000065A
100
AcDbXrecord
1000
JPK
  0
XRECORD
  5
1000065E
102
{ACAD_REACTORS
330
1000065A
102
}
330
1000065A
100
AcDbXrecord
1000
JPD
  0
XRECORD
  5
10000661
102
{ACAD_REACTORS
330
10000660
102
}
330
10000660
100
AcDbXrecord
1000
LP1WB
  0
XRECORD
  5
10000662
102
{ACAD_REACTORS
330
10000660
102
}
330
10000660
100
AcDbXrecord
1000
JPD
  0
XRECORD
  5
10000667
102
{ACAD_REACTORS
330
10000664
102
}
330
10000664
100
AcDbXrecord
 40
0.0005
  0
XRECORD
  5
10000665
102
{ACAD_REACTORS
330
10000664
102
}
330
10000664
100
AcDbXrecord
1000
LPdXB
  0
XRECORD
  5
10000666
102
{ACAD_REACTORS
330
10000664
102
}
330
10000664
100
AcDbXrecord
1000
JPK
  0
XRECORD
  5
10000668
102
{ACAD_REACTORS
330
10000664
102
}
330
10000664
100
AcDbXrecord
1000
JPD
  0
XRECORD
  5
1000066B
102
{ACAD_REACTORS
330
1000066A
102
}
330
1000066A
100
AcDbXrecord
1000
LPNXB
  0
XRECORD
  5
1000066C
102
{ACAD_REACTORS
330
1000066A
102
}
330
1000066A
100
AcDbXrecord
1000
JPD
  0
XRECORD
  5
10000671
102
{ACAD_REACTORS
330
1000066E
102
}
330
1000066E
100
AcDbXrecord
 40
0.0005
  0
XRECORD
  5
1000066F
102
{ACAD_REACTORS
330
1000066E
102
}
330
1000066E
100
AcDbXrecord
1000
LPtXB
  0
XRECORD
  5
10000670
102
{ACAD_REACTORS
330
1000066E
102
}
330
1000066E
100
AcDbXrecord
1000
JPK
  0
XRECORD
  5
10000672
102
{ACAD_REACTORS
330
1000066E
102
}
330
1000066E
100
AcDbXrecord
1000
JPD
  0
XRECORD
  5
10000675
102
{ACAD_REACTORS
330
10000674
102
}
330
10000674
100
AcDbXrecord
1000
LP9WB
  0
XRECORD
  5
10000676
102
{ACAD_REACTORS
330
10000674
102
}
330
10000674
100
AcDbXrecord
1000
JPD
  0
XRECORD
  5
1000067B
102
{ACAD_REACTORS
330
10000678
102
}
330
10000678
100
AcDbXrecord
 40
0.0005
  0
XRECORD
  5
10000679
102
{ACAD_REACTORS
330
10000678
102
}
330
10000678
100
AcDbXrecord
1000
LPlXB
  0
XRECORD
  5
1000067A
102
{ACAD_REACTORS
330
10000678
102
}
330
10000678
100
AcDbXrecord
1000
JPK
  0
XRECORD
  5
1000067C
102
{ACAD_REACTORS
330
10000678
102
}
330
10000678
100
AcDbXrecord
1000
JPD
  0
XRECORD
  5
1000067F
102
{ACAD_REACTORS
330
1000067E
102
}
330
1000067E
100
AcDbXrecord
1000
LPFXB
  0
XRECORD
  5
10000680
102
{ACAD_REACTORS
330
1000067E
102
}
330
1000067E
100
AcDbXrecord
1000
JPD
  0
XRECORD
  5
10000685
102
{ACAD_REACTORS
330
10000682
102
}
330
10000682
100
AcDbXrecord
 40
0.0005
  0
XRECORD
  5
10000683
102
{ACAD_REACTORS
330
10000682
102
}
330
10000682
100
AcDbXrecord
1000
LPVYB
  0
XRECORD
  5
10000684
102
{ACAD_REACTORS
330
10000682
102
}
330
10000682
100
AcDbXrecord
1000
JPK
  0
XRECORD
  5
10000686
102
{ACAD_REACTORS
330
10000682
102
}
330
10000682
100
AcDbXrecord
1000
JPD
  0
XRECORD
  5
10000689
102
{ACAD_REACTORS
330
10000688
102
}
330
10000688
100
AcDbXrecord
1000
LP1XB
  0
XRECORD
  5
1000068A
102
{ACAD_REACTORS
330
10000688
102
}
330
10000688
100
AcDbXrecord
1000
JPD
  0
XRECORD
  5
1000068F
102
{ACAD_REACTORS
330
1000068C
102
}
330
1000068C
100
AcDbXrecord
 40
0.0005
  0
XRECORD
  5
1000068D
102
{ACAD_REACTORS
330
1000068C
102
}
330
1000068C
100
AcDbXrecord
1000
LPdYB
  0
XRECORD
  5
1000068E
102
{ACAD_REACTORS
330
1000068C
102
}
330
1000068C
100
AcDbXrecord
1000
JPK
  0
XRECORD
  5
10000690
102
{ACAD_REACTORS
330
1000068C
102
}
330
1000068C
100
AcDbXrecord
1000
JPD
  0
XRECORD
  5
10000693
102
{ACAD_REACTORS
330
10000692
102
}
330
10000692
100
AcDbXrecord
1000
LPNYB
  0
XRECORD
  5
10000694
102
{ACAD_REACTORS
330
10000692
102
}
330
10000692
100
AcDbXrecord
1000
JPD
  0
XRECORD
  5
10000699
102
{ACAD_REACTORS
330
10000696
102
}
330
10000696
100
AcDbXrecord
 40
0.0005
  0
XRECORD
  5
10000697
102
{ACAD_REACTORS
330
10000696
102
}
330
10000696
100
AcDbXrecord
1000
LPtYB
  0
XRECORD
  5
10000698
102
{ACAD_REACTORS
330
10000696
102
}
330
10000696
100
AcDbXrecord
1000
JPK
  0
XRECORD
  5
1000069A
102
{ACAD_REACTORS
330
10000696
102
}
330
10000696
100
AcDbXrecord
1000
JPD
  0
XRECORD
  5
1000069D
102
{ACAD_REACTORS
330
1000069C
102
}
330
1000069C
100
AcDbXrecord
1000
LP9XB
  0
XRECORD
  5
1000069E
102
{ACAD_REACTORS
330
1000069C
102
}
330
1000069C
100
AcDbXrecord
1000
JPD
  0
XRECORD
  5
100006A3
102
{ACAD_REACTORS
330
100006A0
102
}
330
100006A0
100
AcDbXrecord
 40
0.0005
  0
XRECORD
  5
100006A1
102
{ACAD_REACTORS
330
100006A0
102
}
330
100006A0
100
AcDbXrecord
1000
LPlYB
  0
XRECORD
  5
100006A2
102
{ACAD_REACTORS
330
100006A0
102
}
330
100006A0
100
AcDbXrecord
1000
JPK
  0
XRECORD
  5
100006A4
102
{ACAD_REACTORS
330
100006A0
102
}
330
100006A0
100
AcDbXrecord
1000
JPD
  0
XRECORD
  5
100006A7
102
{ACAD_REACTORS
330
100006A6
102
}
330
100006A6
100
AcDbXrecord
1000
LPFYB
  0
XRECORD
  5
100006A8
102
{ACAD_REACTORS
330
100006A6
102
}
330
100006A6
100
AcDbXrecord
1000
JPD
  0
XRECORD
  5
100006AD
102
{ACAD_REACTORS
330
100006AA
102
}
330
100006AA
100
AcDbXrecord
 40
0.0005
  0
XRECORD
  5
100006AB
102
{ACAD_REACTORS
330
100006AA
102
}
330
100006AA
100
AcDbXrecord
1000
LPVZB
  0
XRECORD
  5
100006AC
102
{ACAD_REACTORS
330
100006AA
102
}
330
100006AA
100
AcDbXrecord
1000
JPK
  0
XRECORD
  5
100006AE
102
{ACAD_REACTORS
330
100006AA
102
}
330
100006AA
100
AcDbXrecord
1000
JPD
  0
XRECORD
  5
100006B1
102
{ACAD_REACTORS
330
100006B0
102
}
330
100006B0
100
AcDbXrecord
1000
LP1YB
  0
XRECORD
  5
100006B2
102
{ACAD_REACTORS
330
100006B0
102
}
330
100006B0
100
AcDbXrecord
1000
JPD
  0
XRECORD
  5
100006B7
102
{ACAD_REACTORS
330
100006B4
102
}
330
100006B4
100
AcDbXrecord
 40
0.0005
  0
XRECORD
  5
100006B5
102
{ACAD_REACTORS
330
100006B4
102
}
330
100006B4
100
AcDbXrecord
1000
LPdZB
  0
XRECORD
  5
100006B6
102
{ACAD_REACTORS
330
100006B4
102
}
330
100006B4
100
AcDbXrecord
1000
JPK
  0
XRECORD
  5
100006B8
102
{ACAD_REACTORS
330
100006B4
102
}
330
100006B4
100
AcDbXrecord
1000
JPD
  0
XRECORD
  5
100006BB
102
{ACAD_REACTORS
330
100006BA
102
}
330
100006BA
100
AcDbXrecord
1000
LPNZB
  0
XRECORD
  5
100006BC
102
{ACAD_REACTORS
330
100006BA
102
}
330
100006BA
100
AcDbXrecord
1000
JPD
  0
XRECORD
  5
100006C1
102
{ACAD_REACTORS
330
100006BE
102
}
330
100006BE
100
AcDbXrecord
 40
0.0005
  0
XRECORD
  5
100006BF
102
{ACAD_REACTORS
330
100006BE
102
}
330
100006BE
100
AcDbXrecord
1000
LPtZB
  0
XRECORD
  5
100006C0
102
{ACAD_REACTORS
330
100006BE
102
}
330
100006BE
100
AcDbXrecord
1000
JPK
  0
XRECORD
  5
100006C2
102
{ACAD_REACTORS
330
100006BE
102
}
330
100006BE
100
AcDbXrecord
1000
JPD
  0
XRECORD
  5
100006C5
102
{ACAD_REACTORS
330
100006C4
102
}
330
100006C4
100
AcDbXrecord
1000
LP9YB
  0
XRECORD
  5
100006C6
102
{ACAD_REACTORS
330
100006C4
102
}
330
100006C4
100
AcDbXrecord
1000
JPD
  0
XRECORD
  5
100006CB
102
{ACAD_REACTORS
330
100006C8
102
}
330
100006C8
100
AcDbXrecord
 40
0.0005
  0
XRECORD
  5
100006C9
102
{ACAD_REACTORS
330
100006C8
102
}
330
100006C8
100
AcDbXrecord
1000
LPlZB
  0
XRECORD
  5
100006CA
102
{ACAD_REACTORS
330
100006C8
102
}
330
100006C8
100
AcDbXrecord
1000
JPK
  0
XRECORD
  5
100006CC
102
{ACAD_REACTORS
330
100006C8
102
}
330
100006C8
100
AcDbXrecord
1000
JPD
  0
XRECORD
  5
100006CF
102
{ACAD_REACTORS
330
100006CE
102
}
330
100006CE
100
AcDbXrecord
1000
LPFZB
  0
XRECORD
  5
100006D0
102
{ACAD_REACTORS
330
100006CE
102
}
330
100006CE
100
AcDbXrecord
1000
JPD
  0
XRECORD
  5
100006D5
102
{ACAD_REACTORS
330
100006D2
102
}
330
100006D2
100
AcDbXrecord
 40
0.0005
  0
XRECORD
  5
100006D3
102
{ACAD_REACTORS
330
100006D2
102
}
330
100006D2
100
AcDbXrecord
1000
LPVaB
  0
XRECORD
  5
100006D4
102
{ACAD_REACTORS
330
100006D2
102
}
330
100006D2
100
AcDbXrecord
1000
JPK
  0
XRECORD
  5
100006D6
102
{ACAD_REACTORS
330
100006D2
102
}
330
100006D2
100
AcDbXrecord
1000
JPD
  0
XRECORD
  5
100006D9
102
{ACAD_REACTORS
330
100006D8
102
}
330
100006D8
100
AcDbXrecord
1000
LP1ZB
  0
XRECORD
  5
100006DA
102
{ACAD_REACTORS
330
100006D8
102
}
330
100006D8
100
AcDbXrecord
1000
JPD
  0
XRECORD
  5
100006DF
102
{ACAD_REACTORS
330
100006DC
102
}
330
100006DC
100
AcDbXrecord
 40
0.0005
  0
XRECORD
  5
100006DD
102
{ACAD_REACTORS
330
100006DC
102
}
330
100006DC
100
AcDbXrecord
1000
LPdaB
  0
XRECORD
  5
100006DE
102
{ACAD_REACTORS
330
100006DC
102
}
330
100006DC
100
AcDbXrecord
1000
JPK
  0
XRECORD
  5
100006E0
102
{ACAD_REACTORS
330
100006DC
102
}
330
100006DC
100
AcDbXrecord
1000
JPD
  0
XRECORD
  5
100006E3
102
{ACAD_REACTORS
330
100006E2
102
}
330
100006E2
100
AcDbXrecord
1000
LPNaB
  0
XRECORD
  5
100006E4
102
{ACAD_REACTORS
330
100006E2
102
}
330
100006E2
100
AcDbXrecord
1000
JPD
  0
XRECORD
  5
100006E9
102
{ACAD_REACTORS
330
100006E6
102
}
330
100006E6
100
AcDbXrecord
 40
0.0005
  0
XRECORD
  5
100006E7
102
{ACAD_REACTORS
330
100006E6
102
}
330
100006E6
100
AcDbXrecord
1000
LPtaB
  0
XRECORD
  5
100006E8
102
{ACAD_REACTORS
330
100006E6
102
}
330
100006E6
100
AcDbXrecord
1000
JPK
  0
XRECORD
  5
100006EA
102
{ACAD_REACTORS
330
100006E6
102
}
330
100006E6
100
AcDbXrecord
1000
JPD
  0
XRECORD
  5
100006ED
102
{ACAD_REACTORS
330
100006EC
102
}
330
100006EC
100
AcDbXrecord
1000
LP9ZB
  0
XRECORD
  5
100006EE
102
{ACAD_REACTORS
330
100006EC
102
}
330
100006EC
100
AcDbXrecord
1000
JPD
  0
XRECORD
  5
100006F3
102
{ACAD_REACTORS
330
100006F0
102
}
330
100006F0
100
AcDbXrecord
 40
0.0005
  0
XRECORD
  5
100006F1
102
{ACAD_REACTORS
330
100006F0
102
}
330
100006F0
100
AcDbXrecord
1000
LPlaB
  0
XRECORD
  5
100006F2
102
{ACAD_REACTORS
330
100006F0
102
}
330
100006F0
100
AcDbXrecord
1000
JPK
  0
XRECORD
  5
100006F4
102
{ACAD_REACTORS
330
100006F0
102
}
330
100006F0
100
AcDbXrecord
1000
JPD
  0
XRECORD
  5
100006F7
102
{ACAD_REACTORS
330
100006F6
102
}
330
100006F6
100
AcDbXrecord
1000
LPFaB
  0
XRECORD
  5
100006F8
102
{ACAD_REACTORS
330
100006F6
102
}
330
100006F6
100
AcDbXrecord
1000
JPD
  0
XRECORD
  5
100006FD
102
{ACAD_REACTORS
330
100006FA
102
}
330
100006FA
100
AcDbXrecord
 40
0.0005
  0
XRECORD
  5
100006FB
102
{ACAD_REACTORS
330
100006FA
102
}
330
100006FA
100
AcDbXrecord
1000
LPVbB
  0
XRECORD
  5
100006FC
102
{ACAD_REACTORS
330
100006FA
102
}
330
100006FA
100
AcDbXrecord
1000
JPK
  0
XRECORD
  5
100006FE
102
{ACAD_REACTORS
330
100006FA
102
}
330
100006FA
100
AcDbXrecord
1000
JPD
  0
XRECORD
  5
10000701
102
{ACAD_REACTORS
330
10000700
102
}
330
10000700
100
AcDbXrecord
1000
LP1aB
  0
XRECORD
  5
10000702
102
{ACAD_REACTORS
330
10000700
102
}
330
10000700
100
AcDbXrecord
1000
JPD
  0
XRECORD
  5
10000707
102
{ACAD_REACTORS
330
10000704
102
}
330
10000704
100
AcDbXrecord
 40
0.0005
  0
XRECORD
  5
10000705
102
{ACAD_REACTORS
330
10000704
102
}
330
10000704
100
AcDbXrecord
1000
LPdbB
  0
XRECORD
  5
10000706
102
{ACAD_REACTORS
330
10000704
102
}
330
10000704
100
AcDbXrecord
1000
JPK
  0
XRECORD
  5
10000708
102
{ACAD_REACTORS
330
10000704
102
}
330
10000704
100
AcDbXrecord
1000
JPD
  0
XRECORD
  5
1000070B
102
{ACAD_REACTORS
330
1000070A
102
}
330
1000070A
100
AcDbXrecord
1000
LPNbB
  0
XRECORD
  5
1000070C
102
{ACAD_REACTORS
330
1000070A
102
}
330
1000070A
100
AcDbXrecord
1000
JPD
  0
XRECORD
  5
10000711
102
{ACAD_REACTORS
330
1000070E
102
}
330
1000070E
100
AcDbXrecord
 40
0.0005
  0
XRECORD
  5
1000070F
102
{ACAD_REACTORS
330
1000070E
102
}
330
1000070E
100
AcDbXrecord
1000
LPtbB
  0
XRECORD
  5
10000710
102
{ACAD_REACTORS
330
1000070E
102
}
330
1000070E
100
AcDbXrecord
1000
JPK
  0
XRECORD
  5
10000712
102
{ACAD_REACTORS
330
1000070E
102
}
330
1000070E
100
AcDbXrecord
1000
JPD
  0
XRECORD
  5
10000715
102
{ACAD_REACTORS
330
10000714
102
}
330
10000714
100
AcDbXrecord
1000
LP9aB
  0
XRECORD
  5
10000716
102
{ACAD_REACTORS
330
10000714
102
}
330
10000714
100
AcDbXrecord
1000
JPD
  0
XRECORD
  5
1000071B
102
{ACAD_REACTORS
330
10000718
102
}
330
10000718
100
AcDbXrecord
 40
0.0005
  0
XRECORD
  5
10000719
102
{ACAD_REACTORS
330
10000718
102
}
330
10000718
100
AcDbXrecord
1000
LPlbB
  0
XRECORD
  5
1000071A
102
{ACAD_REACTORS
330
10000718
102
}
330
10000718
100
AcDbXrecord
1000
JPK
  0
XRECORD
  5
1000071C
102
{ACAD_REACTORS
330
10000718
102
}
330
10000718
100
AcDbXrecord
1000
JPD
  0
XRECORD
  5
1000071F
102
{ACAD_REACTORS
330
1000071E
102
}
330
1000071E
100
AcDbXrecord
1000
LPFbB
  0
XRECORD
  5
10000720
102
{ACAD_REACTORS
330
1000071E
102
}
330
1000071E
100
AcDbXrecord
1000
JPD
  0
XRECORD
  5
10000725
102
{ACAD_REACTORS
330
10000722
102
}
330
10000722
100
AcDbXrecord
 40
0.0005
  0
XRECORD
  5
10000723
102
{ACAD_REACTORS
330
10000722
102
}
330
10000722
100
AcDbXrecord
1000
LPVcB
  0
XRECORD
  5
10000724
102
{ACAD_REACTORS
330
10000722
102
}
330
10000722
100
AcDbXrecord
1000
JPK
  0
XRECORD
  5
10000726
102
{ACAD_REACTORS
330
10000722
102
}
330
10000722
100
AcDbXrecord
1000
JPD
  0
XRECORD
  5
10000729
102
{ACAD_REACTORS
330
10000728
102
}
330
10000728
100
AcDbXrecord
1000
LP1bB
  0
XRECORD
  5
1000072A
102
{ACAD_REACTORS
330
10000728
102
}
330
10000728
100
AcDbXrecord
1000
JPD
  0
XRECORD
  5
1000072F
102
{ACAD_REACTORS
330
1000072C
102
}
330
1000072C
100
AcDbXrecord
 40
0.0005
  0
XRECORD
  5
1000072D
102
{ACAD_REACTORS
330
1000072C
102
}
330
1000072C
100
AcDbXrecord
1000
LPdcB
  0
XRECORD
  5
1000072E
102
{ACAD_REACTORS
330
1000072C
102
}
330
1000072C
100
AcDbXrecord
1000
JPK
  0
XRECORD
  5
10000730
102
{ACAD_REACTORS
330
1000072C
102
}
330
1000072C
100
AcDbXrecord
1000
JPD
  0
XRECORD
  5
10000733
102
{ACAD_REACTORS
330
10000732
102
}
330
10000732
100
AcDbXrecord
1000
LPNcB
  0
XRECORD
  5
10000734
102
{ACAD_REACTORS
330
10000732
102
}
330
10000732
100
AcDbXrecord
1000
JPD
  0
XRECORD
  5
10000739
102
{ACAD_REACTORS
330
10000736
102
}
330
10000736
100
AcDbXrecord
 40
0.0005
  0
XRECORD
  5
10000737
102
{ACAD_REACTORS
330
10000736
102
}
330
10000736
100
AcDbXrecord
1000
LPtcB
  0
XRECORD
  5
10000738
102
{ACAD_REACTORS
330
10000736
102
}
330
10000736
100
AcDbXrecord
1000
JPK
  0
XRECORD
  5
1000073A
102
{ACAD_REACTORS
330
10000736
102
}
330
10000736
100
AcDbXrecord
1000
JPD
  0
XRECORD
  5
1000073D
102
{ACAD_REACTORS
330
1000073C
102
}
330
1000073C
100
AcDbXrecord
1000
LP9bB
  0
XRECORD
  5
1000073E
102
{ACAD_REACTORS
330
1000073C
102
}
330
1000073C
100
AcDbXrecord
1000
JPD
  0
XRECORD
  5
10000743
102
{ACAD_REACTORS
330
10000740
102
}
330
10000740
100
AcDbXrecord
 40
0.0005
  0
XRECORD
  5
10000741
102
{ACAD_REACTORS
330
10000740
102
}
330
10000740
100
AcDbXrecord
1000
LPlcB
  0
XRECORD
  5
10000742
102
{ACAD_REACTORS
330
10000740
102
}
330
10000740
100
AcDbXrecord
1000
JPK
  0
XRECORD
  5
10000744
102
{ACAD_REACTORS
330
10000740
102
}
330
10000740
100
AcDbXrecord
1000
JPD
  0
XRECORD
  5
10000747
102
{ACAD_REACTORS
330
10000746
102
}
330
10000746
100
AcDbXrecord
1000
LPFcB
  0
XRECORD
  5
10000748
102
{ACAD_REACTORS
330
10000746
102
}
330
10000746
100
AcDbXrecord
1000
JPD
  0
XRECORD
  5
1000074D
102
{ACAD_REACTORS
330
1000074A
102
}
330
1000074A
100
AcDbXrecord
 40
0.0005
  0
XRECORD
  5
1000074B
102
{ACAD_REACTORS
330
1000074A
102
}
330
1000074A
100
AcDbXrecord
1000
LPVdB
  0
XRECORD
  5
1000074C
102
{ACAD_REACTORS
330
1000074A
102
}
330
1000074A
100
AcDbXrecord
1000
JPK
  0
XRECORD
  5
1000074E
102
{ACAD_REACTORS
330
1000074A
102
}
330
1000074A
100
AcDbXrecord
1000
JPD
  0
XRECORD
  5
10000751
102
{ACAD_REACTORS
330
10000750
102
}
330
10000750
100
AcDbXrecord
1000
LP1cB
  0
XRECORD
  5
10000752
102
{ACAD_REACTORS
330
10000750
102
}
330
10000750
100
AcDbXrecord
1000
JPD
  0
XRECORD
  5
10000757
102
{ACAD_REACTORS
330
10000754
102
}
330
10000754
100
AcDbXrecord
 40
0.0005
  0
XRECORD
  5
10000755
102
{ACAD_REACTORS
330
10000754
102
}
330
10000754
100
AcDbXrecord
1000
LPddB
  0
XRECORD
  5
10000756
102
{ACAD_REACTORS
330
10000754
102
}
330
10000754
100
AcDbXrecord
1000
JPK
  0
XRECORD
  5
10000758
102
{ACAD_REACTORS
330
10000754
102
}
330
10000754
100
AcDbXrecord
1000
JPD
  0
XRECORD
  5
1000075B
102
{ACAD_REACTORS
330
1000075A
102
}
330
1000075A
100
AcDbXrecord
1000
LPNdB
  0
XRECORD
  5
1000075C
102
{ACAD_REACTORS
330
1000075A
102
}
330
1000075A
100
AcDbXrecord
1000
JPD
  0
XRECORD
  5
10000761
102
{ACAD_REACTORS
330
1000075E
102
}
330
1000075E
100
AcDbXrecord
 40
0.0005
  0
XRECORD
  5
1000075F
102
{ACAD_REACTORS
330
1000075E
102
}
330
1000075E
100
AcDbXrecord
1000
LPtdB
  0
XRECORD
  5
10000760
102
{ACAD_REACTORS
330
1000075E
102
}
330
1000075E
100
AcDbXrecord
1000
JPK
  0
XRECORD
  5
10000762
102
{ACAD_REACTORS
330
1000075E
102
}
330
1000075E
100
AcDbXrecord
1000
JPD
  0
XRECORD
  5
10000765
102
{ACAD_REACTORS
330
10000764
102
}
330
10000764
100
AcDbXrecord
1000
LP9cB
  0
XRECORD
  5
10000766
102
{ACAD_REACTORS
330
10000764
102
}
330
10000764
100
AcDbXrecord
1000
JPD
  0
XRECORD
  5
1000076B
102
{ACAD_REACTORS
330
10000768
102
}
330
10000768
100
AcDbXrecord
 40
0.0005
  0
XRECORD
  5
10000769
102
{ACAD_REACTORS
330
10000768
102
}
330
10000768
100
AcDbXrecord
1000
LPldB
  0
XRECORD
  5
1000076A
102
{ACAD_REACTORS
330
10000768
102
}
330
10000768
100
AcDbXrecord
1000
JPK
  0
XRECORD
  5
1000076C
102
{ACAD_REACTORS
330
10000768
102
}
330
10000768
100
AcDbXrecord
1000
JPD
  0
XRECORD
  5
1000076F
102
{ACAD_REACTORS
330
1000076E
102
}
330
1000076E
100
AcDbXrecord
1000
LPFdB
  0
XRECORD
  5
10000770
102
{ACAD_REACTORS
330
1000076E
102
}
330
1000076E
100
AcDbXrecord
1000
JPD
  0
XRECORD
  5
10000775
102
{ACAD_REACTORS
330
10000772
102
}
330
10000772
100
AcDbXrecord
 40
0.0005
  0
XRECORD
  5
10000773
102
{ACAD_REACTORS
330
10000772
102
}
330
10000772
100
AcDbXrecord
1000
LPVeB
  0
XRECORD
  5
10000774
102
{ACAD_REACTORS
330
10000772
102
}
330
10000772
100
AcDbXrecord
1000
JPK
  0
XRECORD
  5
10000776
102
{ACAD_REACTORS
330
10000772
102
}
330
10000772
100
AcDbXrecord
1000
JPD
  0
XRECORD
  5
10000779
102
{ACAD_REACTORS
330
10000778
102
}
330
10000778
100
AcDbXrecord
1000
LP1dB
  0
XRECORD
  5
1000077A
102
{ACAD_REACTORS
330
10000778
102
}
330
10000778
100
AcDbXrecord
1000
JPD
  0
XRECORD
  5
1000077F
102
{ACAD_REACTORS
330
1000077C
102
}
330
1000077C
100
AcDbXrecord
 40
0.0005
  0
XRECORD
  5
1000077D
102
{ACAD_REACTORS
330
1000077C
102
}
330
1000077C
100
AcDbXrecord
1000
LPdeB
  0
XRECORD
  5
1000077E
102
{ACAD_REACTORS
330
1000077C
102
}
330
1000077C
100
AcDbXrecord
1000
JPK
  0
XRECORD
  5
10000780
102
{ACAD_REACTORS
330
1000077C
102
}
330
1000077C
100
AcDbXrecord
1000
JPD
  0
XRECORD
  5
10000783
102
{ACAD_REACTORS
330
10000782
102
}
330
10000782
100
AcDbXrecord
1000
LPNeB
  0
XRECORD
  5
10000784
102
{ACAD_REACTORS
330
10000782
102
}
330
10000782
100
AcDbXrecord
1000
JPD
  0
XRECORD
  5
10000789
102
{ACAD_REACTORS
330
10000786
102
}
330
10000786
100
AcDbXrecord
 40
0.0005
  0
XRECORD
  5
10000787
102
{ACAD_REACTORS
330
10000786
102
}
330
10000786
100
AcDbXrecord
1000
LPteB
  0
XRECORD
  5
10000788
102
{ACAD_REACTORS
330
10000786
102
}
330
10000786
100
AcDbXrecord
1000
JPK
  0
XRECORD
  5
1000078A
102
{ACAD_REACTORS
330
10000786
102
}
330
10000786
100
AcDbXrecord
1000
JPD
  0
XRECORD
  5
1000078D
102
{ACAD_REACTORS
330
1000078C
102
}
330
1000078C
100
AcDbXrecord
1000
LP9dB
  0
XRECORD
  5
1000078E
102
{ACAD_REACTORS
330
1000078C
102
}
330
1000078C
100
AcDbXrecord
1000
JPD
  0
XRECORD
  5
10000793
102
{ACAD_REACTORS
330
10000790
102
}
330
10000790
100
AcDbXrecord
 40
0.0005
  0
XRECORD
  5
10000791
102
{ACAD_REACTORS
330
10000790
102
}
330
10000790
100
AcDbXrecord
1000
LPleB
  0
XRECORD
  5
10000792
102
{ACAD_REACTORS
330
10000790
102
}
330
10000790
100
AcDbXrecord
1000
JPK
  0
XRECORD
  5
10000794
102
{ACAD_REACTORS
330
10000790
102
}
330
10000790
100
AcDbXrecord
1000
JPD
  0
XRECORD
  5
10000797
102
{ACAD_REACTORS
330
10000796
102
}
330
10000796
100
AcDbXrecord
1000
LPFeB
  0
XRECORD
  5
10000798
102
{ACAD_REACTORS
330
10000796
102
}
330
10000796
100
AcDbXrecord
1000
JPD
  0
XRECORD
  5
1000079D
102
{ACAD_REACTORS
330
1000079A
102
}
330
1000079A
100
AcDbXrecord
 40
0.0005
  0
XRECORD
  5
1000079B
102
{ACAD_REACTORS
330
1000079A
102
}
330
1000079A
100
AcDbXrecord
1000
LPVfB
  0
XRECORD
  5
1000079C
102
{ACAD_REACTORS
330
1000079A
102
}
330
1000079A
100
AcDbXrecord
1000
JPK
  0
XRECORD
  5
1000079E
102
{ACAD_REACTORS
330
1000079A
102
}
330
1000079A
100
AcDbXrecord
1000
JPD
  0
XRECORD
  5
100007A1
102
{ACAD_REACTORS
330
100007A0
102
}
330
100007A0
100
AcDbXrecord
1000
LP1eB
  0
XRECORD
  5
100007A2
102
{ACAD_REACTORS
330
100007A0
102
}
330
100007A0
100
AcDbXrecord
1000
JPD
  0
XRECORD
  5
100007A7
102
{ACAD_REACTORS
330
100007A4
102
}
330
100007A4
100
AcDbXrecord
 40
0.0005
  0
XRECORD
  5
100007A5
102
{ACAD_REACTORS
330
100007A4
102
}
330
100007A4
100
AcDbXrecord
1000
LPdfB
  0
XRECORD
  5
100007A6
102
{ACAD_REACTORS
330
100007A4
102
}
330
100007A4
100
AcDbXrecord
1000
JPK
  0
XRECORD
  5
100007A8
102
{ACAD_REACTORS
330
100007A4
102
}
330
100007A4
100
AcDbXrecord
1000
JPD
  0
XRECORD
  5
100007AB
102
{ACAD_REACTORS
330
100007AA
102
}
330
100007AA
100
AcDbXrecord
1000
LPNfB
  0
XRECORD
  5
100007AC
102
{ACAD_REACTORS
330
100007AA
102
}
330
100007AA
100
AcDbXrecord
1000
JPD
  0
XRECORD
  5
100007B1
102
{ACAD_REACTORS
330
100007AE
102
}
330
100007AE
100
AcDbXrecord
 40
0.0005
  0
XRECORD
  5
100007AF
102
{ACAD_REACTORS
330
100007AE
102
}
330
100007AE
100
AcDbXrecord
1000
LPtfB
  0
XRECORD
  5
100007B0
102
{ACAD_REACTORS
330
100007AE
102
}
330
100007AE
100
AcDbXrecord
1000
JPK
  0
XRECORD
  5
100007B2
102
{ACAD_REACTORS
330
100007AE
102
}
330
100007AE
100
AcDbXrecord
1000
JPD
  0
XRECORD
  5
100007B5
102
{ACAD_REACTORS
330
100007B4
102
}
330
100007B4
100
AcDbXrecord
1000
LP9eB
  0
XRECORD
  5
100007B6
102
{ACAD_REACTORS
330
100007B4
102
}
330
100007B4
100
AcDbXrecord
1000
JPD
  0
XRECORD
  5
100007BB
102
{ACAD_REACTORS
330
100007B8
102
}
330
100007B8
100
AcDbXrecord
 40
0.0005
  0
XRECORD
  5
100007B9
102
{ACAD_REACTORS
330
100007B8
102
}
330
100007B8
100
AcDbXrecord
1000
LPlfB
  0
XRECORD
  5
100007BA
102
{ACAD_REACTORS
330
100007B8
102
}
330
100007B8
100
AcDbXrecord
1000
JPK
  0
XRECORD
  5
100007BC
102
{ACAD_REACTORS
330
100007B8
102
}
330
100007B8
100
AcDbXrecord
1000
JPD
  0
XRECORD
  5
100007BF
102
{ACAD_REACTORS
330
100007BE
102
}
330
100007BE
100
AcDbXrecord
1000
LPFfB
  0
XRECORD
  5
100007C0
102
{ACAD_REACTORS
330
100007BE
102
}
330
100007BE
100
AcDbXrecord
1000
JPD
  0
XRECORD
  5
100007C5
102
{ACAD_REACTORS
330
100007C2
102
}
330
100007C2
100
AcDbXrecord
 40
0.0005
  0
XRECORD
  5
100007C3
102
{ACAD_REACTORS
330
100007C2
102
}
330
100007C2
100
AcDbXrecord
1000
LPVgB
  0
XRECORD
  5
100007C4
102
{ACAD_REACTORS
330
100007C2
102
}
330
100007C2
100
AcDbXrecord
1000
JPK
  0
XRECORD
  5
100007C6
102
{ACAD_REACTORS
330
100007C2
102
}
330
100007C2
100
AcDbXrecord
1000
JPD
  0
XRECORD
  5
100007C9
102
{ACAD_REACTORS
330
100007C8
102
}
330
100007C8
100
AcDbXrecord
1000
LP1fB
  0
XRECORD
  5
100007CA
102
{ACAD_REACTORS
330
100007C8
102
}
330
100007C8
100
AcDbXrecord
1000
JPD
  0
XRECORD
  5
100007CF
102
{ACAD_REACTORS
330
100007CC
102
}
330
100007CC
100
AcDbXrecord
 40
0.0005
  0
XRECORD
  5
100007CD
102
{ACAD_REACTORS
330
100007CC
102
}
330
100007CC
100
AcDbXrecord
1000
LPdgB
  0
XRECORD
  5
100007CE
102
{ACAD_REACTORS
330
100007CC
102
}
330
100007CC
100
AcDbXrecord
1000
JPK
  0
XRECORD
  5
100007D0
102
{ACAD_REACTORS
330
100007CC
102
}
330
100007CC
100
AcDbXrecord
1000
JPD
  0
XRECORD
  5
100007D3
102
{ACAD_REACTORS
330
100007D2
102
}
330
100007D2
100
AcDbXrecord
1000
LPNgB
  0
XRECORD
  5
100007D4
102
{ACAD_REACTORS
330
100007D2
102
}
330
100007D2
100
AcDbXrecord
1000
JPD
  0
XRECORD
  5
100007D9
102
{ACAD_REACTORS
330
100007D6
102
}
330
100007D6
100
AcDbXrecord
 40
0.0005
  0
XRECORD
  5
100007D7
102
{ACAD_REACTORS
330
100007D6
102
}
330
100007D6
100
AcDbXrecord
1000
LPtgB
  0
XRECORD
  5
100007D8
102
{ACAD_REACTORS
330
100007D6
102
}
330
100007D6
100
AcDbXrecord
1000
JPK
  0
XRECORD
  5
100007DA
102
{ACAD_REACTORS
330
100007D6
102
}
330
100007D6
100
AcDbXrecord
1000
JPD
  0
XRECORD
  5
100007DD
102
{ACAD_REACTORS
330
100007DC
102
}
330
100007DC
100
AcDbXrecord
1000
LP9fB
  0
XRECORD
  5
100007DE
102
{ACAD_REACTORS
330
100007DC
102
}
330
100007DC
100
AcDbXrecord
1000
JPD
  0
XRECORD
  5
100007E3
102
{ACAD_REACTORS
330
100007E0
102
}
330
100007E0
100
AcDbXrecord
 40
0.0005
  0
XRECORD
  5
100007E1
102
{ACAD_REACTORS
330
100007E0
102
}
330
100007E0
100
AcDbXrecord
1000
LPlgB
  0
XRECORD
  5
100007E2
102
{ACAD_REACTORS
330
100007E0
102
}
330
100007E0
100
AcDbXrecord
1000
JPK
  0
XRECORD
  5
100007E4
102
{ACAD_REACTORS
330
100007E0
102
}
330
100007E0
100
AcDbXrecord
1000
JPD
  0
XRECORD
  5
100007E7
102
{ACAD_REACTORS
330
100007E6
102
}
330
100007E6
100
AcDbXrecord
1000
LPFgB
  0
XRECORD
  5
100007E8
102
{ACAD_REACTORS
330
100007E6
102
}
330
100007E6
100
AcDbXrecord
1000
JPD
  0
XRECORD
  5
100007ED
102
{ACAD_REACTORS
330
100007EA
102
}
330
100007EA
100
AcDbXrecord
 40
0.0005
  0
XRECORD
  5
100007EB
102
{ACAD_REACTORS
330
100007EA
102
}
330
100007EA
100
AcDbXrecord
1000
LPVhB
  0
XRECORD
  5
100007EC
102
{ACAD_REACTORS
330
100007EA
102
}
330
100007EA
100
AcDbXrecord
1000
JPK
  0
XRECORD
  5
100007EE
102
{ACAD_REACTORS
330
100007EA
102
}
330
100007EA
100
AcDbXrecord
1000
JPD
  0
XRECORD
  5
100007F1
102
{ACAD_REACTORS
330
100007F0
102
}
330
100007F0
100
AcDbXrecord
1000
LP1gB
  0
XRECORD
  5
100007F2
102
{ACAD_REACTORS
330
100007F0
102
}
330
100007F0
100
AcDbXrecord
1000
JPD
  0
XRECORD
  5
100007F7
102
{ACAD_REACTORS
330
100007F4
102
}
330
100007F4
100
AcDbXrecord
 40
0.0005
  0
XRECORD
  5
100007F5
102
{ACAD_REACTORS
330
100007F4
102
}
330
100007F4
100
AcDbXrecord
1000
LPdhB
  0
XRECORD
  5
100007F6
102
{ACAD_REACTORS
330
100007F4
102
}
330
100007F4
100
AcDbXrecord
1000
JPK
  0
XRECORD
  5
100007F8
102
{ACAD_REACTORS
330
100007F4
102
}
330
100007F4
100
AcDbXrecord
1000
JPD
  0
XRECORD
  5
100007FB
102
{ACAD_REACTORS
330
100007FA
102
}
330
100007FA
100
AcDbXrecord
1000
LPNhB
  0
XRECORD
  5
100007FC
102
{ACAD_REACTORS
330
100007FA
102
}
330
100007FA
100
AcDbXrecord
1000
JPD
  0
XRECORD
  5
10000801
102
{ACAD_REACTORS
330
100007FE
102
}
330
100007FE
100
AcDbXrecord
 40
0.0005
  0
XRECORD
  5
100007FF
102
{ACAD_REACTORS
330
100007FE
102
}
330
100007FE
100
AcDbXrecord
1000
LPthB
  0
XRECORD
  5
10000800
102
{ACAD_REACTORS
330
100007FE
102
}
330
100007FE
100
AcDbXrecord
1000
JPK
  0
XRECORD
  5
10000802
102
{ACAD_REACTORS
330
100007FE
102
}
330
100007FE
100
AcDbXrecord
1000
JPD
  0
XRECORD
  5
10000805
102
{ACAD_REACTORS
330
10000804
102
}
330
10000804
100
AcDbXrecord
1000
LP9gB
  0
XRECORD
  5
10000806
102
{ACAD_REACTORS
330
10000804
102
}
330
10000804
100
AcDbXrecord
1000
JPD
  0
XRECORD
  5
1000080B
102
{ACAD_REACTORS
330
10000808
102
}
330
10000808
100
AcDbXrecord
 40
0.0005
  0
XRECORD
  5
10000809
102
{ACAD_REACTORS
330
10000808
102
}
330
10000808
100
AcDbXrecord
1000
LPlhB
  0
XRECORD
  5
1000080A
102
{ACAD_REACTORS
330
10000808
102
}
330
10000808
100
AcDbXrecord
1000
JPK
  0
XRECORD
  5
1000080C
102
{ACAD_REACTORS
330
10000808
102
}
330
10000808
100
AcDbXrecord
1000
JPD
  0
XRECORD
  5
1000080F
102
{ACAD_REACTORS
330
1000080E
102
}
330
1000080E
100
AcDbXrecord
1000
LPFhB
  0
XRECORD
  5
10000810
102
{ACAD_REACTORS
330
1000080E
102
}
330
1000080E
100
AcDbXrecord
1000
JPD
  0
XRECORD
  5
10000815
102
{ACAD_REACTORS
330
10000812
102
}
330
10000812
100
AcDbXrecord
 40
0.0005
  0
XRECORD
  5
10000813
102
{ACAD_REACTORS
330
10000812
102
}
330
10000812
100
AcDbXrecord
1000
LPViB
  0
XRECORD
  5
10000814
102
{ACAD_REACTORS
330
10000812
102
}
330
10000812
100
AcDbXrecord
1000
JPK
  0
XRECORD
  5
10000816
102
{ACAD_REACTORS
330
10000812
102
}
330
10000812
100
AcDbXrecord
1000
JPD
  0
XRECORD
  5
10000819
102
{ACAD_REACTORS
330
10000818
102
}
330
10000818
100
AcDbXrecord
1000
LP1hB
  0
XRECORD
  5
1000081A
102
{ACAD_REACTORS
330
10000818
102
}
330
10000818
100
AcDbXrecord
1000
JPD
  0
XRECORD
  5
1000081F
102
{ACAD_REACTORS
330
1000081C
102
}
330
1000081C
100
AcDbXrecord
 40
0.0005
  0
XRECORD
  5
1000081D
102
{ACAD_REACTORS
330
1000081C
102
}
330
1000081C
100
AcDbXrecord
1000
LPdiB
  0
XRECORD
  5
1000081E
102
{ACAD_REACTORS
330
1000081C
102
}
330
1000081C
100
AcDbXrecord
1000
JPK
  0
XRECORD
  5
10000820
102
{ACAD_REACTORS
330
1000081C
102
}
330
1000081C
100
AcDbXrecord
1000
JPD
  0
XRECORD
  5
10000823
102
{ACAD_REACTORS
330
10000822
102
}
330
10000822
100
AcDbXrecord
1000
LPNiB
  0
XRECORD
  5
10000824
102
{ACAD_REACTORS
330
10000822
102
}
330
10000822
100
AcDbXrecord
1000
JPD
  0
XRECORD
  5
10000829
102
{ACAD_REACTORS
330
10000826
102
}
330
10000826
100
AcDbXrecord
 40
0.0005
  0
XRECORD
  5
10000827
102
{ACAD_REACTORS
330
10000826
102
}
330
10000826
100
AcDbXrecord
1000
LPtiB
  0
XRECORD
  5
10000828
102
{ACAD_REACTORS
330
10000826
102
}
330
10000826
100
AcDbXrecord
1000
JPK
  0
XRECORD
  5
1000082A
102
{ACAD_REACTORS
330
10000826
102
}
330
10000826
100
AcDbXrecord
1000
JPD
  0
XRECORD
  5
1000082D
102
{ACAD_REACTORS
330
1000082C
102
}
330
1000082C
100
AcDbXrecord
1000
LP9hB
  0
XRECORD
  5
1000082E
102
{ACAD_REACTORS
330
1000082C
102
}
330
1000082C
100
AcDbXrecord
1000
JPD
  0
XRECORD
  5
10000833
102
{ACAD_REACTORS
330
10000830
102
}
330
10000830
100
AcDbXrecord
 40
0.0005
  0
XRECORD
  5
10000831
102
{ACAD_REACTORS
330
10000830
102
}
330
10000830
100
AcDbXrecord
1000
LPliB
  0
XRECORD
  5
10000832
102
{ACAD_REACTORS
330
10000830
102
}
330
10000830
100
AcDbXrecord
1000
JPK
  0
XRECORD
  5
10000834
102
{ACAD_REACTORS
330
10000830
102
}
330
10000830
100
AcDbXrecord
1000
JPD
  0
XRECORD
  5
10000837
102
{ACAD_REACTORS
330
10000836
102
}
330
10000836
100
AcDbXrecord
1000
LPFiB
  0
XRECORD
  5
10000838
102
{ACAD_REACTORS
330
10000836
102
}
330
10000836
100
AcDbXrecord
1000
JPD
  0
XRECORD
  5
1000083D
102
{ACAD_REACTORS
330
1000083A
102
}
330
1000083A
100
AcDbXrecord
 40
0.0005
  0
XRECORD
  5
1000083B
102
{ACAD_REACTORS
330
1000083A
102
}
330
1000083A
100
AcDbXrecord
1000
LPVjB
  0
XRECORD
  5
1000083C
102
{ACAD_REACTORS
330
1000083A
102
}
330
1000083A
100
AcDbXrecord
1000
JPK
  0
XRECORD
  5
1000083E
102
{ACAD_REACTORS
330
1000083A
102
}
330
1000083A
100
AcDbXrecord
1000
JPD
  0
XRECORD
  5
10000841
102
{ACAD_REACTORS
330
10000840
102
}
330
10000840
100
AcDbXrecord
1000
LP1iB
  0
XRECORD
  5
10000842
102
{ACAD_REACTORS
330
10000840
102
}
330
10000840
100
AcDbXrecord
1000
JPD
  0
XRECORD
  5
10000847
102
{ACAD_REACTORS
330
10000844
102
}
330
10000844
100
AcDbXrecord
 40
0.0005
  0
XRECORD
  5
10000845
102
{ACAD_REACTORS
330
10000844
102
}
330
10000844
100
AcDbXrecord
1000
LPdjB
  0
XRECORD
  5
10000846
102
{ACAD_REACTORS
330
10000844
102
}
330
10000844
100
AcDbXrecord
1000
JPK
  0
XRECORD
  5
10000848
102
{ACAD_REACTORS
330
10000844
102
}
330
10000844
100
AcDbXrecord
1000
JPD
  0
XRECORD
  5
1000084B
102
{ACAD_REACTORS
330
1000084A
102
}
330
1000084A
100
AcDbXrecord
1000
LPNjB
  0
XRECORD
  5
1000084C
102
{ACAD_REACTORS
330
1000084A
102
}
330
1000084A
100
AcDbXrecord
1000
JPD
  0
XRECORD
  5
10000851
102
{ACAD_REACTORS
330
1000084E
102
}
330
1000084E
100
AcDbXrecord
 40
0.0005
  0
XRECORD
  5
1000084F
102
{ACAD_REACTORS
330
1000084E
102
}
330
1000084E
100
AcDbXrecord
1000
LPtjB
  0
XRECORD
  5
10000850
102
{ACAD_REACTORS
330
1000084E
102
}
330
1000084E
100
AcDbXrecord
1000
JPK
  0
XRECORD
  5
10000852
102
{ACAD_REACTORS
330
1000084E
102
}
330
1000084E
100
AcDbXrecord
1000
JPD
  0
XRECORD
  5
10000855
102
{ACAD_REACTORS
330
10000854
102
}
330
10000854
100
AcDbXrecord
1000
LP9iB
  0
XRECORD
  5
10000856
102
{ACAD_REACTORS
330
10000854
102
}
330
10000854
100
AcDbXrecord
1000
JPD
  0
XRECORD
  5
1000085B
102
{ACAD_REACTORS
330
10000858
102
}
330
10000858
100
AcDbXrecord
 40
0.0005
  0
XRECORD
  5
10000859
102
{ACAD_REACTORS
330
10000858
102
}
330
10000858
100
AcDbXrecord
1000
LPljB
  0
XRECORD
  5
1000085A
102
{ACAD_REACTORS
330
10000858
102
}
330
10000858
100
AcDbXrecord
1000
JPK
  0
XRECORD
  5
1000085C
102
{ACAD_REACTORS
330
10000858
102
}
330
10000858
100
AcDbXrecord
1000
JPD
  0
XRECORD
  5
1000085F
102
{ACAD_REACTORS
330
1000085E
102
}
330
1000085E
100
AcDbXrecord
1000
LPFjB
  0
XRECORD
  5
10000860
102
{ACAD_REACTORS
330
1000085E
102
}
330
1000085E
100
AcDbXrecord
1000
JPD
  0
XRECORD
  5
10000865
102
{ACAD_REACTORS
330
10000862
102
}
330
10000862
100
AcDbXrecord
 40
0.0005
  0
XRECORD
  5
10000863
102
{ACAD_REACTORS
330
10000862
102
}
330
10000862
100
AcDbXrecord
1000
LPVkB
  0
XRECORD
  5
10000864
102
{ACAD_REACTORS
330
10000862
102
}
330
10000862
100
AcDbXrecord
1000
JPK
  0
XRECORD
  5
10000866
102
{ACAD_REACTORS
330
10000862
102
}
330
10000862
100
AcDbXrecord
1000
JPD
  0
XRECORD
  5
10000869
102
{ACAD_REACTORS
330
10000868
102
}
330
10000868
100
AcDbXrecord
1000
LP1jB
  0
XRECORD
  5
1000086A
102
{ACAD_REACTORS
330
10000868
102
}
330
10000868
100
AcDbXrecord
1000
JPD
  0
XRECORD
  5
1000086F
102
{ACAD_REACTORS
330
1000086C
102
}
330
1000086C
100
AcDbXrecord
 40
0.0005
  0
XRECORD
  5
1000086D
102
{ACAD_REACTORS
330
1000086C
102
}
330
1000086C
100
AcDbXrecord
1000
LPdkB
  0
XRECORD
  5
1000086E
102
{ACAD_REACTORS
330
1000086C
102
}
330
1000086C
100
AcDbXrecord
1000
JPK
  0
XRECORD
  5
10000870
102
{ACAD_REACTORS
330
1000086C
102
}
330
1000086C
100
AcDbXrecord
1000
JPD
  0
XRECORD
  5
10000873
102
{ACAD_REACTORS
330
10000872
102
}
330
10000872
100
AcDbXrecord
1000
LPNkB
  0
XRECORD
  5
10000874
102
{ACAD_REACTORS
330
10000872
102
}
330
10000872
100
AcDbXrecord
1000
JPD
  0
XRECORD
  5
10000879
102
{ACAD_REACTORS
330
10000876
102
}
330
10000876
100
AcDbXrecord
 40
0.0005
  0
XRECORD
  5
10000877
102
{ACAD_REACTORS
330
10000876
102
}
330
10000876
100
AcDbXrecord
1000
LPtkB
  0
XRECORD
  5
10000878
102
{ACAD_REACTORS
330
10000876
102
}
330
10000876
100
AcDbXrecord
1000
JPK
  0
XRECORD
  5
1000087A
102
{ACAD_REACTORS
330
10000876
102
}
330
10000876
100
AcDbXrecord
1000
JPD
  0
XRECORD
  5
1000087D
102
{ACAD_REACTORS
330
1000087C
102
}
330
1000087C
100
AcDbXrecord
1000
LP9jB
  0
XRECORD
  5
1000087E
102
{ACAD_REACTORS
330
1000087C
102
}
330
1000087C
100
AcDbXrecord
1000
JPD
  0
XRECORD
  5
10000883
102
{ACAD_REACTORS
330
10000880
102
}
330
10000880
100
AcDbXrecord
 40
0.0005
  0
XRECORD
  5
10000881
102
{ACAD_REACTORS
330
10000880
102
}
330
10000880
100
AcDbXrecord
1000
LPlkB
  0
XRECORD
  5
10000882
102
{ACAD_REACTORS
330
10000880
102
}
330
10000880
100
AcDbXrecord
1000
JPK
  0
XRECORD
  5
10000884
102
{ACAD_REACTORS
330
10000880
102
}
330
10000880
100
AcDbXrecord
1000
JPD
  0
XRECORD
  5
10000887
102
{ACAD_REACTORS
330
10000886
102
}
330
10000886
100
AcDbXrecord
1000
LPFkB
  0
XRECORD
  5
10000888
102
{ACAD_REACTORS
330
10000886
102
}
330
10000886
100
AcDbXrecord
1000
JPD
  0
XRECORD
  5
1000088D
102
{ACAD_REACTORS
330
1000088A
102
}
330
1000088A
100
AcDbXrecord
 40
0.0005
  0
XRECORD
  5
1000088B
102
{ACAD_REACTORS
330
1000088A
102
}
330
1000088A
100
AcDbXrecord
1000
LPVoB
  0
XRECORD
  5
1000088C
102
{ACAD_REACTORS
330
1000088A
102
}
330
1000088A
100
AcDbXrecord
1000
JPK
  0
XRECORD
  5
1000088E
102
{ACAD_REACTORS
330
1000088A
102
}
330
1000088A
100
AcDbXrecord
1000
JPD
  0
XRECORD
  5
10000891
102
{ACAD_REACTORS
330
10000890
102
}
330
10000890
100
AcDbXrecord
1000
LP1nB
  0
XRECORD
  5
10000892
102
{ACAD_REACTORS
330
10000890
102
}
330
10000890
100
AcDbXrecord
1000
JPD
  0
XRECORD
  5
10000897
102
{ACAD_REACTORS
330
10000894
102
}
330
10000894
100
AcDbXrecord
 40
0.0005
  0
XRECORD
  5
10000895
102
{ACAD_REACTORS
330
10000894
102
}
330
10000894
100
AcDbXrecord
1000
LPdoB
  0
XRECORD
  5
10000896
102
{ACAD_REACTORS
330
10000894
102
}
330
10000894
100
AcDbXrecord
1000
JPK
  0
XRECORD
  5
10000898
102
{ACAD_REACTORS
330
10000894
102
}
330
10000894
100
AcDbXrecord
1000
JPD
  0
XRECORD
  5
1000089B
102
{ACAD_REACTORS
330
1000089A
102
}
330
1000089A
100
AcDbXrecord
1000
LPNoB
  0
XRECORD
  5
1000089C
102
{ACAD_REACTORS
330
1000089A
102
}
330
1000089A
100
AcDbXrecord
1000
JPD
  0
XRECORD
  5
100008A1
102
{ACAD_REACTORS
330
1000089E
102
}
330
1000089E
100
AcDbXrecord
 40
0.0005
  0
XRECORD
  5
1000089F
102
{ACAD_REACTORS
330
1000089E
102
}
330
1000089E
100
AcDbXrecord
1000
LPtoB
  0
XRECORD
  5
100008A0
102
{ACAD_REACTORS
330
1000089E
102
}
330
1000089E
100
AcDbXrecord
1000
JPK
  0
XRECORD
  5
100008A2
102
{ACAD_REACTORS
330
1000089E
102
}
330
1000089E
100
AcDbXrecord
1000
JPD
  0
XRECORD
  5
100008A5
102
{ACAD_REACTORS
330
100008A4
102
}
330
100008A4
100
AcDbXrecord
1000
LP9nB
  0
XRECORD
  5
100008A6
102
{ACAD_REACTORS
330
100008A4
102
}
330
100008A4
100
AcDbXrecord
1000
JPD
  0
XRECORD
  5
100008AB
102
{ACAD_REACTORS
330
100008A8
102
}
330
100008A8
100
AcDbXrecord
 40
0.0005
  0
XRECORD
  5
100008A9
102
{ACAD_REACTORS
330
100008A8
102
}
330
100008A8
100
AcDbXrecord
1000
LPloB
  0
XRECORD
  5
100008AA
102
{ACAD_REACTORS
330
100008A8
102
}
330
100008A8
100
AcDbXrecord
1000
JPK
  0
XRECORD
  5
100008AC
102
{ACAD_REACTORS
330
100008A8
102
}
330
100008A8
100
AcDbXrecord
1000
JPD
  0
XRECORD
  5
100008AF
102
{ACAD_REACTORS
330
100008AE
102
}
330
100008AE
100
AcDbXrecord
1000
LPFoB
  0
XRECORD
  5
100008B0
102
{ACAD_REACTORS
330
100008AE
102
}
330
100008AE
100
AcDbXrecord
1000
JPD
  0
XRECORD
  5
100008B5
102
{ACAD_REACTORS
330
100008B2
102
}
330
100008B2
100
AcDbXrecord
 40
0.0005
  0
XRECORD
  5
100008B3
102
{ACAD_REACTORS
330
100008B2
102
}
330
100008B2
100
AcDbXrecord
1000
LPVpB
  0
XRECORD
  5
100008B4
102
{ACAD_REACTORS
330
100008B2
102
}
330
100008B2
100
AcDbXrecord
1000
JPK
  0
XRECORD
  5
100008B6
102
{ACAD_REACTORS
330
100008B2
102
}
330
100008B2
100
AcDbXrecord
1000
JPD
  0
XRECORD
  5
100008B9
102
{ACAD_REACTORS
330
100008B8
102
}
330
100008B8
100
AcDbXrecord
1000
LP1oB
  0
XRECORD
  5
100008BA
102
{ACAD_REACTORS
330
100008B8
102
}
330
100008B8
100
AcDbXrecord
1000
JPD
  0
XRECORD
  5
100008BF
102
{ACAD_REACTORS
330
100008BC
102
}
330
100008BC
100
AcDbXrecord
 40
0.0005
  0
XRECORD
  5
100008BD
102
{ACAD_REACTORS
330
100008BC
102
}
330
100008BC
100
AcDbXrecord
1000
LPdpB
  0
XRECORD
  5
100008BE
102
{ACAD_REACTORS
330
100008BC
102
}
330
100008BC
100
AcDbXrecord
1000
JPK
  0
XRECORD
  5
100008C0
102
{ACAD_REACTORS
330
100008BC
102
}
330
100008BC
100
AcDbXrecord
1000
JPD
  0
XRECORD
  5
100008C3
102
{ACAD_REACTORS
330
100008C2
102
}
330
100008C2
100
AcDbXrecord
1000
LPNpB
  0
XRECORD
  5
100008C4
102
{ACAD_REACTORS
330
100008C2
102
}
330
100008C2
100
AcDbXrecord
1000
JPD
  0
XRECORD
  5
100008C9
102
{ACAD_REACTORS
330
100008C6
102
}
330
100008C6
100
AcDbXrecord
 40
0.0005
  0
XRECORD
  5
100008C7
102
{ACAD_REACTORS
330
100008C6
102
}
330
100008C6
100
AcDbXrecord
1000
LPtpB
  0
XRECORD
  5
100008C8
102
{ACAD_REACTORS
330
100008C6
102
}
330
100008C6
100
AcDbXrecord
1000
JPK
  0
XRECORD
  5
100008CA
102
{ACAD_REACTORS
330
100008C6
102
}
330
100008C6
100
AcDbXrecord
1000
JPD
  0
XRECORD
  5
100008CD
102
{ACAD_REACTORS
330
100008CC
102
}
330
100008CC
100
AcDbXrecord
1000
LP9oB
  0
XRECORD
  5
100008CE
102
{ACAD_REACTORS
330
100008CC
102
}
330
100008CC
100
AcDbXrecord
1000
JPD
  0
XRECORD
  5
100008D3
102
{ACAD_REACTORS
330
100008D0
102
}
330
100008D0
100
AcDbXrecord
 40
0.0005
  0
XRECORD
  5
100008D1
102
{ACAD_REACTORS
330
100008D0
102
}
330
100008D0
100
AcDbXrecord
1000
LPlpB
  0
XRECORD
  5
100008D2
102
{ACAD_REACTORS
330
100008D0
102
}
330
100008D0
100
AcDbXrecord
1000
JPK
  0
XRECORD
  5
100008D4
102
{ACAD_REACTORS
330
100008D0
102
}
330
100008D0
100
AcDbXrecord
1000
JPD
  0
XRECORD
  5
100008D7
102
{ACAD_REACTORS
330
100008D6
102
}
330
100008D6
100
AcDbXrecord
1000
LPFpB
  0
XRECORD
  5
100008D8
102
{ACAD_REACTORS
330
100008D6
102
}
330
100008D6
100
AcDbXrecord
1000
JPD
  0
XRECORD
  5
100008DD
102
{ACAD_REACTORS
330
100008DA
102
}
330
100008DA
100
AcDbXrecord
 40
0.0005
  0
XRECORD
  5
100008DB
102
{ACAD_REACTORS
330
100008DA
102
}
330
100008DA
100
AcDbXrecord
1000
LPVqB
  0
XRECORD
  5
100008DC
102
{ACAD_REACTORS
330
100008DA
102
}
330
100008DA
100
AcDbXrecord
1000
JPK
  0
XRECORD
  5
100008DE
102
{ACAD_REACTORS
330
100008DA
102
}
330
100008DA
100
AcDbXrecord
1000
JPD
  0
XRECORD
  5
100008E1
102
{ACAD_REACTORS
330
100008E0
102
}
330
100008E0
100
AcDbXrecord
1000
LP1pB
  0
XRECORD
  5
100008E2
102
{ACAD_REACTORS
330
100008E0
102
}
330
100008E0
100
AcDbXrecord
1000
JPD
  0
XRECORD
  5
100008E7
102
{ACAD_REACTORS
330
100008E4
102
}
330
100008E4
100
AcDbXrecord
 40
0.0005
  0
XRECORD
  5
100008E5
102
{ACAD_REACTORS
330
100008E4
102
}
330
100008E4
100
AcDbXrecord
1000
LPdqB
  0
XRECORD
  5
100008E6
102
{ACAD_REACTORS
330
100008E4
102
}
330
100008E4
100
AcDbXrecord
1000
JPK
  0
XRECORD
  5
100008E8
102
{ACAD_REACTORS
330
100008E4
102
}
330
100008E4
100
AcDbXrecord
1000
JPD
  0
XRECORD
  5
100008EB
102
{ACAD_REACTORS
330
100008EA
102
}
330
100008EA
100
AcDbXrecord
1000
LPNqB
  0
XRECORD
  5
100008EC
102
{ACAD_REACTORS
330
100008EA
102
}
330
100008EA
100
AcDbXrecord
1000
JPD
  0
XRECORD
  5
100008F1
102
{ACAD_REACTORS
330
100008EE
102
}
330
100008EE
100
AcDbXrecord
 40
0.0005
  0
XRECORD
  5
100008EF
102
{ACAD_REACTORS
330
100008EE
102
}
330
100008EE
100
AcDbXrecord
1000
LPtqB
  0
XRECORD
  5
100008F0
102
{ACAD_REACTORS
330
100008EE
102
}
330
100008EE
100
AcDbXrecord
1000
JPK
  0
XRECORD
  5
100008F2
102
{ACAD_REACTORS
330
100008EE
102
}
330
100008EE
100
AcDbXrecord
1000
JPD
  0
XRECORD
  5
100008F5
102
{ACAD_REACTORS
330
100008F4
102
}
330
100008F4
100
AcDbXrecord
1000
LP9pB
  0
XRECORD
  5
100008F6
102
{ACAD_REACTORS
330
100008F4
102
}
330
100008F4
100
AcDbXrecord
1000
JPD
  0
XRECORD
  5
100008FB
102
{ACAD_REACTORS
330
100008F8
102
}
330
100008F8
100
AcDbXrecord
 40
0.0005
  0
XRECORD
  5
100008F9
102
{ACAD_REACTORS
330
100008F8
102
}
330
100008F8
100
AcDbXrecord
1000
LPlqB
  0
XRECORD
  5
100008FA
102
{ACAD_REACTORS
330
100008F8
102
}
330
100008F8
100
AcDbXrecord
1000
JPK
  0
XRECORD
  5
100008FC
102
{ACAD_REACTORS
330
100008F8
102
}
330
100008F8
100
AcDbXrecord
1000
JPD
  0
XRECORD
  5
100008FF
102
{ACAD_REACTORS
330
100008FE
102
}
330
100008FE
100
AcDbXrecord
1000
LPFqB
  0
XRECORD
  5
10000900
102
{ACAD_REACTORS
330
100008FE
102
}
330
100008FE
100
AcDbXrecord
1000
JPD
  0
XRECORD
  5
10000905
102
{ACAD_REACTORS
330
10000902
102
}
330
10000902
100
AcDbXrecord
 40
0.0005
  0
XRECORD
  5
10000903
102
{ACAD_REACTORS
330
10000902
102
}
330
10000902
100
AcDbXrecord
1000
LPVrB
  0
XRECORD
  5
10000904
102
{ACAD_REACTORS
330
10000902
102
}
330
10000902
100
AcDbXrecord
1000
JPK
  0
XRECORD
  5
10000906
102
{ACAD_REACTORS
330
10000902
102
}
330
10000902
100
AcDbXrecord
1000
JPD
  0
XRECORD
  5
10000909
102
{ACAD_REACTORS
330
10000908
102
}
330
10000908
100
AcDbXrecord
1000
LP1qB
  0
XRECORD
  5
1000090A
102
{ACAD_REACTORS
330
10000908
102
}
330
10000908
100
AcDbXrecord
1000
JPD
  0
XRECORD
  5
1000090F
102
{ACAD_REACTORS
330
1000090C
102
}
330
1000090C
100
AcDbXrecord
 40
0.0005
  0
XRECORD
  5
1000090D
102
{ACAD_REACTORS
330
1000090C
102
}
330
1000090C
100
AcDbXrecord
1000
LPdrB
  0
XRECORD
  5
1000090E
102
{ACAD_REACTORS
330
1000090C
102
}
330
1000090C
100
AcDbXrecord
1000
JPK
  0
XRECORD
  5
10000910
102
{ACAD_REACTORS
330
1000090C
102
}
330
1000090C
100
AcDbXrecord
1000
JPD
  0
XRECORD
  5
10000913
102
{ACAD_REACTORS
330
10000912
102
}
330
10000912
100
AcDbXrecord
1000
LPNrB
  0
XRECORD
  5
10000914
102
{ACAD_REACTORS
330
10000912
102
}
330
10000912
100
AcDbXrecord
1000
JPD
  0
XRECORD
  5
10000919
102
{ACAD_REACTORS
330
10000916
102
}
330
10000916
100
AcDbXrecord
 40
0.0005
  0
XRECORD
  5
10000917
102
{ACAD_REACTORS
330
10000916
102
}
330
10000916
100
AcDbXrecord
1000
LPtrB
  0
XRECORD
  5
10000918
102
{ACAD_REACTORS
330
10000916
102
}
330
10000916
100
AcDbXrecord
1000
JPK
  0
XRECORD
  5
1000091A
102
{ACAD_REACTORS
330
10000916
102
}
330
10000916
100
AcDbXrecord
1000
JPD
  0
XRECORD
  5
1000091D
102
{ACAD_REACTORS
330
1000091C
102
}
330
1000091C
100
AcDbXrecord
1000
LP9qB
  0
XRECORD
  5
1000091E
102
{ACAD_REACTORS
330
1000091C
102
}
330
1000091C
100
AcDbXrecord
1000
JPD
  0
XRECORD
  5
10000923
102
{ACAD_REACTORS
330
10000920
102
}
330
10000920
100
AcDbXrecord
 40
0.0005
  0
XRECORD
  5
10000921
102
{ACAD_REACTORS
330
10000920
102
}
330
10000920
100
AcDbXrecord
1000
LPlrB
  0
XRECORD
  5
10000922
102
{ACAD_REACTORS
330
10000920
102
}
330
10000920
100
AcDbXrecord
1000
JPK
  0
XRECORD
  5
10000924
102
{ACAD_REACTORS
330
10000920
102
}
330
10000920
100
AcDbXrecord
1000
JPD
  0
XRECORD
  5
10000927
102
{ACAD_REACTORS
330
10000926
102
}
330
10000926
100
AcDbXrecord
1000
LPFrB
  0
XRECORD
  5
10000928
102
{ACAD_REACTORS
330
10000926
102
}
330
10000926
100
AcDbXrecord
1000
JPD
  0
XRECORD
  5
1000092D
102
{ACAD_REACTORS
330
1000092A
102
}
330
1000092A
100
AcDbXrecord
 40
0.0005
  0
XRECORD
  5
1000092B
102
{ACAD_REACTORS
330
1000092A
102
}
330
1000092A
100
AcDbXrecord
1000
LPVsB
  0
XRECORD
  5
1000092C
102
{ACAD_REACTORS
330
1000092A
102
}
330
1000092A
100
AcDbXrecord
1000
JPK
  0
XRECORD
  5
1000092E
102
{ACAD_REACTORS
330
1000092A
102
}
330
1000092A
100
AcDbXrecord
1000
JPD
  0
XRECORD
  5
10000931
102
{ACAD_REACTORS
330
10000930
102
}
330
10000930
100
AcDbXrecord
1000
LP1rB
  0
XRECORD
  5
10000932
102
{ACAD_REACTORS
330
10000930
102
}
330
10000930
100
AcDbXrecord
1000
JPD
  0
XRECORD
  5
10000937
102
{ACAD_REACTORS
330
10000934
102
}
330
10000934
100
AcDbXrecord
 40
0.0005
  0
XRECORD
  5
10000935
102
{ACAD_REACTORS
330
10000934
102
}
330
10000934
100
AcDbXrecord
1000
LPdsB
  0
XRECORD
  5
10000936
102
{ACAD_REACTORS
330
10000934
102
}
330
10000934
100
AcDbXrecord
1000
JPK
  0
XRECORD
  5
10000938
102
{ACAD_REACTORS
330
10000934
102
}
330
10000934
100
AcDbXrecord
1000
JPD
  0
XRECORD
  5
1000093B
102
{ACAD_REACTORS
330
1000093A
102
}
330
1000093A
100
AcDbXrecord
1000
LPNsB
  0
XRECORD
  5
1000093C
102
{ACAD_REACTORS
330
1000093A
102
}
330
1000093A
100
AcDbXrecord
1000
JPD
  0
XRECORD
  5
10000941
102
{ACAD_REACTORS
330
1000093E
102
}
330
1000093E
100
AcDbXrecord
 40
0.0005
  0
XRECORD
  5
1000093F
102
{ACAD_REACTORS
330
1000093E
102
}
330
1000093E
100
AcDbXrecord
1000
LPtsB
  0
XRECORD
  5
10000940
102
{ACAD_REACTORS
330
1000093E
102
}
330
1000093E
100
AcDbXrecord
1000
JPK
  0
XRECORD
  5
10000942
102
{ACAD_REACTORS
330
1000093E
102
}
330
1000093E
100
AcDbXrecord
1000
JPD
  0
XRECORD
  5
10000945
102
{ACAD_REACTORS
330
10000944
102
}
330
10000944
100
AcDbXrecord
1000
LP9rB
  0
XRECORD
  5
10000946
102
{ACAD_REACTORS
330
10000944
102
}
330
10000944
100
AcDbXrecord
1000
JPD
  0
XRECORD
  5
1000094B
102
{ACAD_REACTORS
330
10000948
102
}
330
10000948
100
AcDbXrecord
 40
0.0005
  0
XRECORD
  5
10000949
102
{ACAD_REACTORS
330
10000948
102
}
330
10000948
100
AcDbXrecord
1000
LPlsB
  0
XRECORD
  5
1000094A
102
{ACAD_REACTORS
330
10000948
102
}
330
10000948
100
AcDbXrecord
1000
JPK
  0
XRECORD
  5
1000094C
102
{ACAD_REACTORS
330
10000948
102
}
330
10000948
100
AcDbXrecord
1000
JPD
  0
XRECORD
  5
1000094F
102
{ACAD_REACTORS
330
1000094E
102
}
330
1000094E
100
AcDbXrecord
1000
LPFsB
  0
XRECORD
  5
10000950
102
{ACAD_REACTORS
330
1000094E
102
}
330
1000094E
100
AcDbXrecord
1000
JPD
  0
XRECORD
  5
10000955
102
{ACAD_REACTORS
330
10000952
102
}
330
10000952
100
AcDbXrecord
 40
0.0005
  0
XRECORD
  5
10000953
102
{ACAD_REACTORS
330
10000952
102
}
330
10000952
100
AcDbXrecord
1000
LPVtB
  0
XRECORD
  5
10000954
102
{ACAD_REACTORS
330
10000952
102
}
330
10000952
100
AcDbXrecord
1000
JPK
  0
XRECORD
  5
10000956
102
{ACAD_REACTORS
330
10000952
102
}
330
10000952
100
AcDbXrecord
1000
JPD
  0
XRECORD
  5
10000959
102
{ACAD_REACTORS
330
10000958
102
}
330
10000958
100
AcDbXrecord
1000
LP1sB
  0
XRECORD
  5
1000095A
102
{ACAD_REACTORS
330
10000958
102
}
330
10000958
100
AcDbXrecord
1000
JPD
  0
XRECORD
  5
1000095F
102
{ACAD_REACTORS
330
1000095C
102
}
330
1000095C
100
AcDbXrecord
 40
0.0005
  0
XRECORD
  5
1000095D
102
{ACAD_REACTORS
330
1000095C
102
}
330
1000095C
100
AcDbXrecord
1000
LPdtB
  0
XRECORD
  5
1000095E
102
{ACAD_REACTORS
330
1000095C
102
}
330
1000095C
100
AcDbXrecord
1000
JPK
  0
XRECORD
  5
10000960
102
{ACAD_REACTORS
330
1000095C
102
}
330
1000095C
100
AcDbXrecord
1000
JPD
  0
XRECORD
  5
10000963
102
{ACAD_REACTORS
330
10000962
102
}
330
10000962
100
AcDbXrecord
1000
LPNtB
  0
XRECORD
  5
10000964
102
{ACAD_REACTORS
330
10000962
102
}
330
10000962
100
AcDbXrecord
1000
JPD
  0
XRECORD
  5
10000969
102
{ACAD_REACTORS
330
10000966
102
}
330
10000966
100
AcDbXrecord
 40
0.0005
  0
XRECORD
  5
10000967
102
{ACAD_REACTORS
330
10000966
102
}
330
10000966
100
AcDbXrecord
1000
LPttB
  0
XRECORD
  5
10000968
102
{ACAD_REACTORS
330
10000966
102
}
330
10000966
100
AcDbXrecord
1000
JPK
  0
XRECORD
  5
1000096A
102
{ACAD_REACTORS
330
10000966
102
}
330
10000966
100
AcDbXrecord
1000
JPD
  0
XRECORD
  5
1000096D
102
{ACAD_REACTORS
330
1000096C
102
}
330
1000096C
100
AcDbXrecord
1000
LP9sB
  0
XRECORD
  5
1000096E
102
{ACAD_REACTORS
330
1000096C
102
}
330
1000096C
100
AcDbXrecord
1000
JPD
  0
XRECORD
  5
10000973
102
{ACAD_REACTORS
330
10000970
102
}
330
10000970
100
AcDbXrecord
 40
0.0005
  0
XRECORD
  5
10000971
102
{ACAD_REACTORS
330
10000970
102
}
330
10000970
100
AcDbXrecord
1000
LPltB
  0
XRECORD
  5
10000972
102
{ACAD_REACTORS
330
10000970
102
}
330
10000970
100
AcDbXrecord
1000
JPK
  0
XRECORD
  5
10000974
102
{ACAD_REACTORS
330
10000970
102
}
330
10000970
100
AcDbXrecord
1000
JPD
  0
XRECORD
  5
10000977
102
{ACAD_REACTORS
330
10000976
102
}
330
10000976
100
AcDbXrecord
1000
LPFtB
  0
XRECORD
  5
10000978
102
{ACAD_REACTORS
330
10000976
102
}
330
10000976
100
AcDbXrecord
1000
JPD
  0
XRECORD
  5
1000097D
102
{ACAD_REACTORS
330
1000097A
102
}
330
1000097A
100
AcDbXrecord
 40
0.0005
  0
XRECORD
  5
1000097B
102
{ACAD_REACTORS
330
1000097A
102
}
330
1000097A
100
AcDbXrecord
1000
LPVuB
  0
XRECORD
  5
1000097C
102
{ACAD_REACTORS
330
1000097A
102
}
330
1000097A
100
AcDbXrecord
1000
JPK
  0
XRECORD
  5
1000097E
102
{ACAD_REACTORS
330
1000097A
102
}
330
1000097A
100
AcDbXrecord
1000
JPD
  0
XRECORD
  5
10000981
102
{ACAD_REACTORS
330
10000980
102
}
330
10000980
100
AcDbXrecord
1000
LP1tB
  0
XRECORD
  5
10000982
102
{ACAD_REACTORS
330
10000980
102
}
330
10000980
100
AcDbXrecord
1000
JPD
  0
XRECORD
  5
10000987
102
{ACAD_REACTORS
330
10000984
102
}
330
10000984
100
AcDbXrecord
 40
0.0005
  0
XRECORD
  5
10000985
102
{ACAD_REACTORS
330
10000984
102
}
330
10000984
100
AcDbXrecord
1000
LPduB
  0
XRECORD
  5
10000986
102
{ACAD_REACTORS
330
10000984
102
}
330
10000984
100
AcDbXrecord
1000
JPK
  0
XRECORD
  5
10000988
102
{ACAD_REACTORS
330
10000984
102
}
330
10000984
100
AcDbXrecord
1000
JPD
  0
XRECORD
  5
1000098B
102
{ACAD_REACTORS
330
1000098A
102
}
330
1000098A
100
AcDbXrecord
1000
LPNuB
  0
XRECORD
  5
1000098C
102
{ACAD_REACTORS
330
1000098A
102
}
330
1000098A
100
AcDbXrecord
1000
JPD
  0
XRECORD
  5
10000991
102
{ACAD_REACTORS
330
1000098E
102
}
330
1000098E
100
AcDbXrecord
 40
0.0005
  0
XRECORD
  5
1000098F
102
{ACAD_REACTORS
330
1000098E
102
}
330
1000098E
100
AcDbXrecord
1000
LPtuB
  0
XRECORD
  5
10000990
102
{ACAD_REACTORS
330
1000098E
102
}
330
1000098E
100
AcDbXrecord
1000
JPK
  0
XRECORD
  5
10000992
102
{ACAD_REACTORS
330
1000098E
102
}
330
1000098E
100
AcDbXrecord
1000
JPD
  0
XRECORD
  5
10000995
102
{ACAD_REACTORS
330
10000994
102
}
330
10000994
100
AcDbXrecord
1000
LP9tB
  0
XRECORD
  5
10000996
102
{ACAD_REACTORS
330
10000994
102
}
330
10000994
100
AcDbXrecord
1000
JPD
  0
XRECORD
  5
1000099B
102
{ACAD_REACTORS
330
10000998
102
}
330
10000998
100
AcDbXrecord
 40
0.0005
  0
XRECORD
  5
10000999
102
{ACAD_REACTORS
330
10000998
102
}
330
10000998
100
AcDbXrecord
1000
LPluB
  0
XRECORD
  5
1000099A
102
{ACAD_REACTORS
330
10000998
102
}
330
10000998
100
AcDbXrecord
1000
JPK
  0
XRECORD
  5
1000099C
102
{ACAD_REACTORS
330
10000998
102
}
330
10000998
100
AcDbXrecord
1000
JPD
  0
XRECORD
  5
1000099F
102
{ACAD_REACTORS
330
1000099E
102
}
330
1000099E
100
AcDbXrecord
1000
LPFuB
  0
XRECORD
  5
100009A0
102
{ACAD_REACTORS
330
1000099E
102
}
330
1000099E
100
AcDbXrecord
1000
JPD
  0
XRECORD
  5
100009A5
102
{ACAD_REACTORS
330
100009A2
102
}
330
100009A2
100
AcDbXrecord
 40
0.0005
  0
XRECORD
  5
100009A3
102
{ACAD_REACTORS
330
100009A2
102
}
330
100009A2
100
AcDbXrecord
1000
LPVvB
  0
XRECORD
  5
100009A4
102
{ACAD_REACTORS
330
100009A2
102
}
330
100009A2
100
AcDbXrecord
1000
JPK
  0
XRECORD
  5
100009A6
102
{ACAD_REACTORS
330
100009A2
102
}
330
100009A2
100
AcDbXrecord
1000
JPD
  0
XRECORD
  5
100009A9
102
{ACAD_REACTORS
330
100009A8
102
}
330
100009A8
100
AcDbXrecord
1000
LP1uB
  0
XRECORD
  5
100009AA
102
{ACAD_REACTORS
330
100009A8
102
}
330
100009A8
100
AcDbXrecord
1000
JPD
  0
XRECORD
  5
100009AF
102
{ACAD_REACTORS
330
100009AC
102
}
330
100009AC
100
AcDbXrecord
 40
0.0005
  0
XRECORD
  5
100009AD
102
{ACAD_REACTORS
330
100009AC
102
}
330
100009AC
100
AcDbXrecord
1000
LPdvB
  0
XRECORD
  5
100009AE
102
{ACAD_REACTORS
330
100009AC
102
}
330
100009AC
100
AcDbXrecord
1000
JPK
  0
XRECORD
  5
100009B0
102
{ACAD_REACTORS
330
100009AC
102
}
330
100009AC
100
AcDbXrecord
1000
JPD
  0
XRECORD
  5
100009B3
102
{ACAD_REACTORS
330
100009B2
102
}
330
100009B2
100
AcDbXrecord
1000
LPNvB
  0
XRECORD
  5
100009B4
102
{ACAD_REACTORS
330
100009B2
102
}
330
100009B2
100
AcDbXrecord
1000
JPD
  0
XRECORD
  5
100009B9
102
{ACAD_REACTORS
330
100009B6
102
}
330
100009B6
100
AcDbXrecord
 40
0.0005
  0
XRECORD
  5
100009B7
102
{ACAD_REACTORS
330
100009B6
102
}
330
100009B6
100
AcDbXrecord
1000
LPtvB
  0
XRECORD
  5
100009B8
102
{ACAD_REACTORS
330
100009B6
102
}
330
100009B6
100
AcDbXrecord
1000
JPK
  0
XRECORD
  5
100009BA
102
{ACAD_REACTORS
330
100009B6
102
}
330
100009B6
100
AcDbXrecord
1000
JPD
  0
XRECORD
  5
100009BD
102
{ACAD_REACTORS
330
100009BC
102
}
330
100009BC
100
AcDbXrecord
1000
LP9uB
  0
XRECORD
  5
100009BE
102
{ACAD_REACTORS
330
100009BC
102
}
330
100009BC
100
AcDbXrecord
1000
JPD
  0
XRECORD
  5
100009C3
102
{ACAD_REACTORS
330
100009C0
102
}
330
100009C0
100
AcDbXrecord
 40
0.0005
  0
XRECORD
  5
100009C1
102
{ACAD_REACTORS
330
100009C0
102
}
330
100009C0
100
AcDbXrecord
1000
LPlvB
  0
XRECORD
  5
100009C2
102
{ACAD_REACTORS
330
100009C0
102
}
330
100009C0
100
AcDbXrecord
1000
JPK
  0
XRECORD
  5
100009C4
102
{ACAD_REACTORS
330
100009C0
102
}
330
100009C0
100
AcDbXrecord
1000
JPD
  0
XRECORD
  5
100009C7
102
{ACAD_REACTORS
330
100009C6
102
}
330
100009C6
100
AcDbXrecord
1000
LPFvB
  0
XRECORD
  5
100009C8
102
{ACAD_REACTORS
330
100009C6
102
}
330
100009C6
100
AcDbXrecord
1000
JPD
  0
XRECORD
  5
100009CD
102
{ACAD_REACTORS
330
100009CA
102
}
330
100009CA
100
AcDbXrecord
 40
0.0005
  0
XRECORD
  5
100009CB
102
{ACAD_REACTORS
330
100009CA
102
}
330
100009CA
100
AcDbXrecord
1000
LPVwB
  0
XRECORD
  5
100009CC
102
{ACAD_REACTORS
330
100009CA
102
}
330
100009CA
100
AcDbXrecord
1000
JPK
  0
XRECORD
  5
100009CE
102
{ACAD_REACTORS
330
100009CA
102
}
330
100009CA
100
AcDbXrecord
1000
JPD
  0
XRECORD
  5
100009D1
102
{ACAD_REACTORS
330
100009D0
102
}
330
100009D0
100
AcDbXrecord
1000
LP1vB
  0
XRECORD
  5
100009D2
102
{ACAD_REACTORS
330
100009D0
102
}
330
100009D0
100
AcDbXrecord
1000
JPD
  0
XRECORD
  5
100009D7
102
{ACAD_REACTORS
330
100009D4
102
}
330
100009D4
100
AcDbXrecord
 40
0.0005
  0
XRECORD
  5
100009D5
102
{ACAD_REACTORS
330
100009D4
102
}
330
100009D4
100
AcDbXrecord
1000
LPdwB
  0
XRECORD
  5
100009D6
102
{ACAD_REACTORS
330
100009D4
102
}
330
100009D4
100
AcDbXrecord
1000
JPK
  0
XRECORD
  5
100009D8
102
{ACAD_REACTORS
330
100009D4
102
}
330
100009D4
100
AcDbXrecord
1000
JPD
  0
XRECORD
  5
100009DB
102
{ACAD_REACTORS
330
100009DA
102
}
330
100009DA
100
AcDbXrecord
1000
LPNwB
  0
XRECORD
  5
100009DC
102
{ACAD_REACTORS
330
100009DA
102
}
330
100009DA
100
AcDbXrecord
1000
JPD
  0
XRECORD
  5
100009E1
102
{ACAD_REACTORS
330
100009DE
102
}
330
100009DE
100
AcDbXrecord
 40
0.0005
  0
XRECORD
  5
100009DF
102
{ACAD_REACTORS
330
100009DE
102
}
330
100009DE
100
AcDbXrecord
1000
LPtwB
  0
XRECORD
  5
100009E0
102
{ACAD_REACTORS
330
100009DE
102
}
330
100009DE
100
AcDbXrecord
1000
JPK
  0
XRECORD
  5
100009E2
102
{ACAD_REACTORS
330
100009DE
102
}
330
100009DE
100
AcDbXrecord
1000
JPD
  0
XRECORD
  5
100009E5
102
{ACAD_REACTORS
330
100009E4
102
}
330
100009E4
100
AcDbXrecord
1000
LP9vB
  0
XRECORD
  5
100009E6
102
{ACAD_REACTORS
330
100009E4
102
}
330
100009E4
100
AcDbXrecord
1000
JPD
  0
XRECORD
  5
100009EB
102
{ACAD_REACTORS
330
100009E8
102
}
330
100009E8
100
AcDbXrecord
 40
0.0005
  0
XRECORD
  5
100009E9
102
{ACAD_REACTORS
330
100009E8
102
}
330
100009E8
100
AcDbXrecord
1000
LPlwB
  0
XRECORD
  5
100009EA
102
{ACAD_REACTORS
330
100009E8
102
}
330
100009E8
100
AcDbXrecord
1000
JPK
  0
XRECORD
  5
100009EC
102
{ACAD_REACTORS
330
100009E8
102
}
330
100009E8
100
AcDbXrecord
1000
JPD
  0
XRECORD
  5
100009EF
102
{ACAD_REACTORS
330
100009EE
102
}
330
100009EE
100
AcDbXrecord
1000
LPFwB
  0
XRECORD
  5
100009F0
102
{ACAD_REACTORS
330
100009EE
102
}
330
100009EE
100
AcDbXrecord
1000
JPD
  0
XRECORD
  5
100009F5
102
{ACAD_REACTORS
330
100009F2
102
}
330
100009F2
100
AcDbXrecord
 40
0.0005
  0
XRECORD
  5
100009F3
102
{ACAD_REACTORS
330
100009F2
102
}
330
100009F2
100
AcDbXrecord
1000
LPVxB
  0
XRECORD
  5
100009F4
102
{ACAD_REACTORS
330
100009F2
102
}
330
100009F2
100
AcDbXrecord
1000
JPK
  0
XRECORD
  5
100009F6
102
{ACAD_REACTORS
330
100009F2
102
}
330
100009F2
100
AcDbXrecord
1000
JPD
  0
XRECORD
  5
100009F9
102
{ACAD_REACTORS
330
100009F8
102
}
330
100009F8
100
AcDbXrecord
1000
LP1wB
  0
XRECORD
  5
100009FA
102
{ACAD_REACTORS
330
100009F8
102
}
330
100009F8
100
AcDbXrecord
1000
JPD
  0
XRECORD
  5
100009FF
102
{ACAD_REACTORS
330
100009FC
102
}
330
100009FC
100
AcDbXrecord
 40
0.0005
  0
XRECORD
  5
100009FD
102
{ACAD_REACTORS
330
100009FC
102
}
330
100009FC
100
AcDbXrecord
1000
LPdxB
  0
XRECORD
  5
100009FE
102
{ACAD_REACTORS
330
100009FC
102
}
330
100009FC
100
AcDbXrecord
1000
JPK
  0
XRECORD
  5
10000A00
102
{ACAD_REACTORS
330
100009FC
102
}
330
100009FC
100
AcDbXrecord
1000
JPD
  0
XRECORD
  5
10000A03
102
{ACAD_REACTORS
330
10000A02
102
}
330
10000A02
100
AcDbXrecord
1000
LPNxB
  0
XRECORD
  5
10000A04
102
{ACAD_REACTORS
330
10000A02
102
}
330
10000A02
100
AcDbXrecord
1000
JPD
  0
XRECORD
  5
10000A09
102
{ACAD_REACTORS
330
10000A06
102
}
330
10000A06
100
AcDbXrecord
 40
0.0005
  0
XRECORD
  5
10000A07
102
{ACAD_REACTORS
330
10000A06
102
}
330
10000A06
100
AcDbXrecord
1000
LPtxB
  0
XRECORD
  5
10000A08
102
{ACAD_REACTORS
330
10000A06
102
}
330
10000A06
100
AcDbXrecord
1000
JPK
  0
XRECORD
  5
10000A0A
102
{ACAD_REACTORS
330
10000A06
102
}
330
10000A06
100
AcDbXrecord
1000
JPD
  0
XRECORD
  5
10000A0D
102
{ACAD_REACTORS
330
10000A0C
102
}
330
10000A0C
100
AcDbXrecord
1000
LP9wB
  0
XRECORD
  5
10000A0E
102
{ACAD_REACTORS
330
10000A0C
102
}
330
10000A0C
100
AcDbXrecord
1000
JPD
  0
XRECORD
  5
10000A13
102
{ACAD_REACTORS
330
10000A10
102
}
330
10000A10
100
AcDbXrecord
 40
0.0005
  0
XRECORD
  5
10000A11
102
{ACAD_REACTORS
330
10000A10
102
}
330
10000A10
100
AcDbXrecord
1000
LPlxB
  0
XRECORD
  5
10000A12
102
{ACAD_REACTORS
330
10000A10
102
}
330
10000A10
100
AcDbXrecord
1000
JPK
  0
XRECORD
  5
10000A14
102
{ACAD_REACTORS
330
10000A10
102
}
330
10000A10
100
AcDbXrecord
1000
JPD
  0
XRECORD
  5
10000A17
102
{ACAD_REACTORS
330
10000A16
102
}
330
10000A16
100
AcDbXrecord
1000
LPFxB
  0
XRECORD
  5
10000A18
102
{ACAD_REACTORS
330
10000A16
102
}
330
10000A16
100
AcDbXrecord
1000
JPD
  0
XRECORD
  5
10000A1D
102
{ACAD_REACTORS
330
10000A1A
102
}
330
10000A1A
100
AcDbXrecord
 40
0.0005
  0
XRECORD
  5
10000A1B
102
{ACAD_REACTORS
330
10000A1A
102
}
330
10000A1A
100
AcDbXrecord
1000
LPVyB
  0
XRECORD
  5
10000A1C
102
{ACAD_REACTORS
330
10000A1A
102
}
330
10000A1A
100
AcDbXrecord
1000
JPK
  0
XRECORD
  5
10000A1E
102
{ACAD_REACTORS
330
10000A1A
102
}
330
10000A1A
100
AcDbXrecord
1000
JPD
  0
XRECORD
  5
10000A21
102
{ACAD_REACTORS
330
10000A20
102
}
330
10000A20
100
AcDbXrecord
1000
LP1xB
  0
XRECORD
  5
10000A22
102
{ACAD_REACTORS
330
10000A20
102
}
330
10000A20
100
AcDbXrecord
1000
JPD
  0
XRECORD
  5
10000A27
102
{ACAD_REACTORS
330
10000A24
102
}
330
10000A24
100
AcDbXrecord
 40
0.0005
  0
XRECORD
  5
10000A25
102
{ACAD_REACTORS
330
10000A24
102
}
330
10000A24
100
AcDbXrecord
1000
LPdyB
  0
XRECORD
  5
10000A26
102
{ACAD_REACTORS
330
10000A24
102
}
330
10000A24
100
AcDbXrecord
1000
JPK
  0
XRECORD
  5
10000A28
102
{ACAD_REACTORS
330
10000A24
102
}
330
10000A24
100
AcDbXrecord
1000
JPD
  0
XRECORD
  5
10000A2B
102
{ACAD_REACTORS
330
10000A2A
102
}
330
10000A2A
100
AcDbXrecord
1000
LPNyB
  0
XRECORD
  5
10000A2C
102
{ACAD_REACTORS
330
10000A2A
102
}
330
10000A2A
100
AcDbXrecord
1000
JPD
  0
XRECORD
  5
10000A31
102
{ACAD_REACTORS
330
10000A2E
102
}
330
10000A2E
100
AcDbXrecord
 40
0.0005
  0
XRECORD
  5
10000A2F
102
{ACAD_REACTORS
330
10000A2E
102
}
330
10000A2E
100
AcDbXrecord
1000
LPtyB
  0
XRECORD
  5
10000A30
102
{ACAD_REACTORS
330
10000A2E
102
}
330
10000A2E
100
AcDbXrecord
1000
JPK
  0
XRECORD
  5
10000A32
102
{ACAD_REACTORS
330
10000A2E
102
}
330
10000A2E
100
AcDbXrecord
1000
JPD
  0
XRECORD
  5
10000A35
102
{ACAD_REACTORS
330
10000A34
102
}
330
10000A34
100
AcDbXrecord
1000
LP9xB
  0
XRECORD
  5
10000A36
102
{ACAD_REACTORS
330
10000A34
102
}
330
10000A34
100
AcDbXrecord
1000
JPD
  0
XRECORD
  5
10000A3B
102
{ACAD_REACTORS
330
10000A38
102
}
330
10000A38
100
AcDbXrecord
 40
0.0005
  0
XRECORD
  5
10000A39
102
{ACAD_REACTORS
330
10000A38
102
}
330
10000A38
100
AcDbXrecord
1000
LPlyB
  0
XRECORD
  5
10000A3A
102
{ACAD_REACTORS
330
10000A38
102
}
330
10000A38
100
AcDbXrecord
1000
JPK
  0
XRECORD
  5
10000A3C
102
{ACAD_REACTORS
330
10000A38
102
}
330
10000A38
100
AcDbXrecord
1000
JPD
  0
XRECORD
  5
10000A3F
102
{ACAD_REACTORS
330
10000A3E
102
}
330
10000A3E
100
AcDbXrecord
1000
LPFyB
  0
XRECORD
  5
10000A40
102
{ACAD_REACTORS
330
10000A3E
102
}
330
10000A3E
100
AcDbXrecord
1000
JPD
  0
XRECORD
  5
10000A45
102
{ACAD_REACTORS
330
10000A42
102
}
330
10000A42
100
AcDbXrecord
 40
0.0005
  0
XRECORD
  5
10000A43
102
{ACAD_REACTORS
330
10000A42
102
}
330
10000A42
100
AcDbXrecord
1000
LPVzB
  0
XRECORD
  5
10000A44
102
{ACAD_REACTORS
330
10000A42
102
}
330
10000A42
100
AcDbXrecord
1000
JPK
  0
XRECORD
  5
10000A46
102
{ACAD_REACTORS
330
10000A42
102
}
330
10000A42
100
AcDbXrecord
1000
JPD
  0
XRECORD
  5
10000A49
102
{ACAD_REACTORS
330
10000A48
102
}
330
10000A48
100
AcDbXrecord
1000
LP1yB
  0
XRECORD
  5
10000A4A
102
{ACAD_REACTORS
330
10000A48
102
}
330
10000A48
100
AcDbXrecord
1000
JPD
  0
XRECORD
  5
10000A4F
102
{ACAD_REACTORS
330
10000A4C
102
}
330
10000A4C
100
AcDbXrecord
 40
0.0005
  0
XRECORD
  5
10000A4D
102
{ACAD_REACTORS
330
10000A4C
102
}
330
10000A4C
100
AcDbXrecord
1000
LPdzB
  0
XRECORD
  5
10000A4E
102
{ACAD_REACTORS
330
10000A4C
102
}
330
10000A4C
100
AcDbXrecord
1000
JPK
  0
XRECORD
  5
10000A50
102
{ACAD_REACTORS
330
10000A4C
102
}
330
10000A4C
100
AcDbXrecord
1000
JPD
  0
XRECORD
  5
10000A53
102
{ACAD_REACTORS
330
10000A52
102
}
330
10000A52
100
AcDbXrecord
1000
LPNzB
  0
XRECORD
  5
10000A54
102
{ACAD_REACTORS
330
10000A52
102
}
330
10000A52
100
AcDbXrecord
1000
JPD
  0
XRECORD
  5
10000A59
102
{ACAD_REACTORS
330
10000A56
102
}
330
10000A56
100
AcDbXrecord
 40
0.0005
  0
XRECORD
  5
10000A57
102
{ACAD_REACTORS
330
10000A56
102
}
330
10000A56
100
AcDbXrecord
1000
LPtzB
  0
XRECORD
  5
10000A58
102
{ACAD_REACTORS
330
10000A56
102
}
330
10000A56
100
AcDbXrecord
1000
JPK
  0
XRECORD
  5
10000A5A
102
{ACAD_REACTORS
330
10000A56
102
}
330
10000A56
100
AcDbXrecord
1000
JPD
  0
XRECORD
  5
10000A5D
102
{ACAD_REACTORS
330
10000A5C
102
}
330
10000A5C
100
AcDbXrecord
1000
LP9yB
  0
XRECORD
  5
10000A5E
102
{ACAD_REACTORS
330
10000A5C
102
}
330
10000A5C
100
AcDbXrecord
1000
JPD
  0
XRECORD
  5
10000A63
102
{ACAD_REACTORS
330
10000A60
102
}
330
10000A60
100
AcDbXrecord
 40
0.0005
  0
XRECORD
  5
10000A61
102
{ACAD_REACTORS
330
10000A60
102
}
330
10000A60
100
AcDbXrecord
1000
LPlzB
  0
XRECORD
  5
10000A62
102
{ACAD_REACTORS
330
10000A60
102
}
330
10000A60
100
AcDbXrecord
1000
JPK
  0
XRECORD
  5
10000A64
102
{ACAD_REACTORS
330
10000A60
102
}
330
10000A60
100
AcDbXrecord
1000
JPD
  0
XRECORD
  5
10000A67
102
{ACAD_REACTORS
330
10000A66
102
}
330
10000A66
100
AcDbXrecord
1000
LPFzB
  0
XRECORD
  5
10000A68
102
{ACAD_REACTORS
330
10000A66
102
}
330
10000A66
100
AcDbXrecord
1000
JPD
  0
XRECORD
  5
10000A6D
102
{ACAD_REACTORS
330
10000A6A
102
}
330
10000A6A
100
AcDbXrecord
 40
0.0005
  0
XRECORD
  5
10000A6B
102
{ACAD_REACTORS
330
10000A6A
102
}
330
10000A6A
100
AcDbXrecord
1000
LPV0B
  0
XRECORD
  5
10000A6C
102
{ACAD_REACTORS
330
10000A6A
102
}
330
10000A6A
100
AcDbXrecord
1000
JPK
  0
XRECORD
  5
10000A6E
102
{ACAD_REACTORS
330
10000A6A
102
}
330
10000A6A
100
AcDbXrecord
1000
JPD
  0
XRECORD
  5
10000A71
102
{ACAD_REACTORS
330
10000A70
102
}
330
10000A70
100
AcDbXrecord
1000
LP1zB
  0
XRECORD
  5
10000A72
102
{ACAD_REACTORS
330
10000A70
102
}
330
10000A70
100
AcDbXrecord
1000
JPD
  0
XRECORD
  5
10000A77
102
{ACAD_REACTORS
330
10000A74
102
}
330
10000A74
100
AcDbXrecord
 40
0.0005
  0
XRECORD
  5
10000A75
102
{ACAD_REACTORS
330
10000A74
102
}
330
10000A74
100
AcDbXrecord
1000
LPd0B
  0
XRECORD
  5
10000A76
102
{ACAD_REACTORS
330
10000A74
102
}
330
10000A74
100
AcDbXrecord
1000
JPK
  0
XRECORD
  5
10000A78
102
{ACAD_REACTORS
330
10000A74
102
}
330
10000A74
100
AcDbXrecord
1000
JPD
  0
XRECORD
  5
10000A7B
102
{ACAD_REACTORS
330
10000A7A
102
}
330
10000A7A
100
AcDbXrecord
1000
LPN0B
  0
XRECORD
  5
10000A7C
102
{ACAD_REACTORS
330
10000A7A
102
}
330
10000A7A
100
AcDbXrecord
1000
JPD
  0
XRECORD
  5
10000A81
102
{ACAD_REACTORS
330
10000A7E
102
}
330
10000A7E
100
AcDbXrecord
 40
0.0005
  0
XRECORD
  5
10000A7F
102
{ACAD_REACTORS
330
10000A7E
102
}
330
10000A7E
100
AcDbXrecord
1000
LPt0B
  0
XRECORD
  5
10000A80
102
{ACAD_REACTORS
330
10000A7E
102
}
330
10000A7E
100
AcDbXrecord
1000
JPK
  0
XRECORD
  5
10000A82
102
{ACAD_REACTORS
330
10000A7E
102
}
330
10000A7E
100
AcDbXrecord
1000
JPD
  0
XRECORD
  5
10000A85
102
{ACAD_REACTORS
330
10000A84
102
}
330
10000A84
100
AcDbXrecord
1000
LP9zB
  0
XRECORD
  5
10000A86
102
{ACAD_REACTORS
330
10000A84
102
}
330
10000A84
100
AcDbXrecord
1000
JPD
  0
XRECORD
  5
10000A8B
102
{ACAD_REACTORS
330
10000A88
102
}
330
10000A88
100
AcDbXrecord
 40
0.0005
  0
XRECORD
  5
10000A89
102
{ACAD_REACTORS
330
10000A88
102
}
330
10000A88
100
AcDbXrecord
1000
LPl0B
  0
XRECORD
  5
10000A8A
102
{ACAD_REACTORS
330
10000A88
102
}
330
10000A88
100
AcDbXrecord
1000
JPK
  0
XRECORD
  5
10000A8C
102
{ACAD_REACTORS
330
10000A88
102
}
330
10000A88
100
AcDbXrecord
1000
JPD
  0
XRECORD
  5
10000A8F
102
{ACAD_REACTORS
330
10000A8E
102
}
330
10000A8E
100
AcDbXrecord
1000
LPF0B
  0
XRECORD
  5
10000A90
102
{ACAD_REACTORS
330
10000A8E
102
}
330
10000A8E
100
AcDbXrecord
1000
JPD
  0
XRECORD
  5
10000A95
102
{ACAD_REACTORS
330
10000A92
102
}
330
10000A92
100
AcDbXrecord
 40
0.0005
  0
XRECORD
  5
10000A93
102
{ACAD_REACTORS
330
10000A92
102
}
330
10000A92
100
AcDbXrecord
1000
LPV1B
  0
XRECORD
  5
10000A94
102
{ACAD_REACTORS
330
10000A92
102
}
330
10000A92
100
AcDbXrecord
1000
JPK
  0
XRECORD
  5
10000A96
102
{ACAD_REACTORS
330
10000A92
102
}
330
10000A92
100
AcDbXrecord
1000
JPD
  0
XRECORD
  5
10000A99
102
{ACAD_REACTORS
330
10000A98
102
}
330
10000A98
100
AcDbXrecord
1000
LP10B
  0
XRECORD
  5
10000A9A
102
{ACAD_REACTORS
330
10000A98
102
}
330
10000A98
100
AcDbXrecord
1000
JPD
  0
XRECORD
  5
10000A9F
102
{ACAD_REACTORS
330
10000A9C
102
}
330
10000A9C
100
AcDbXrecord
 40
0.0005
  0
XRECORD
  5
10000A9D
102
{ACAD_REACTORS
330
10000A9C
102
}
330
10000A9C
100
AcDbXrecord
1000
LPd1B
  0
XRECORD
  5
10000A9E
102
{ACAD_REACTORS
330
10000A9C
102
}
330
10000A9C
100
AcDbXrecord
1000
JPK
  0
XRECORD
  5
10000AA0
102
{ACAD_REACTORS
330
10000A9C
102
}
330
10000A9C
100
AcDbXrecord
1000
JPD
  0
XRECORD
  5
10000AA3
102
{ACAD_REACTORS
330
10000AA2
102
}
330
10000AA2
100
AcDbXrecord
1000
LPN1B
  0
XRECORD
  5
10000AA4
102
{ACAD_REACTORS
330
10000AA2
102
}
330
10000AA2
100
AcDbXrecord
1000
JPD
  0
XRECORD
  5
10000AA9
102
{ACAD_REACTORS
330
10000AA6
102
}
330
10000AA6
100
AcDbXrecord
 40
0.0005
  0
XRECORD
  5
10000AA7
102
{ACAD_REACTORS
330
10000AA6
102
}
330
10000AA6
100
AcDbXrecord
1000
LPt1B
  0
XRECORD
  5
10000AA8
102
{ACAD_REACTORS
330
10000AA6
102
}
330
10000AA6
100
AcDbXrecord
1000
JPK
  0
XRECORD
  5
10000AAA
102
{ACAD_REACTORS
330
10000AA6
102
}
330
10000AA6
100
AcDbXrecord
1000
JPD
  0
XRECORD
  5
10000AAD
102
{ACAD_REACTORS
330
10000AAC
102
}
330
10000AAC
100
AcDbXrecord
1000
LP90B
  0
XRECORD
  5
10000AAE
102
{ACAD_REACTORS
330
10000AAC
102
}
330
10000AAC
100
AcDbXrecord
1000
JPD
  0
XRECORD
  5
10000AB3
102
{ACAD_REACTORS
330
10000AB0
102
}
330
10000AB0
100
AcDbXrecord
 40
0.0005
  0
XRECORD
  5
10000AB1
102
{ACAD_REACTORS
330
10000AB0
102
}
330
10000AB0
100
AcDbXrecord
1000
LPl1B
  0
XRECORD
  5
10000AB2
102
{ACAD_REACTORS
330
10000AB0
102
}
330
10000AB0
100
AcDbXrecord
1000
JPK
  0
XRECORD
  5
10000AB4
102
{ACAD_REACTORS
330
10000AB0
102
}
330
10000AB0
100
AcDbXrecord
1000
JPD
  0
XRECORD
  5
10000AB7
102
{ACAD_REACTORS
330
10000AB6
102
}
330
10000AB6
100
AcDbXrecord
1000
LPF1B
  0
XRECORD
  5
10000AB8
102
{ACAD_REACTORS
330
10000AB6
102
}
330
10000AB6
100
AcDbXrecord
1000
JPD
  0
XRECORD
  5
10000ABD
102
{ACAD_REACTORS
330
10000ABA
102
}
330
10000ABA
100
AcDbXrecord
 40
0.0005
  0
XRECORD
  5
10000ABB
102
{ACAD_REACTORS
330
10000ABA
102
}
330
10000ABA
100
AcDbXrecord
1000
LPV2B
  0
XRECORD
  5
10000ABC
102
{ACAD_REACTORS
330
10000ABA
102
}
330
10000ABA
100
AcDbXrecord
1000
JPK
  0
XRECORD
  5
10000ABE
102
{ACAD_REACTORS
330
10000ABA
102
}
330
10000ABA
100
AcDbXrecord
1000
JPD
  0
XRECORD
  5
10000AC1
102
{ACAD_REACTORS
330
10000AC0
102
}
330
10000AC0
100
AcDbXrecord
1000
LP11B
  0
XRECORD
  5
10000AC2
102
{ACAD_REACTORS
330
10000AC0
102
}
330
10000AC0
100
AcDbXrecord
1000
JPD
  0
XRECORD
  5
10000AC7
102
{ACAD_REACTORS
330
10000AC4
102
}
330
10000AC4
100
AcDbXrecord
 40
0.0005
  0
XRECORD
  5
10000AC5
102
{ACAD_REACTORS
330
10000AC4
102
}
330
10000AC4
100
AcDbXrecord
1000
LPd2B
  0
XRECORD
  5
10000AC6
102
{ACAD_REACTORS
330
10000AC4
102
}
330
10000AC4
100
AcDbXrecord
1000
JPK
  0
XRECORD
  5
10000AC8
102
{ACAD_REACTORS
330
10000AC4
102
}
330
10000AC4
100
AcDbXrecord
1000
JPD
  0
XRECORD
  5
10000ACB
102
{ACAD_REACTORS
330
10000ACA
102
}
330
10000ACA
100
AcDbXrecord
1000
LPN2B
  0
XRECORD
  5
10000ACC
102
{ACAD_REACTORS
330
10000ACA
102
}
330
10000ACA
100
AcDbXrecord
1000
JPD
  0
XRECORD
  5
10000AD1
102
{ACAD_REACTORS
330
10000ACE
102
}
330
10000ACE
100
AcDbXrecord
 40
0.0005
  0
XRECORD
  5
10000ACF
102
{ACAD_REACTORS
330
10000ACE
102
}
330
10000ACE
100
AcDbXrecord
1000
LPt2B
  0
XRECORD
  5
10000AD0
102
{ACAD_REACTORS
330
10000ACE
102
}
330
10000ACE
100
AcDbXrecord
1000
JPK
  0
XRECORD
  5
10000AD2
102
{ACAD_REACTORS
330
10000ACE
102
}
330
10000ACE
100
AcDbXrecord
1000
JPD
  0
XRECORD
  5
10000AD5
102
{ACAD_REACTORS
330
10000AD4
102
}
330
10000AD4
100
AcDbXrecord
1000
LP91B
  0
XRECORD
  5
10000AD6
102
{ACAD_REACTORS
330
10000AD4
102
}
330
10000AD4
100
AcDbXrecord
1000
JPD
  0
XRECORD
  5
10000ADB
102
{ACAD_REACTORS
330
10000AD8
102
}
330
10000AD8
100
AcDbXrecord
 40
0.0005
  0
XRECORD
  5
10000AD9
102
{ACAD_REACTORS
330
10000AD8
102
}
330
10000AD8
100
AcDbXrecord
1000
LPl2B
  0
XRECORD
  5
10000ADA
102
{ACAD_REACTORS
330
10000AD8
102
}
330
10000AD8
100
AcDbXrecord
1000
JPK
  0
XRECORD
  5
10000ADC
102
{ACAD_REACTORS
330
10000AD8
102
}
330
10000AD8
100
AcDbXrecord
1000
JPD
  0
XRECORD
  5
10000ADF
102
{ACAD_REACTORS
330
10000ADE
102
}
330
10000ADE
100
AcDbXrecord
1000
LPF2B
  0
XRECORD
  5
10000AE0
102
{ACAD_REACTORS
330
10000ADE
102
}
330
10000ADE
100
AcDbXrecord
1000
JPD
  0
XRECORD
  5
10000AE5
102
{ACAD_REACTORS
330
10000AE2
102
}
330
10000AE2
100
AcDbXrecord
 40
0.0005
  0
XRECORD
  5
10000AE3
102
{ACAD_REACTORS
330
10000AE2
102
}
330
10000AE2
100
AcDbXrecord
1000
LPV3B
  0
XRECORD
  5
10000AE4
102
{ACAD_REACTORS
330
10000AE2
102
}
330
10000AE2
100
AcDbXrecord
1000
JPK
  0
XRECORD
  5
10000AE6
102
{ACAD_REACTORS
330
10000AE2
102
}
330
10000AE2
100
AcDbXrecord
1000
JPD
  0
XRECORD
  5
10000AE9
102
{ACAD_REACTORS
330
10000AE8
102
}
330
10000AE8
100
AcDbXrecord
1000
LP12B
  0
XRECORD
  5
10000AEA
102
{ACAD_REACTORS
330
10000AE8
102
}
330
10000AE8
100
AcDbXrecord
1000
JPD
  0
XRECORD
  5
10000AEF
102
{ACAD_REACTORS
330
10000AEC
102
}
330
10000AEC
100
AcDbXrecord
 40
0.0005
  0
XRECORD
  5
10000AED
102
{ACAD_REACTORS
330
10000AEC
102
}
330
10000AEC
100
AcDbXrecord
1000
LPd3B
  0
XRECORD
  5
10000AEE
102
{ACAD_REACTORS
330
10000AEC
102
}
330
10000AEC
100
AcDbXrecord
1000
JPK
  0
XRECORD
  5
10000AF0
102
{ACAD_REACTORS
330
10000AEC
102
}
330
10000AEC
100
AcDbXrecord
1000
JPD
  0
XRECORD
  5
10000AF3
102
{ACAD_REACTORS
330
10000AF2
102
}
330
10000AF2
100
AcDbXrecord
1000
LPN3B
  0
XRECORD
  5
10000AF4
102
{ACAD_REACTORS
330
10000AF2
102
}
330
10000AF2
100
AcDbXrecord
1000
JPD
  0
XRECORD
  5
10000AF9
102
{ACAD_REACTORS
330
10000AF6
102
}
330
10000AF6
100
AcDbXrecord
 40
0.0005
  0
XRECORD
  5
10000AF7
102
{ACAD_REACTORS
330
10000AF6
102
}
330
10000AF6
100
AcDbXrecord
1000
LPt3B
  0
XRECORD
  5
10000AF8
102
{ACAD_REACTORS
330
10000AF6
102
}
330
10000AF6
100
AcDbXrecord
1000
JPK
  0
XRECORD
  5
10000AFA
102
{ACAD_REACTORS
330
10000AF6
102
}
330
10000AF6
100
AcDbXrecord
1000
JPD
  0
XRECORD
  5
10000AFD
102
{ACAD_REACTORS
330
10000AFC
102
}
330
10000AFC
100
AcDbXrecord
1000
LP92B
  0
XRECORD
  5
10000AFE
102
{ACAD_REACTORS
330
10000AFC
102
}
330
10000AFC
100
AcDbXrecord
1000
JPD
  0
XRECORD
  5
10000B03
102
{ACAD_REACTORS
330
10000B00
102
}
330
10000B00
100
AcDbXrecord
 40
0.0005
  0
XRECORD
  5
10000B01
102
{ACAD_REACTORS
330
10000B00
102
}
330
10000B00
100
AcDbXrecord
1000
LPl3B
  0
XRECORD
  5
10000B02
102
{ACAD_REACTORS
330
10000B00
102
}
330
10000B00
100
AcDbXrecord
1000
JPK
  0
XRECORD
  5
10000B04
102
{ACAD_REACTORS
330
10000B00
102
}
330
10000B00
100
AcDbXrecord
1000
JPD
  0
XRECORD
  5
10000B07
102
{ACAD_REACTORS
330
10000B06
102
}
330
10000B06
100
AcDbXrecord
1000
LPF3B
  0
XRECORD
  5
10000B08
102
{ACAD_REACTORS
330
10000B06
102
}
330
10000B06
100
AcDbXrecord
1000
JPD
  0
XRECORD
  5
10000B0D
102
{ACAD_REACTORS
330
10000B0A
102
}
330
10000B0A
100
AcDbXrecord
 40
0.0005
  0
XRECORD
  5
10000B0B
102
{ACAD_REACTORS
330
10000B0A
102
}
330
10000B0A
100
AcDbXrecord
1000
LPV4B
  0
XRECORD
  5
10000B0C
102
{ACAD_REACTORS
330
10000B0A
102
}
330
10000B0A
100
AcDbXrecord
1000
JPK
  0
XRECORD
  5
10000B0E
102
{ACAD_REACTORS
330
10000B0A
102
}
330
10000B0A
100
AcDbXrecord
1000
JPD
  0
XRECORD
  5
10000B11
102
{ACAD_REACTORS
330
10000B10
102
}
330
10000B10
100
AcDbXrecord
1000
LP13B
  0
XRECORD
  5
10000B12
102
{ACAD_REACTORS
330
10000B10
102
}
330
10000B10
100
AcDbXrecord
1000
JPD
  0
XRECORD
  5
10000B17
102
{ACAD_REACTORS
330
10000B14
102
}
330
10000B14
100
AcDbXrecord
 40
0.0005
  0
XRECORD
  5
10000B15
102
{ACAD_REACTORS
330
10000B14
102
}
330
10000B14
100
AcDbXrecord
1000
LPd4B
  0
XRECORD
  5
10000B16
102
{ACAD_REACTORS
330
10000B14
102
}
330
10000B14
100
AcDbXrecord
1000
JPK
  0
XRECORD
  5
10000B18
102
{ACAD_REACTORS
330
10000B14
102
}
330
10000B14
100
AcDbXrecord
1000
JPD
  0
XRECORD
  5
10000B1B
102
{ACAD_REACTORS
330
10000B1A
102
}
330
10000B1A
100
AcDbXrecord
1000
LPN4B
  0
XRECORD
  5
10000B1C
102
{ACAD_REACTORS
330
10000B1A
102
}
330
10000B1A
100
AcDbXrecord
1000
JPD
  0
XRECORD
  5
10000B21
102
{ACAD_REACTORS
330
10000B1E
102
}
330
10000B1E
100
AcDbXrecord
 40
0.0005
  0
XRECORD
  5
10000B1F
102
{ACAD_REACTORS
330
10000B1E
102
}
330
10000B1E
100
AcDbXrecord
1000
LPt4B
  0
XRECORD
  5
10000B20
102
{ACAD_REACTORS
330
10000B1E
102
}
330
10000B1E
100
AcDbXrecord
1000
JPK
  0
XRECORD
  5
10000B22
102
{ACAD_REACTORS
330
10000B1E
102
}
330
10000B1E
100
AcDbXrecord
1000
JPD
  0
XRECORD
  5
10000B25
102
{ACAD_REACTORS
330
10000B24
102
}
330
10000B24
100
AcDbXrecord
1000
LP93B
  0
XRECORD
  5
10000B26
102
{ACAD_REACTORS
330
10000B24
102
}
330
10000B24
100
AcDbXrecord
1000
JPD
  0
XRECORD
  5
10000B2B
102
{ACAD_REACTORS
330
10000B28
102
}
330
10000B28
100
AcDbXrecord
 40
0.0005
  0
XRECORD
  5
10000B29
102
{ACAD_REACTORS
330
10000B28
102
}
330
10000B28
100
AcDbXrecord
1000
LPl4B
  0
XRECORD
  5
10000B2A
102
{ACAD_REACTORS
330
10000B28
102
}
330
10000B28
100
AcDbXrecord
1000
JPK
  0
XRECORD
  5
10000B2C
102
{ACAD_REACTORS
330
10000B28
102
}
330
10000B28
100
AcDbXrecord
1000
JPD
  0
XRECORD
  5
10000B2F
102
{ACAD_REACTORS
330
10000B2E
102
}
330
10000B2E
100
AcDbXrecord
1000
LPF4B
  0
XRECORD
  5
10000B30
102
{ACAD_REACTORS
330
10000B2E
102
}
330
10000B2E
100
AcDbXrecord
1000
JPD
  0
XRECORD
  5
10000B35
102
{ACAD_REACTORS
330
10000B32
102
}
330
10000B32
100
AcDbXrecord
 40
0.0005
  0
XRECORD
  5
10000B33
102
{ACAD_REACTORS
330
10000B32
102
}
330
10000B32
100
AcDbXrecord
1000
LPV5B
  0
XRECORD
  5
10000B34
102
{ACAD_REACTORS
330
10000B32
102
}
330
10000B32
100
AcDbXrecord
1000
JPK
  0
XRECORD
  5
10000B36
102
{ACAD_REACTORS
330
10000B32
102
}
330
10000B32
100
AcDbXrecord
1000
JPD
  0
XRECORD
  5
10000B39
102
{ACAD_REACTORS
330
10000B38
102
}
330
10000B38
100
AcDbXrecord
1000
LP14B
  0
XRECORD
  5
10000B3A
102
{ACAD_REACTORS
330
10000B38
102
}
330
10000B38
100
AcDbXrecord
1000
JPD
  0
XRECORD
  5
10000B3F
102
{ACAD_REACTORS
330
10000B3C
102
}
330
10000B3C
100
AcDbXrecord
 40
0.0005
  0
XRECORD
  5
10000B3D
102
{ACAD_REACTORS
330
10000B3C
102
}
330
10000B3C
100
AcDbXrecord
1000
LPd5B
  0
XRECORD
  5
10000B3E
102
{ACAD_REACTORS
330
10000B3C
102
}
330
10000B3C
100
AcDbXrecord
1000
JPK
  0
XRECORD
  5
10000B40
102
{ACAD_REACTORS
330
10000B3C
102
}
330
10000B3C
100
AcDbXrecord
1000
JPD
  0
XRECORD
  5
10000B43
102
{ACAD_REACTORS
330
10000B42
102
}
330
10000B42
100
AcDbXrecord
1000
LPN5B
  0
XRECORD
  5
10000B44
102
{ACAD_REACTORS
330
10000B42
102
}
330
10000B42
100
AcDbXrecord
1000
JPD
  0
XRECORD
  5
10000B49
102
{ACAD_REACTORS
330
10000B46
102
}
330
10000B46
100
AcDbXrecord
 40
0.0005
  0
XRECORD
  5
10000B47
102
{ACAD_REACTORS
330
10000B46
102
}
330
10000B46
100
AcDbXrecord
1000
LPt5B
  0
XRECORD
  5
10000B48
102
{ACAD_REACTORS
330
10000B46
102
}
330
10000B46
100
AcDbXrecord
1000
JPK
  0
XRECORD
  5
10000B4A
102
{ACAD_REACTORS
330
10000B46
102
}
330
10000B46
100
AcDbXrecord
1000
JPD
  0
XRECORD
  5
10000B4D
102
{ACAD_REACTORS
330
10000B4C
102
}
330
10000B4C
100
AcDbXrecord
1000
LP94B
  0
XRECORD
  5
10000B4E
102
{ACAD_REACTORS
330
10000B4C
102
}
330
10000B4C
100
AcDbXrecord
1000
JPD
  0
XRECORD
  5
10000B53
102
{ACAD_REACTORS
330
10000B50
102
}
330
10000B50
100
AcDbXrecord
 40
0.0005
  0
XRECORD
  5
10000B51
102
{ACAD_REACTORS
330
10000B50
102
}
330
10000B50
100
AcDbXrecord
1000
LPl5B
  0
XRECORD
  5
10000B52
102
{ACAD_REACTORS
330
10000B50
102
}
330
10000B50
100
AcDbXrecord
1000
JPK
  0
XRECORD
  5
10000B54
102
{ACAD_REACTORS
330
10000B50
102
}
330
10000B50
100
AcDbXrecord
1000
JPD
  0
XRECORD
  5
10000B57
102
{ACAD_REACTORS
330
10000B56
102
}
330
10000B56
100
AcDbXrecord
1000
LPF5B
  0
XRECORD
  5
10000B58
102
{ACAD_REACTORS
330
10000B56
102
}
330
10000B56
100
AcDbXrecord
1000
JPD
  0
XRECORD
  5
10000B5D
102
{ACAD_REACTORS
330
10000B5A
102
}
330
10000B5A
100
AcDbXrecord
 40
0.0005
  0
XRECORD
  5
10000B5B
102
{ACAD_REACTORS
330
10000B5A
102
}
330
10000B5A
100
AcDbXrecord
1000
LPV6B
  0
XRECORD
  5
10000B5C
102
{ACAD_REACTORS
330
10000B5A
102
}
330
10000B5A
100
AcDbXrecord
1000
JPK
  0
XRECORD
  5
10000B5E
102
{ACAD_REACTORS
330
10000B5A
102
}
330
10000B5A
100
AcDbXrecord
1000
JPD
  0
XRECORD
  5
10000B61
102
{ACAD_REACTORS
330
10000B60
102
}
330
10000B60
100
AcDbXrecord
1000
LP15B
  0
XRECORD
  5
10000B62
102
{ACAD_REACTORS
330
10000B60
102
}
330
10000B60
100
AcDbXrecord
1000
JPD
  0
XRECORD
  5
10000B67
102
{ACAD_REACTORS
330
10000B64
102
}
330
10000B64
100
AcDbXrecord
 40
0.0005
  0
XRECORD
  5
10000B65
102
{ACAD_REACTORS
330
10000B64
102
}
330
10000B64
100
AcDbXrecord
1000
LPd6B
  0
XRECORD
  5
10000B66
102
{ACAD_REACTORS
330
10000B64
102
}
330
10000B64
100
AcDbXrecord
1000
JPK
  0
XRECORD
  5
10000B68
102
{ACAD_REACTORS
330
10000B64
102
}
330
10000B64
100
AcDbXrecord
1000
JPD
  0
XRECORD
  5
10000B6B
102
{ACAD_REACTORS
330
10000B6A
102
}
330
10000B6A
100
AcDbXrecord
1000
LPN6B
  0
XRECORD
  5
10000B6C
102
{ACAD_REACTORS
330
10000B6A
102
}
330
10000B6A
100
AcDbXrecord
1000
JPD
  0
XRECORD
  5
10000B71
102
{ACAD_REACTORS
330
10000B6E
102
}
330
10000B6E
100
AcDbXrecord
 40
0.0005
  0
XRECORD
  5
10000B6F
102
{ACAD_REACTORS
330
10000B6E
102
}
330
10000B6E
100
AcDbXrecord
1000
LPt6B
  0
XRECORD
  5
10000B70
102
{ACAD_REACTORS
330
10000B6E
102
}
330
10000B6E
100
AcDbXrecord
1000
JPK
  0
XRECORD
  5
10000B72
102
{ACAD_REACTORS
330
10000B6E
102
}
330
10000B6E
100
AcDbXrecord
1000
JPD
  0
XRECORD
  5
10000B75
102
{ACAD_REACTORS
330
10000B74
102
}
330
10000B74
100
AcDbXrecord
1000
LP95B
  0
XRECORD
  5
10000B76
102
{ACAD_REACTORS
330
10000B74
102
}
330
10000B74
100
AcDbXrecord
1000
JPD
  0
XRECORD
  5
10000B7B
102
{ACAD_REACTORS
330
10000B78
102
}
330
10000B78
100
AcDbXrecord
 40
0.0005
  0
XRECORD
  5
10000B79
102
{ACAD_REACTORS
330
10000B78
102
}
330
10000B78
100
AcDbXrecord
1000
LPl6B
  0
XRECORD
  5
10000B7A
102
{ACAD_REACTORS
330
10000B78
102
}
330
10000B78
100
AcDbXrecord
1000
JPK
  0
XRECORD
  5
10000B7C
102
{ACAD_REACTORS
330
10000B78
102
}
330
10000B78
100
AcDbXrecord
1000
JPD
  0
XRECORD
  5
10000B7F
102
{ACAD_REACTORS
330
10000B7E
102
}
330
10000B7E
100
AcDbXrecord
1000
LPF6B
  0
XRECORD
  5
10000B80
102
{ACAD_REACTORS
330
10000B7E
102
}
330
10000B7E
100
AcDbXrecord
1000
JPD
  0
XRECORD
  5
10000B85
102
{ACAD_REACTORS
330
10000B82
102
}
330
10000B82
100
AcDbXrecord
 40
0.0005
  0
XRECORD
  5
10000B83
102
{ACAD_REACTORS
330
10000B82
102
}
330
10000B82
100
AcDbXrecord
1000
LPV7B
  0
XRECORD
  5
10000B84
102
{ACAD_REACTORS
330
10000B82
102
}
330
10000B82
100
AcDbXrecord
1000
JPK
  0
XRECORD
  5
10000B86
102
{ACAD_REACTORS
330
10000B82
102
}
330
10000B82
100
AcDbXrecord
1000
JPD
  0
XRECORD
  5
10000B89
102
{ACAD_REACTORS
330
10000B88
102
}
330
10000B88
100
AcDbXrecord
1000
LP16B
  0
XRECORD
  5
10000B8A
102
{ACAD_REACTORS
330
10000B88
102
}
330
10000B88
100
AcDbXrecord
1000
JPD
  0
XRECORD
  5
10000B8F
102
{ACAD_REACTORS
330
10000B8C
102
}
330
10000B8C
100
AcDbXrecord
 40
0.0005
  0
XRECORD
  5
10000B8D
102
{ACAD_REACTORS
330
10000B8C
102
}
330
10000B8C
100
AcDbXrecord
1000
LPd7B
  0
XRECORD
  5
10000B8E
102
{ACAD_REACTORS
330
10000B8C
102
}
330
10000B8C
100
AcDbXrecord
1000
JPK
  0
XRECORD
  5
10000B90
102
{ACAD_REACTORS
330
10000B8C
102
}
330
10000B8C
100
AcDbXrecord
1000
JPD
  0
XRECORD
  5
10000B93
102
{ACAD_REACTORS
330
10000B92
102
}
330
10000B92
100
AcDbXrecord
1000
LPN7B
  0
XRECORD
  5
10000B94
102
{ACAD_REACTORS
330
10000B92
102
}
330
10000B92
100
AcDbXrecord
1000
JPD
  0
XRECORD
  5
10000B99
102
{ACAD_REACTORS
330
10000B96
102
}
330
10000B96
100
AcDbXrecord
 40
0.0005
  0
XRECORD
  5
10000B97
102
{ACAD_REACTORS
330
10000B96
102
}
330
10000B96
100
AcDbXrecord
1000
LPt7B
  0
XRECORD
  5
10000B98
102
{ACAD_REACTORS
330
10000B96
102
}
330
10000B96
100
AcDbXrecord
1000
JPK
  0
XRECORD
  5
10000B9A
102
{ACAD_REACTORS
330
10000B96
102
}
330
10000B96
100
AcDbXrecord
1000
JPD
  0
XRECORD
  5
10000B9D
102
{ACAD_REACTORS
330
10000B9C
102
}
330
10000B9C
100
AcDbXrecord
1000
LP96B
  0
XRECORD
  5
10000B9E
102
{ACAD_REACTORS
330
10000B9C
102
}
330
10000B9C
100
AcDbXrecord
1000
JPD
  0
XRECORD
  5
10000BA3
102
{ACAD_REACTORS
330
10000BA0
102
}
330
10000BA0
100
AcDbXrecord
 40
0.0005
  0
XRECORD
  5
10000BA1
102
{ACAD_REACTORS
330
10000BA0
102
}
330
10000BA0
100
AcDbXrecord
1000
LPl7B
  0
XRECORD
  5
10000BA2
102
{ACAD_REACTORS
330
10000BA0
102
}
330
10000BA0
100
AcDbXrecord
1000
JPK
  0
XRECORD
  5
10000BA4
102
{ACAD_REACTORS
330
10000BA0
102
}
330
10000BA0
100
AcDbXrecord
1000
JPD
  0
XRECORD
  5
10000BA7
102
{ACAD_REACTORS
330
10000BA6
102
}
330
10000BA6
100
AcDbXrecord
1000
LPF7B
  0
XRECORD
  5
10000BA8
102
{ACAD_REACTORS
330
10000BA6
102
}
330
10000BA6
100
AcDbXrecord
1000
JPD
  0
XRECORD
  5
10000BAD
102
{ACAD_REACTORS
330
10000BAA
102
}
330
10000BAA
100
AcDbXrecord
 40
0.0005
  0
XRECORD
  5
10000BAB
102
{ACAD_REACTORS
330
10000BAA
102
}
330
10000BAA
100
AcDbXrecord
1000
LPV8B
  0
XRECORD
  5
10000BAC
102
{ACAD_REACTORS
330
10000BAA
102
}
330
10000BAA
100
AcDbXrecord
1000
JPK
  0
XRECORD
  5
10000BAE
102
{ACAD_REACTORS
330
10000BAA
102
}
330
10000BAA
100
AcDbXrecord
1000
JPD
  0
XRECORD
  5
10000BB1
102
{ACAD_REACTORS
330
10000BB0
102
}
330
10000BB0
100
AcDbXrecord
1000
LP17B
  0
XRECORD
  5
10000BB2
102
{ACAD_REACTORS
330
10000BB0
102
}
330
10000BB0
100
AcDbXrecord
1000
JPD
  0
XRECORD
  5
10000BB7
102
{ACAD_REACTORS
330
10000BB4
102
}
330
10000BB4
100
AcDbXrecord
 40
0.0005
  0
XRECORD
  5
10000BB5
102
{ACAD_REACTORS
330
10000BB4
102
}
330
10000BB4
100
AcDbXrecord
1000
LPd8B
  0
XRECORD
  5
10000BB6
102
{ACAD_REACTORS
330
10000BB4
102
}
330
10000BB4
100
AcDbXrecord
1000
JPK
  0
XRECORD
  5
10000BB8
102
{ACAD_REACTORS
330
10000BB4
102
}
330
10000BB4
100
AcDbXrecord
1000
JPD
  0
XRECORD
  5
10000BBB
102
{ACAD_REACTORS
330
10000BBA
102
}
330
10000BBA
100
AcDbXrecord
1000
LPN8B
  0
XRECORD
  5
10000BBC
102
{ACAD_REACTORS
330
10000BBA
102
}
330
10000BBA
100
AcDbXrecord
1000
JPD
  0
XRECORD
  5
10000BC1
102
{ACAD_REACTORS
330
10000BBE
102
}
330
10000BBE
100
AcDbXrecord
 40
0.0005
  0
XRECORD
  5
10000BBF
102
{ACAD_REACTORS
330
10000BBE
102
}
330
10000BBE
100
AcDbXrecord
1000
LPt8B
  0
XRECORD
  5
10000BC0
102
{ACAD_REACTORS
330
10000BBE
102
}
330
10000BBE
100
AcDbXrecord
1000
JPK
  0
XRECORD
  5
10000BC2
102
{ACAD_REACTORS
330
10000BBE
102
}
330
10000BBE
100
AcDbXrecord
1000
JPD
  0
XRECORD
  5
10000BC5
102
{ACAD_REACTORS
330
10000BC4
102
}
330
10000BC4
100
AcDbXrecord
1000
LP97B
  0
XRECORD
  5
10000BC6
102
{ACAD_REACTORS
330
10000BC4
102
}
330
10000BC4
100
AcDbXrecord
1000
JPD
  0
XRECORD
  5
10000BCB
102
{ACAD_REACTORS
330
10000BC8
102
}
330
10000BC8
100
AcDbXrecord
 40
0.0005
  0
XRECORD
  5
10000BC9
102
{ACAD_REACTORS
330
10000BC8
102
}
330
10000BC8
100
AcDbXrecord
1000
LPl8B
  0
XRECORD
  5
10000BCA
102
{ACAD_REACTORS
330
10000BC8
102
}
330
10000BC8
100
AcDbXrecord
1000
JPK
  0
XRECORD
  5
10000BCC
102
{ACAD_REACTORS
330
10000BC8
102
}
330
10000BC8
100
AcDbXrecord
1000
JPD
  0
XRECORD
  5
10000BCF
102
{ACAD_REACTORS
330
10000BCE
102
}
330
10000BCE
100
AcDbXrecord
1000
LPF8B
  0
XRECORD
  5
10000BD0
102
{ACAD_REACTORS
330
10000BCE
102
}
330
10000BCE
100
AcDbXrecord
1000
JPD
  0
XRECORD
  5
10000BD5
102
{ACAD_REACTORS
330
10000BD2
102
}
330
10000BD2
100
AcDbXrecord
 40
0.0005
  0
XRECORD
  5
10000BD3
102
{ACAD_REACTORS
330
10000BD2
102
}
330
10000BD2
100
AcDbXrecord
1000
LPV9B
  0
XRECORD
  5
10000BD4
102
{ACAD_REACTORS
330
10000BD2
102
}
330
10000BD2
100
AcDbXrecord
1000
JPK
  0
XRECORD
  5
10000BD6
102
{ACAD_REACTORS
330
10000BD2
102
}
330
10000BD2
100
AcDbXrecord
1000
JPD
  0
XRECORD
  5
10000BD9
102
{ACAD_REACTORS
330
10000BD8
102
}
330
10000BD8
100
AcDbXrecord
1000
LP18B
  0
XRECORD
  5
10000BDA
102
{ACAD_REACTORS
330
10000BD8
102
}
330
10000BD8
100
AcDbXrecord
1000
JPD
  0
XRECORD
  5
10000BDF
102
{ACAD_REACTORS
330
10000BDC
102
}
330
10000BDC
100
AcDbXrecord
 40
0.0005
  0
XRECORD
  5
10000BDD
102
{ACAD_REACTORS
330
10000BDC
102
}
330
10000BDC
100
AcDbXrecord
1000
LPd9B
  0
XRECORD
  5
10000BDE
102
{ACAD_REACTORS
330
10000BDC
102
}
330
10000BDC
100
AcDbXrecord
1000
JPK
  0
XRECORD
  5
10000BE0
102
{ACAD_REACTORS
330
10000BDC
102
}
330
10000BDC
100
AcDbXrecord
1000
JPD
  0
XRECORD
  5
10000BE3
102
{ACAD_REACTORS
330
10000BE2
102
}
330
10000BE2
100
AcDbXrecord
1000
LPN9B
  0
XRECORD
  5
10000BE4
102
{ACAD_REACTORS
330
10000BE2
102
}
330
10000BE2
100
AcDbXrecord
1000
JPD
  0
XRECORD
  5
10000BE9
102
{ACAD_REACTORS
330
10000BE6
102
}
330
10000BE6
100
AcDbXrecord
 40
0.0005
  0
XRECORD
  5
10000BE7
102
{ACAD_REACTORS
330
10000BE6
102
}
330
10000BE6
100
AcDbXrecord
1000
LPt9B
  0
XRECORD
  5
10000BE8
102
{ACAD_REACTORS
330
10000BE6
102
}
330
10000BE6
100
AcDbXrecord
1000
JPK
  0
XRECORD
  5
10000BEA
102
{ACAD_REACTORS
330
10000BE6
102
}
330
10000BE6
100
AcDbXrecord
1000
JPD
  0
XRECORD
  5
10000BED
102
{ACAD_REACTORS
330
10000BEC
102
}
330
10000BEC
100
AcDbXrecord
1000
LP98B
  0
XRECORD
  5
10000BEE
102
{ACAD_REACTORS
330
10000BEC
102
}
330
10000BEC
100
AcDbXrecord
1000
JPD
  0
XRECORD
  5
10000BF3
102
{ACAD_REACTORS
330
10000BF0
102
}
330
10000BF0
100
AcDbXrecord
 40
0.0005
  0
XRECORD
  5
10000BF1
102
{ACAD_REACTORS
330
10000BF0
102
}
330
10000BF0
100
AcDbXrecord
1000
LPl9B
  0
XRECORD
  5
10000BF2
102
{ACAD_REACTORS
330
10000BF0
102
}
330
10000BF0
100
AcDbXrecord
1000
JPK
  0
XRECORD
  5
10000BF4
102
{ACAD_REACTORS
330
10000BF0
102
}
330
10000BF0
100
AcDbXrecord
1000
JPD
  0
XRECORD
  5
10000BF7
102
{ACAD_REACTORS
330
10000BF6
102
}
330
10000BF6
100
AcDbXrecord
1000
LPF9B
  0
XRECORD
  5
10000BF8
102
{ACAD_REACTORS
330
10000BF6
102
}
330
10000BF6
100
AcDbXrecord
1000
JPD
  0
XRECORD
  5
10000BFD
102
{ACAD_REACTORS
330
10000BFA
102
}
330
10000BFA
100
AcDbXrecord
 40
0.0005
  0
XRECORD
  5
10000BFB
102
{ACAD_REACTORS
330
10000BFA
102
}
330
10000BFA
100
AcDbXrecord
1000
LPV+B
  0
XRECORD
  5
10000BFC
102
{ACAD_REACTORS
330
10000BFA
102
}
330
10000BFA
100
AcDbXrecord
1000
JPK
  0
XRECORD
  5
10000BFE
102
{ACAD_REACTORS
330
10000BFA
102
}
330
10000BFA
100
AcDbXrecord
1000
JPD
  0
XRECORD
  5
10000C01
102
{ACAD_REACTORS
330
10000C00
102
}
330
10000C00
100
AcDbXrecord
1000
LP19B
  0
XRECORD
  5
10000C02
102
{ACAD_REACTORS
330
10000C00
102
}
330
10000C00
100
AcDbXrecord
1000
JPD
  0
XRECORD
  5
10000C07
102
{ACAD_REACTORS
330
10000C04
102
}
330
10000C04
100
AcDbXrecord
 40
0.0005
  0
XRECORD
  5
10000C05
102
{ACAD_REACTORS
330
10000C04
102
}
330
10000C04
100
AcDbXrecord
1000
LPd+B
  0
XRECORD
  5
10000C06
102
{ACAD_REACTORS
330
10000C04
102
}
330
10000C04
100
AcDbXrecord
1000
JPK
  0
XRECORD
  5
10000C08
102
{ACAD_REACTORS
330
10000C04
102
}
330
10000C04
100
AcDbXrecord
1000
JPD
  0
XRECORD
  5
10000C0B
102
{ACAD_REACTORS
330
10000C0A
102
}
330
10000C0A
100
AcDbXrecord
1000
LPN+B
  0
XRECORD
  5
10000C0C
102
{ACAD_REACTORS
330
10000C0A
102
}
330
10000C0A
100
AcDbXrecord
1000
JPD
  0
XRECORD
  5
10000C11
102
{ACAD_REACTORS
330
10000C0E
102
}
330
10000C0E
100
AcDbXrecord
 40
0.0005
  0
XRECORD
  5
10000C0F
102
{ACAD_REACTORS
330
10000C0E
102
}
330
10000C0E
100
AcDbXrecord
1000
LPt+B
  0
XRECORD
  5
10000C10
102
{ACAD_REACTORS
330
10000C0E
102
}
330
10000C0E
100
AcDbXrecord
1000
JPK
  0
XRECORD
  5
10000C12
102
{ACAD_REACTORS
330
10000C0E
102
}
330
10000C0E
100
AcDbXrecord
1000
JPD
  0
XRECORD
  5
10000C15
102
{ACAD_REACTORS
330
10000C14
102
}
330
10000C14
100
AcDbXrecord
1000
LP99B
  0
XRECORD
  5
10000C16
102
{ACAD_REACTORS
330
10000C14
102
}
330
10000C14
100
AcDbXrecord
1000
JPD
  0
XRECORD
  5
10000C1B
102
{ACAD_REACTORS
330
10000C18
102
}
330
10000C18
100
AcDbXrecord
 40
0.0005
  0
XRECORD
  5
10000C19
102
{ACAD_REACTORS
330
10000C18
102
}
330
10000C18
100
AcDbXrecord
1000
LPl+B
  0
XRECORD
  5
10000C1A
102
{ACAD_REACTORS
330
10000C18
102
}
330
10000C18
100
AcDbXrecord
1000
JPK
  0
XRECORD
  5
10000C1C
102
{ACAD_REACTORS
330
10000C18
102
}
330
10000C18
100
AcDbXrecord
1000
JPD
  0
XRECORD
  5
10000C1F
102
{ACAD_REACTORS
330
10000C1E
102
}
330
10000C1E
100
AcDbXrecord
1000
LPF+B
  0
XRECORD
  5
10000C20
102
{ACAD_REACTORS
330
10000C1E
102
}
330
10000C1E
100
AcDbXrecord
1000
JPD
  0
XRECORD
  5
10000C25
102
{ACAD_REACTORS
330
10000C22
102
}
330
10000C22
100
AcDbXrecord
 40
0.0005
  0
XRECORD
  5
10000C23
102
{ACAD_REACTORS
330
10000C22
102
}
330
10000C22
100
AcDbXrecord
1000
LPV/B
  0
XRECORD
  5
10000C24
102
{ACAD_REACTORS
330
10000C22
102
}
330
10000C22
100
AcDbXrecord
1000
JPK
  0
XRECORD
  5
10000C26
102
{ACAD_REACTORS
330
10000C22
102
}
330
10000C22
100
AcDbXrecord
1000
JPD
  0
XRECORD
  5
10000C29
102
{ACAD_REACTORS
330
10000C28
102
}
330
10000C28
100
AcDbXrecord
1000
LP1+B
  0
XRECORD
  5
10000C2A
102
{ACAD_REACTORS
330
10000C28
102
}
330
10000C28
100
AcDbXrecord
1000
JPD
  0
XRECORD
  5
10000C2F
102
{ACAD_REACTORS
330
10000C2C
102
}
330
10000C2C
100
AcDbXrecord
 40
0.0005
  0
XRECORD
  5
10000C2D
102
{ACAD_REACTORS
330
10000C2C
102
}
330
10000C2C
100
AcDbXrecord
1000
LPd/B
  0
XRECORD
  5
10000C2E
102
{ACAD_REACTORS
330
10000C2C
102
}
330
10000C2C
100
AcDbXrecord
1000
JPK
  0
XRECORD
  5
10000C30
102
{ACAD_REACTORS
330
10000C2C
102
}
330
10000C2C
100
AcDbXrecord
1000
JPD
  0
XRECORD
  5
10000C33
102
{ACAD_REACTORS
330
10000C32
102
}
330
10000C32
100
AcDbXrecord
1000
LPN/B
  0
XRECORD
  5
10000C34
102
{ACAD_REACTORS
330
10000C32
102
}
330
10000C32
100
AcDbXrecord
1000
JPD
  0
XRECORD
  5
10000C39
102
{ACAD_REACTORS
330
10000C36
102
}
330
10000C36
100
AcDbXrecord
 40
0.0005
  0
XRECORD
  5
10000C37
102
{ACAD_REACTORS
330
10000C36
102
}
330
10000C36
100
AcDbXrecord
1000
LPt/B
  0
XRECORD
  5
10000C38
102
{ACAD_REACTORS
330
10000C36
102
}
330
10000C36
100
AcDbXrecord
1000
JPK
  0
XRECORD
  5
10000C3A
102
{ACAD_REACTORS
330
10000C36
102
}
330
10000C36
100
AcDbXrecord
1000
JPD
  0
XRECORD
  5
10000C3D
102
{ACAD_REACTORS
330
10000C3C
102
}
330
10000C3C
100
AcDbXrecord
1000
LP9+B
  0
XRECORD
  5
10000C3E
102
{ACAD_REACTORS
330
10000C3C
102
}
330
10000C3C
100
AcDbXrecord
1000
JPD
  0
XRECORD
  5
10000C43
102
{ACAD_REACTORS
330
10000C40
102
}
330
10000C40
100
AcDbXrecord
 40
0.0005
  0
XRECORD
  5
10000C41
102
{ACAD_REACTORS
330
10000C40
102
}
330
10000C40
100
AcDbXrecord
1000
LPl/B
  0
XRECORD
  5
10000C42
102
{ACAD_REACTORS
330
10000C40
102
}
330
10000C40
100
AcDbXrecord
1000
JPK
  0
XRECORD
  5
10000C44
102
{ACAD_REACTORS
330
10000C40
102
}
330
10000C40
100
AcDbXrecord
1000
JPD
  0
XRECORD
  5
10000C47
102
{ACAD_REACTORS
330
10000C46
102
}
330
10000C46
100
AcDbXrecord
1000
LPF/B
  0
XRECORD
  5
10000C48
102
{ACAD_REACTORS
330
10000C46
102
}
330
10000C46
100
AcDbXrecord
1000
JPD
  0
XRECORD
  5
10000C4D
102
{ACAD_REACTORS
330
10000C4A
102
}
330
10000C4A
100
AcDbXrecord
 40
0.0005
  0
XRECORD
  5
10000C4B
102
{ACAD_REACTORS
330
10000C4A
102
}
330
10000C4A
100
AcDbXrecord
1000
LPVAC
  0
XRECORD
  5
10000C4C
102
{ACAD_REACTORS
330
10000C4A
102
}
330
10000C4A
100
AcDbXrecord
1000
JPK
  0
XRECORD
  5
10000C4E
102
{ACAD_REACTORS
330
10000C4A
102
}
330
10000C4A
100
AcDbXrecord
1000
JPD
  0
XRECORD
  5
10000C51
102
{ACAD_REACTORS
330
10000C50
102
}
330
10000C50
100
AcDbXrecord
1000
LP1/B
  0
XRECORD
  5
10000C52
102
{ACAD_REACTORS
330
10000C50
102
}
330
10000C50
100
AcDbXrecord
1000
JPD
  0
XRECORD
  5
10000C57
102
{ACAD_REACTORS
330
10000C54
102
}
330
10000C54
100
AcDbXrecord
 40
0.0005
  0
XRECORD
  5
10000C55
102
{ACAD_REACTORS
330
10000C54
102
}
330
10000C54
100
AcDbXrecord
1000
LPdAC
  0
XRECORD
  5
10000C56
102
{ACAD_REACTORS
330
10000C54
102
}
330
10000C54
100
AcDbXrecord
1000
JPK
  0
XRECORD
  5
10000C58
102
{ACAD_REACTORS
330
10000C54
102
}
330
10000C54
100
AcDbXrecord
1000
JPD
  0
XRECORD
  5
10000C5B
102
{ACAD_REACTORS
330
10000C5A
102
}
330
10000C5A
100
AcDbXrecord
1000
LPNAC
  0
XRECORD
  5
10000C5C
102
{ACAD_REACTORS
330
10000C5A
102
}
330
10000C5A
100
AcDbXrecord
1000
JPD
  0
XRECORD
  5
10000C61
102
{ACAD_REACTORS
330
10000C5E
102
}
330
10000C5E
100
AcDbXrecord
 40
0.0005
  0
XRECORD
  5
10000C5F
102
{ACAD_REACTORS
330
10000C5E
102
}
330
10000C5E
100
AcDbXrecord
1000
LPtAC
  0
XRECORD
  5
10000C60
102
{ACAD_REACTORS
330
10000C5E
102
}
330
10000C5E
100
AcDbXrecord
1000
JPK
  0
XRECORD
  5
10000C62
102
{ACAD_REACTORS
330
10000C5E
102
}
330
10000C5E
100
AcDbXrecord
1000
JPD
  0
XRECORD
  5
10000C65
102
{ACAD_REACTORS
330
10000C64
102
}
330
10000C64
100
AcDbXrecord
1000
LP9/B
  0
XRECORD
  5
10000C66
102
{ACAD_REACTORS
330
10000C64
102
}
330
10000C64
100
AcDbXrecord
1000
JPD
  0
XRECORD
  5
10000C6B
102
{ACAD_REACTORS
330
10000C68
102
}
330
10000C68
100
AcDbXrecord
 40
0.0005
  0
XRECORD
  5
10000C69
102
{ACAD_REACTORS
330
10000C68
102
}
330
10000C68
100
AcDbXrecord
1000
LPlAC
  0
XRECORD
  5
10000C6A
102
{ACAD_REACTORS
330
10000C68
102
}
330
10000C68
100
AcDbXrecord
1000
JPK
  0
XRECORD
  5
10000C6C
102
{ACAD_REACTORS
330
10000C68
102
}
330
10000C68
100
AcDbXrecord
1000
JPD
  0
XRECORD
  5
10000C6F
102
{ACAD_REACTORS
330
10000C6E
102
}
330
10000C6E
100
AcDbXrecord
1000
LPFAC
  0
XRECORD
  5
10000C70
102
{ACAD_REACTORS
330
10000C6E
102
}
330
10000C6E
100
AcDbXrecord
1000
JPD
  0
XRECORD
  5
10000C75
102
{ACAD_REACTORS
330
10000C72
102
}
330
10000C72
100
AcDbXrecord
 40
0.0005
  0
XRECORD
  5
10000C73
102
{ACAD_REACTORS
330
10000C72
102
}
330
10000C72
100
AcDbXrecord
1000
LPVBC
  0
XRECORD
  5
10000C74
102
{ACAD_REACTORS
330
10000C72
102
}
330
10000C72
100
AcDbXrecord
1000
JPK
  0
XRECORD
  5
10000C76
102
{ACAD_REACTORS
330
10000C72
102
}
330
10000C72
100
AcDbXrecord
1000
JPD
  0
XRECORD
  5
10000C79
102
{ACAD_REACTORS
330
10000C78
102
}
330
10000C78
100
AcDbXrecord
1000
LP1AC
  0
XRECORD
  5
10000C7A
102
{ACAD_REACTORS
330
10000C78
102
}
330
10000C78
100
AcDbXrecord
1000
JPD
  0
XRECORD
  5
10000C7F
102
{ACAD_REACTORS
330
10000C7C
102
}
330
10000C7C
100
AcDbXrecord
 40
0.0005
  0
XRECORD
  5
10000C7D
102
{ACAD_REACTORS
330
10000C7C
102
}
330
10000C7C
100
AcDbXrecord
1000
LPdBC
  0
XRECORD
  5
10000C7E
102
{ACAD_REACTORS
330
10000C7C
102
}
330
10000C7C
100
AcDbXrecord
1000
JPK
  0
XRECORD
  5
10000C80
102
{ACAD_REACTORS
330
10000C7C
102
}
330
10000C7C
100
AcDbXrecord
1000
JPD
  0
XRECORD
  5
10000C83
102
{ACAD_REACTORS
330
10000C82
102
}
330
10000C82
100
AcDbXrecord
1000
LPNBC
  0
XRECORD
  5
10000C84
102
{ACAD_REACTORS
330
10000C82
102
}
330
10000C82
100
AcDbXrecord
1000
JPD
  0
XRECORD
  5
10000C89
102
{ACAD_REACTORS
330
10000C86
102
}
330
10000C86
100
AcDbXrecord
 40
0.0005
  0
XRECORD
  5
10000C87
102
{ACAD_REACTORS
330
10000C86
102
}
330
10000C86
100
AcDbXrecord
1000
LPtBC
  0
XRECORD
  5
10000C88
102
{ACAD_REACTORS
330
10000C86
102
}
330
10000C86
100
AcDbXrecord
1000
JPK
  0
XRECORD
  5
10000C8A
102
{ACAD_REACTORS
330
10000C86
102
}
330
10000C86
100
AcDbXrecord
1000
JPD
  0
XRECORD
  5
10000C8D
102
{ACAD_REACTORS
330
10000C8C
102
}
330
10000C8C
100
AcDbXrecord
1000
LP9AC
  0
XRECORD
  5
10000C8E
102
{ACAD_REACTORS
330
10000C8C
102
}
330
10000C8C
100
AcDbXrecord
1000
JPD
  0
XRECORD
  5
10000C93
102
{ACAD_REACTORS
330
10000C90
102
}
330
10000C90
100
AcDbXrecord
 40
0.0005
  0
XRECORD
  5
10000C91
102
{ACAD_REACTORS
330
10000C90
102
}
330
10000C90
100
AcDbXrecord
1000
LPlBC
  0
XRECORD
  5
10000C92
102
{ACAD_REACTORS
330
10000C90
102
}
330
10000C90
100
AcDbXrecord
1000
JPK
  0
XRECORD
  5
10000C94
102
{ACAD_REACTORS
330
10000C90
102
}
330
10000C90
100
AcDbXrecord
1000
JPD
  0
XRECORD
  5
10000C97
102
{ACAD_REACTORS
330
10000C96
102
}
330
10000C96
100
AcDbXrecord
1000
LPFBC
  0
XRECORD
  5
10000C98
102
{ACAD_REACTORS
330
10000C96
102
}
330
10000C96
100
AcDbXrecord
1000
JPD
  0
XRECORD
  5
10000C9D
102
{ACAD_REACTORS
330
10000C9A
102
}
330
10000C9A
100
AcDbXrecord
 40
0.0005
  0
XRECORD
  5
10000C9B
102
{ACAD_REACTORS
330
10000C9A
102
}
330
10000C9A
100
AcDbXrecord
1000
LPVCC
  0
XRECORD
  5
10000C9C
102
{ACAD_REACTORS
330
10000C9A
102
}
330
10000C9A
100
AcDbXrecord
1000
JPK
  0
XRECORD
  5
10000C9E
102
{ACAD_REACTORS
330
10000C9A
102
}
330
10000C9A
100
AcDbXrecord
1000
JPD
  0
XRECORD
  5
10000CA1
102
{ACAD_REACTORS
330
10000CA0
102
}
330
10000CA0
100
AcDbXrecord
1000
LP1BC
  0
XRECORD
  5
10000CA2
102
{ACAD_REACTORS
330
10000CA0
102
}
330
10000CA0
100
AcDbXrecord
1000
JPD
  0
XRECORD
  5
10000CA7
102
{ACAD_REACTORS
330
10000CA4
102
}
330
10000CA4
100
AcDbXrecord
 40
0.0005
  0
XRECORD
  5
10000CA5
102
{ACAD_REACTORS
330
10000CA4
102
}
330
10000CA4
100
AcDbXrecord
1000
LPdCC
  0
XRECORD
  5
10000CA6
102
{ACAD_REACTORS
330
10000CA4
102
}
330
10000CA4
100
AcDbXrecord
1000
JPK
  0
XRECORD
  5
10000CA8
102
{ACAD_REACTORS
330
10000CA4
102
}
330
10000CA4
100
AcDbXrecord
1000
JPD
  0
XRECORD
  5
10000CAB
102
{ACAD_REACTORS
330
10000CAA
102
}
330
10000CAA
100
AcDbXrecord
1000
LPNCC
  0
XRECORD
  5
10000CAC
102
{ACAD_REACTORS
330
10000CAA
102
}
330
10000CAA
100
AcDbXrecord
1000
JPD
  0
XRECORD
  5
10000CB1
102
{ACAD_REACTORS
330
10000CAE
102
}
330
10000CAE
100
AcDbXrecord
 40
0.0005
  0
XRECORD
  5
10000CAF
102
{ACAD_REACTORS
330
10000CAE
102
}
330
10000CAE
100
AcDbXrecord
1000
LPtCC
  0
XRECORD
  5
10000CB0
102
{ACAD_REACTORS
330
10000CAE
102
}
330
10000CAE
100
AcDbXrecord
1000
JPK
  0
XRECORD
  5
10000CB2
102
{ACAD_REACTORS
330
10000CAE
102
}
330
10000CAE
100
AcDbXrecord
1000
JPD
  0
XRECORD
  5
10000CB5
102
{ACAD_REACTORS
330
10000CB4
102
}
330
10000CB4
100
AcDbXrecord
1000
LP9BC
  0
XRECORD
  5
10000CB6
102
{ACAD_REACTORS
330
10000CB4
102
}
330
10000CB4
100
AcDbXrecord
1000
JPD
  0
XRECORD
  5
10000CBB
102
{ACAD_REACTORS
330
10000CB8
102
}
330
10000CB8
100
AcDbXrecord
 40
0.0005
  0
XRECORD
  5
10000CB9
102
{ACAD_REACTORS
330
10000CB8
102
}
330
10000CB8
100
AcDbXrecord
1000
LPlCC
  0
XRECORD
  5
10000CBA
102
{ACAD_REACTORS
330
10000CB8
102
}
330
10000CB8
100
AcDbXrecord
1000
JPK
  0
XRECORD
  5
10000CBC
102
{ACAD_REACTORS
330
10000CB8
102
}
330
10000CB8
100
AcDbXrecord
1000
JPD
  0
XRECORD
  5
10000CBF
102
{ACAD_REACTORS
330
10000CBE
102
}
330
10000CBE
100
AcDbXrecord
1000
LPFCC
  0
XRECORD
  5
10000CC0
102
{ACAD_REACTORS
330
10000CBE
102
}
330
10000CBE
100
AcDbXrecord
1000
JPD
  0
XRECORD
  5
10000CC5
102
{ACAD_REACTORS
330
10000CC2
102
}
330
10000CC2
100
AcDbXrecord
 40
0.0005
  0
XRECORD
  5
10000CC3
102
{ACAD_REACTORS
330
10000CC2
102
}
330
10000CC2
100
AcDbXrecord
1000
LPVDC
  0
XRECORD
  5
10000CC4
102
{ACAD_REACTORS
330
10000CC2
102
}
330
10000CC2
100
AcDbXrecord
1000
JPK
  0
XRECORD
  5
10000CC6
102
{ACAD_REACTORS
330
10000CC2
102
}
330
10000CC2
100
AcDbXrecord
1000
JPD
  0
XRECORD
  5
10000CC9
102
{ACAD_REACTORS
330
10000CC8
102
}
330
10000CC8
100
AcDbXrecord
1000
LP1CC
  0
XRECORD
  5
10000CCA
102
{ACAD_REACTORS
330
10000CC8
102
}
330
10000CC8
100
AcDbXrecord
1000
JPD
  0
XRECORD
  5
10000CCF
102
{ACAD_REACTORS
330
10000CCC
102
}
330
10000CCC
100
AcDbXrecord
 40
0.0005
  0
XRECORD
  5
10000CCD
102
{ACAD_REACTORS
330
10000CCC
102
}
330
10000CCC
100
AcDbXrecord
1000
LPdDC
  0
XRECORD
  5
10000CCE
102
{ACAD_REACTORS
330
10000CCC
102
}
330
10000CCC
100
AcDbXrecord
1000
JPK
  0
XRECORD
  5
10000CD0
102
{ACAD_REACTORS
330
10000CCC
102
}
330
10000CCC
100
AcDbXrecord
1000
JPD
  0
XRECORD
  5
10000CD3
102
{ACAD_REACTORS
330
10000CD2
102
}
330
10000CD2
100
AcDbXrecord
1000
LPNDC
  0
XRECORD
  5
10000CD4
102
{ACAD_REACTORS
330
10000CD2
102
}
330
10000CD2
100
AcDbXrecord
1000
JPD
  0
XRECORD
  5
10000CD9
102
{ACAD_REACTORS
330
10000CD6
102
}
330
10000CD6
100
AcDbXrecord
 40
0.0005
  0
XRECORD
  5
10000CD7
102
{ACAD_REACTORS
330
10000CD6
102
}
330
10000CD6
100
AcDbXrecord
1000
LPtDC
  0
XRECORD
  5
10000CD8
102
{ACAD_REACTORS
330
10000CD6
102
}
330
10000CD6
100
AcDbXrecord
1000
JPK
  0
XRECORD
  5
10000CDA
102
{ACAD_REACTORS
330
10000CD6
102
}
330
10000CD6
100
AcDbXrecord
1000
JPD
  0
XRECORD
  5
10000CDD
102
{ACAD_REACTORS
330
10000CDC
102
}
330
10000CDC
100
AcDbXrecord
1000
LP9CC
  0
XRECORD
  5
10000CDE
102
{ACAD_REACTORS
330
10000CDC
102
}
330
10000CDC
100
AcDbXrecord
1000
JPD
  0
XRECORD
  5
10000CE3
102
{ACAD_REACTORS
330
10000CE0
102
}
330
10000CE0
100
AcDbXrecord
 40
0.0005
  0
XRECORD
  5
10000CE1
102
{ACAD_REACTORS
330
10000CE0
102
}
330
10000CE0
100
AcDbXrecord
1000
LPlDC
  0
XRECORD
  5
10000CE2
102
{ACAD_REACTORS
330
10000CE0
102
}
330
10000CE0
100
AcDbXrecord
1000
JPK
  0
XRECORD
  5
10000CE4
102
{ACAD_REACTORS
330
10000CE0
102
}
330
10000CE0
100
AcDbXrecord
1000
JPD
  0
XRECORD
  5
10000CE7
102
{ACAD_REACTORS
330
10000CE6
102
}
330
10000CE6
100
AcDbXrecord
1000
LPFDC
  0
XRECORD
  5
10000CE8
102
{ACAD_REACTORS
330
10000CE6
102
}
330
10000CE6
100
AcDbXrecord
1000
JPD
  0
XRECORD
  5
10000CED
102
{ACAD_REACTORS
330
10000CEA
102
}
330
10000CEA
100
AcDbXrecord
 40
0.0005
  0
XRECORD
  5
10000CEB
102
{ACAD_REACTORS
330
10000CEA
102
}
330
10000CEA
100
AcDbXrecord
1000
LPVEC
  0
XRECORD
  5
10000CEC
102
{ACAD_REACTORS
330
10000CEA
102
}
330
10000CEA
100
AcDbXrecord
1000
JPK
  0
XRECORD
  5
10000CEE
102
{ACAD_REACTORS
330
10000CEA
102
}
330
10000CEA
100
AcDbXrecord
1000
JPD
  0
XRECORD
  5
10000CF1
102
{ACAD_REACTORS
330
10000CF0
102
}
330
10000CF0
100
AcDbXrecord
1000
LP1DC
  0
XRECORD
  5
10000CF2
102
{ACAD_REACTORS
330
10000CF0
102
}
330
10000CF0
100
AcDbXrecord
1000
JPD
  0
XRECORD
  5
10000CF7
102
{ACAD_REACTORS
330
10000CF4
102
}
330
10000CF4
100
AcDbXrecord
 40
0.0005
  0
XRECORD
  5
10000CF5
102
{ACAD_REACTORS
330
10000CF4
102
}
330
10000CF4
100
AcDbXrecord
1000
LPdEC
  0
XRECORD
  5
10000CF6
102
{ACAD_REACTORS
330
10000CF4
102
}
330
10000CF4
100
AcDbXrecord
1000
JPK
  0
XRECORD
  5
10000CF8
102
{ACAD_REACTORS
330
10000CF4
102
}
330
10000CF4
100
AcDbXrecord
1000
JPD
  0
XRECORD
  5
10000CFB
102
{ACAD_REACTORS
330
10000CFA
102
}
330
10000CFA
100
AcDbXrecord
1000
LPNEC
  0
XRECORD
  5
10000CFC
102
{ACAD_REACTORS
330
10000CFA
102
}
330
10000CFA
100
AcDbXrecord
1000
JPD
  0
XRECORD
  5
10000D01
102
{ACAD_REACTORS
330
10000CFE
102
}
330
10000CFE
100
AcDbXrecord
 40
0.0005
  0
XRECORD
  5
10000CFF
102
{ACAD_REACTORS
330
10000CFE
102
}
330
10000CFE
100
AcDbXrecord
1000
LPtEC
  0
XRECORD
  5
10000D00
102
{ACAD_REACTORS
330
10000CFE
102
}
330
10000CFE
100
AcDbXrecord
1000
JPK
  0
XRECORD
  5
10000D02
102
{ACAD_REACTORS
330
10000CFE
102
}
330
10000CFE
100
AcDbXrecord
1000
JPD
  0
XRECORD
  5
10000D05
102
{ACAD_REACTORS
330
10000D04
102
}
330
10000D04
100
AcDbXrecord
1000
LP9DC
  0
XRECORD
  5
10000D06
102
{ACAD_REACTORS
330
10000D04
102
}
330
10000D04
100
AcDbXrecord
1000
JPD
  0
XRECORD
  5
10000D0B
102
{ACAD_REACTORS
330
10000D08
102
}
330
10000D08
100
AcDbXrecord
 40
0.0005
  0
XRECORD
  5
10000D09
102
{ACAD_REACTORS
330
10000D08
102
}
330
10000D08
100
AcDbXrecord
1000
LPlEC
  0
XRECORD
  5
10000D0A
102
{ACAD_REACTORS
330
10000D08
102
}
330
10000D08
100
AcDbXrecord
1000
JPK
  0
XRECORD
  5
10000D0C
102
{ACAD_REACTORS
330
10000D08
102
}
330
10000D08
100
AcDbXrecord
1000
JPD
  0
XRECORD
  5
10000D0F
102
{ACAD_REACTORS
330
10000D0E
102
}
330
10000D0E
100
AcDbXrecord
1000
LPFEC
  0
XRECORD
  5
10000D10
102
{ACAD_REACTORS
330
10000D0E
102
}
330
10000D0E
100
AcDbXrecord
1000
JPD
  0
XRECORD
  5
10000D15
102
{ACAD_REACTORS
330
10000D12
102
}
330
10000D12
100
AcDbXrecord
 40
0.0005
  0
XRECORD
  5
10000D13
102
{ACAD_REACTORS
330
10000D12
102
}
330
10000D12
100
AcDbXrecord
1000
LPVFC
  0
XRECORD
  5
10000D14
102
{ACAD_REACTORS
330
10000D12
102
}
330
10000D12
100
AcDbXrecord
1000
JPK
  0
XRECORD
  5
10000D16
102
{ACAD_REACTORS
330
10000D12
102
}
330
10000D12
100
AcDbXrecord
1000
JPD
  0
XRECORD
  5
10000D19
102
{ACAD_REACTORS
330
10000D18
102
}
330
10000D18
100
AcDbXrecord
1000
LP1EC
  0
XRECORD
  5
10000D1A
102
{ACAD_REACTORS
330
10000D18
102
}
330
10000D18
100
AcDbXrecord
1000
JPD
  0
XRECORD
  5
10000D1F
102
{ACAD_REACTORS
330
10000D1C
102
}
330
10000D1C
100
AcDbXrecord
 40
0.0005
  0
XRECORD
  5
10000D1D
102
{ACAD_REACTORS
330
10000D1C
102
}
330
10000D1C
100
AcDbXrecord
1000
LPdFC
  0
XRECORD
  5
10000D1E
102
{ACAD_REACTORS
330
10000D1C
102
}
330
10000D1C
100
AcDbXrecord
1000
JPK
  0
XRECORD
  5
10000D20
102
{ACAD_REACTORS
330
10000D1C
102
}
330
10000D1C
100
AcDbXrecord
1000
JPD
  0
XRECORD
  5
10000D23
102
{ACAD_REACTORS
330
10000D22
102
}
330
10000D22
100
AcDbXrecord
1000
LPNFC
  0
XRECORD
  5
10000D24
102
{ACAD_REACTORS
330
10000D22
102
}
330
10000D22
100
AcDbXrecord
1000
JPD
  0
XRECORD
  5
10000D29
102
{ACAD_REACTORS
330
10000D26
102
}
330
10000D26
100
AcDbXrecord
 40
0.0005
  0
XRECORD
  5
10000D27
102
{ACAD_REACTORS
330
10000D26
102
}
330
10000D26
100
AcDbXrecord
1000
LPtFC
  0
XRECORD
  5
10000D28
102
{ACAD_REACTORS
330
10000D26
102
}
330
10000D26
100
AcDbXrecord
1000
JPK
  0
XRECORD
  5
10000D2A
102
{ACAD_REACTORS
330
10000D26
102
}
330
10000D26
100
AcDbXrecord
1000
JPD
  0
XRECORD
  5
10000D2D
102
{ACAD_REACTORS
330
10000D2C
102
}
330
10000D2C
100
AcDbXrecord
1000
LP9EC
  0
XRECORD
  5
10000D2E
102
{ACAD_REACTORS
330
10000D2C
102
}
330
10000D2C
100
AcDbXrecord
1000
JPD
  0
XRECORD
  5
10000D33
102
{ACAD_REACTORS
330
10000D30
102
}
330
10000D30
100
AcDbXrecord
 40
0.0005
  0
XRECORD
  5
10000D31
102
{ACAD_REACTORS
330
10000D30
102
}
330
10000D30
100
AcDbXrecord
1000
LPlFC
  0
XRECORD
  5
10000D32
102
{ACAD_REACTORS
330
10000D30
102
}
330
10000D30
100
AcDbXrecord
1000
JPK
  0
XRECORD
  5
10000D34
102
{ACAD_REACTORS
330
10000D30
102
}
330
10000D30
100
AcDbXrecord
1000
JPD
  0
XRECORD
  5
10000D37
102
{ACAD_REACTORS
330
10000D36
102
}
330
10000D36
100
AcDbXrecord
1000
LPFFC
  0
XRECORD
  5
10000D38
102
{ACAD_REACTORS
330
10000D36
102
}
330
10000D36
100
AcDbXrecord
1000
JPD
  0
XRECORD
  5
10000D3D
102
{ACAD_REACTORS
330
10000D3A
102
}
330
10000D3A
100
AcDbXrecord
 40
0.0005
  0
XRECORD
  5
10000D3B
102
{ACAD_REACTORS
330
10000D3A
102
}
330
10000D3A
100
AcDbXrecord
1000
LPVGC
  0
XRECORD
  5
10000D3C
102
{ACAD_REACTORS
330
10000D3A
102
}
330
10000D3A
100
AcDbXrecord
1000
JPK
  0
XRECORD
  5
10000D3E
102
{ACAD_REACTORS
330
10000D3A
102
}
330
10000D3A
100
AcDbXrecord
1000
JPD
  0
XRECORD
  5
10000D41
102
{ACAD_REACTORS
330
10000D40
102
}
330
10000D40
100
AcDbXrecord
1000
LP1FC
  0
XRECORD
  5
10000D42
102
{ACAD_REACTORS
330
10000D40
102
}
330
10000D40
100
AcDbXrecord
1000
JPD
  0
XRECORD
  5
10000D47
102
{ACAD_REACTORS
330
10000D44
102
}
330
10000D44
100
AcDbXrecord
 40
0.0005
  0
XRECORD
  5
10000D45
102
{ACAD_REACTORS
330
10000D44
102
}
330
10000D44
100
AcDbXrecord
1000
LPdGC
  0
XRECORD
  5
10000D46
102
{ACAD_REACTORS
330
10000D44
102
}
330
10000D44
100
AcDbXrecord
1000
JPK
  0
XRECORD
  5
10000D48
102
{ACAD_REACTORS
330
10000D44
102
}
330
10000D44
100
AcDbXrecord
1000
JPD
  0
XRECORD
  5
10000D4B
102
{ACAD_REACTORS
330
10000D4A
102
}
330
10000D4A
100
AcDbXrecord
1000
LPNGC
  0
XRECORD
  5
10000D4C
102
{ACAD_REACTORS
330
10000D4A
102
}
330
10000D4A
100
AcDbXrecord
1000
JPD
  0
XRECORD
  5
10000D51
102
{ACAD_REACTORS
330
10000D4E
102
}
330
10000D4E
100
AcDbXrecord
 40
0.0005
  0
XRECORD
  5
10000D4F
102
{ACAD_REACTORS
330
10000D4E
102
}
330
10000D4E
100
AcDbXrecord
1000
LPtGC
  0
XRECORD
  5
10000D50
102
{ACAD_REACTORS
330
10000D4E
102
}
330
10000D4E
100
AcDbXrecord
1000
JPK
  0
XRECORD
  5
10000D52
102
{ACAD_REACTORS
330
10000D4E
102
}
330
10000D4E
100
AcDbXrecord
1000
JPD
  0
XRECORD
  5
10000D55
102
{ACAD_REACTORS
330
10000D54
102
}
330
10000D54
100
AcDbXrecord
1000
LP9FC
  0
XRECORD
  5
10000D56
102
{ACAD_REACTORS
330
10000D54
102
}
330
10000D54
100
AcDbXrecord
1000
JPD
  0
XRECORD
  5
10000D5B
102
{ACAD_REACTORS
330
10000D58
102
}
330
10000D58
100
AcDbXrecord
 40
0.0005
  0
XRECORD
  5
10000D59
102
{ACAD_REACTORS
330
10000D58
102
}
330
10000D58
100
AcDbXrecord
1000
LPlGC
  0
XRECORD
  5
10000D5A
102
{ACAD_REACTORS
330
10000D58
102
}
330
10000D58
100
AcDbXrecord
1000
JPK
  0
XRECORD
  5
10000D5C
102
{ACAD_REACTORS
330
10000D58
102
}
330
10000D58
100
AcDbXrecord
1000
JPD
  0
XRECORD
  5
10000D5F
102
{ACAD_REACTORS
330
10000D5E
102
}
330
10000D5E
100
AcDbXrecord
1000
LPFGC
  0
XRECORD
  5
10000D60
102
{ACAD_REACTORS
330
10000D5E
102
}
330
10000D5E
100
AcDbXrecord
1000
JPD
  0
XRECORD
  5
10000D65
102
{ACAD_REACTORS
330
10000D62
102
}
330
10000D62
100
AcDbXrecord
 40
0.0005
  0
XRECORD
  5
10000D63
102
{ACAD_REACTORS
330
10000D62
102
}
330
10000D62
100
AcDbXrecord
1000
LPVHC
  0
XRECORD
  5
10000D64
102
{ACAD_REACTORS
330
10000D62
102
}
330
10000D62
100
AcDbXrecord
1000
JPK
  0
XRECORD
  5
10000D66
102
{ACAD_REACTORS
330
10000D62
102
}
330
10000D62
100
AcDbXrecord
1000
JPD
  0
XRECORD
  5
10000D69
102
{ACAD_REACTORS
330
10000D68
102
}
330
10000D68
100
AcDbXrecord
1000
LP1GC
  0
XRECORD
  5
10000D6A
102
{ACAD_REACTORS
330
10000D68
102
}
330
10000D68
100
AcDbXrecord
1000
JPD
  0
XRECORD
  5
10000D6F
102
{ACAD_REACTORS
330
10000D6C
102
}
330
10000D6C
100
AcDbXrecord
 40
0.0005
  0
XRECORD
  5
10000D6D
102
{ACAD_REACTORS
330
10000D6C
102
}
330
10000D6C
100
AcDbXrecord
1000
LPdHC
  0
XRECORD
  5
10000D6E
102
{ACAD_REACTORS
330
10000D6C
102
}
330
10000D6C
100
AcDbXrecord
1000
JPK
  0
XRECORD
  5
10000D70
102
{ACAD_REACTORS
330
10000D6C
102
}
330
10000D6C
100
AcDbXrecord
1000
JPD
  0
XRECORD
  5
10000D73
102
{ACAD_REACTORS
330
10000D72
102
}
330
10000D72
100
AcDbXrecord
1000
LPNHC
  0
XRECORD
  5
10000D74
102
{ACAD_REACTORS
330
10000D72
102
}
330
10000D72
100
AcDbXrecord
1000
JPD
  0
XRECORD
  5
10000D79
102
{ACAD_REACTORS
330
10000D76
102
}
330
10000D76
100
AcDbXrecord
 40
0.0005
  0
XRECORD
  5
10000D77
102
{ACAD_REACTORS
330
10000D76
102
}
330
10000D76
100
AcDbXrecord
1000
LPtHC
  0
XRECORD
  5
10000D78
102
{ACAD_REACTORS
330
10000D76
102
}
330
10000D76
100
AcDbXrecord
1000
JPK
  0
XRECORD
  5
10000D7A
102
{ACAD_REACTORS
330
10000D76
102
}
330
10000D76
100
AcDbXrecord
1000
JPD
  0
XRECORD
  5
10000D7D
102
{ACAD_REACTORS
330
10000D7C
102
}
330
10000D7C
100
AcDbXrecord
1000
LP9GC
  0
XRECORD
  5
10000D7E
102
{ACAD_REACTORS
330
10000D7C
102
}
330
10000D7C
100
AcDbXrecord
1000
JPD
  0
XRECORD
  5
10000D83
102
{ACAD_REACTORS
330
10000D80
102
}
330
10000D80
100
AcDbXrecord
 40
0.0005
  0
XRECORD
  5
10000D81
102
{ACAD_REACTORS
330
10000D80
102
}
330
10000D80
100
AcDbXrecord
1000
LPlHC
  0
XRECORD
  5
10000D82
102
{ACAD_REACTORS
330
10000D80
102
}
330
10000D80
100
AcDbXrecord
1000
JPK
  0
XRECORD
  5
10000D84
102
{ACAD_REACTORS
330
10000D80
102
}
330
10000D80
100
AcDbXrecord
1000
JPD
  0
XRECORD
  5
10000D87
102
{ACAD_REACTORS
330
10000D86
102
}
330
10000D86
100
AcDbXrecord
1000
LPFHC
  0
XRECORD
  5
10000D88
102
{ACAD_REACTORS
330
10000D86
102
}
330
10000D86
100
AcDbXrecord
1000
JPD
  0
XRECORD
  5
10000D8D
102
{ACAD_REACTORS
330
10000D8A
102
}
330
10000D8A
100
AcDbXrecord
 40
0.0005
  0
XRECORD
  5
10000D8B
102
{ACAD_REACTORS
330
10000D8A
102
}
330
10000D8A
100
AcDbXrecord
1000
LPVIC
  0
XRECORD
  5
10000D8C
102
{ACAD_REACTORS
330
10000D8A
102
}
330
10000D8A
100
AcDbXrecord
1000
JPK
  0
XRECORD
  5
10000D8E
102
{ACAD_REACTORS
330
10000D8A
102
}
330
10000D8A
100
AcDbXrecord
1000
JPD
  0
XRECORD
  5
10000D91
102
{ACAD_REACTORS
330
10000D90
102
}
330
10000D90
100
AcDbXrecord
1000
LP1HC
  0
XRECORD
  5
10000D92
102
{ACAD_REACTORS
330
10000D90
102
}
330
10000D90
100
AcDbXrecord
1000
JPD
  0
XRECORD
  5
10000D97
102
{ACAD_REACTORS
330
10000D94
102
}
330
10000D94
100
AcDbXrecord
 40
0.0005
  0
XRECORD
  5
10000D95
102
{ACAD_REACTORS
330
10000D94
102
}
330
10000D94
100
AcDbXrecord
1000
LPdIC
  0
XRECORD
  5
10000D96
102
{ACAD_REACTORS
330
10000D94
102
}
330
10000D94
100
AcDbXrecord
1000
JPK
  0
XRECORD
  5
10000D98
102
{ACAD_REACTORS
330
10000D94
102
}
330
10000D94
100
AcDbXrecord
1000
JPD
  0
XRECORD
  5
10000D9B
102
{ACAD_REACTORS
330
10000D9A
102
}
330
10000D9A
100
AcDbXrecord
1000
LPNIC
  0
XRECORD
  5
10000D9C
102
{ACAD_REACTORS
330
10000D9A
102
}
330
10000D9A
100
AcDbXrecord
1000
JPD
  0
XRECORD
  5
10000DA1
102
{ACAD_REACTORS
330
10000D9E
102
}
330
10000D9E
100
AcDbXrecord
 40
0.0005
  0
XRECORD
  5
10000D9F
102
{ACAD_REACTORS
330
10000D9E
102
}
330
10000D9E
100
AcDbXrecord
1000
LPtIC
  0
XRECORD
  5
10000DA0
102
{ACAD_REACTORS
330
10000D9E
102
}
330
10000D9E
100
AcDbXrecord
1000
JPK
  0
XRECORD
  5
10000DA2
102
{ACAD_REACTORS
330
10000D9E
102
}
330
10000D9E
100
AcDbXrecord
1000
JPD
  0
XRECORD
  5
10000DA5
102
{ACAD_REACTORS
330
10000DA4
102
}
330
10000DA4
100
AcDbXrecord
1000
LP9HC
  0
XRECORD
  5
10000DA6
102
{ACAD_REACTORS
330
10000DA4
102
}
330
10000DA4
100
AcDbXrecord
1000
JPD
  0
XRECORD
  5
10000DAB
102
{ACAD_REACTORS
330
10000DA8
102
}
330
10000DA8
100
AcDbXrecord
 40
0.0005
  0
XRECORD
  5
10000DA9
102
{ACAD_REACTORS
330
10000DA8
102
}
330
10000DA8
100
AcDbXrecord
1000
LPlIC
  0
XRECORD
  5
10000DAA
102
{ACAD_REACTORS
330
10000DA8
102
}
330
10000DA8
100
AcDbXrecord
1000
JPK
  0
XRECORD
  5
10000DAC
102
{ACAD_REACTORS
330
10000DA8
102
}
330
10000DA8
100
AcDbXrecord
1000
JPD
  0
XRECORD
  5
10000DAF
102
{ACAD_REACTORS
330
10000DAE
102
}
330
10000DAE
100
AcDbXrecord
1000
LPFIC
  0
XRECORD
  5
10000DB0
102
{ACAD_REACTORS
330
10000DAE
102
}
330
10000DAE
100
AcDbXrecord
1000
JPD
  0
XRECORD
  5
10000DB5
102
{ACAD_REACTORS
330
10000DB2
102
}
330
10000DB2
100
AcDbXrecord
 40
0.0005
  0
XRECORD
  5
10000DB3
102
{ACAD_REACTORS
330
10000DB2
102
}
330
10000DB2
100
AcDbXrecord
1000
LPVJC
  0
XRECORD
  5
10000DB4
102
{ACAD_REACTORS
330
10000DB2
102
}
330
10000DB2
100
AcDbXrecord
1000
JPK
  0
XRECORD
  5
10000DB6
102
{ACAD_REACTORS
330
10000DB2
102
}
330
10000DB2
100
AcDbXrecord
1000
JPD
  0
XRECORD
  5
10000DB9
102
{ACAD_REACTORS
330
10000DB8
102
}
330
10000DB8
100
AcDbXrecord
1000
LP1IC
  0
XRECORD
  5
10000DBA
102
{ACAD_REACTORS
330
10000DB8
102
}
330
10000DB8
100
AcDbXrecord
1000
JPD
  0
XRECORD
  5
10000DBF
102
{ACAD_REACTORS
330
10000DBC
102
}
330
10000DBC
100
AcDbXrecord
 40
0.0005
  0
XRECORD
  5
10000DBD
102
{ACAD_REACTORS
330
10000DBC
102
}
330
10000DBC
100
AcDbXrecord
1000
LPdJC
  0
XRECORD
  5
10000DBE
102
{ACAD_REACTORS
330
10000DBC
102
}
330
10000DBC
100
AcDbXrecord
1000
JPK
  0
XRECORD
  5
10000DC0
102
{ACAD_REACTORS
330
10000DBC
102
}
330
10000DBC
100
AcDbXrecord
1000
JPD
  0
XRECORD
  5
10000DC3
102
{ACAD_REACTORS
330
10000DC2
102
}
330
10000DC2
100
AcDbXrecord
1000
LPNJC
  0
XRECORD
  5
10000DC4
102
{ACAD_REACTORS
330
10000DC2
102
}
330
10000DC2
100
AcDbXrecord
1000
JPD
  0
XRECORD
  5
10000DC9
102
{ACAD_REACTORS
330
10000DC6
102
}
330
10000DC6
100
AcDbXrecord
 40
0.0005
  0
XRECORD
  5
10000DC7
102
{ACAD_REACTORS
330
10000DC6
102
}
330
10000DC6
100
AcDbXrecord
1000
LPtJC
  0
XRECORD
  5
10000DC8
102
{ACAD_REACTORS
330
10000DC6
102
}
330
10000DC6
100
AcDbXrecord
1000
JPK
  0
XRECORD
  5
10000DCA
102
{ACAD_REACTORS
330
10000DC6
102
}
330
10000DC6
100
AcDbXrecord
1000
JPD
  0
XRECORD
  5
10000DCD
102
{ACAD_REACTORS
330
10000DCC
102
}
330
10000DCC
100
AcDbXrecord
1000
LP9IC
  0
XRECORD
  5
10000DCE
102
{ACAD_REACTORS
330
10000DCC
102
}
330
10000DCC
100
AcDbXrecord
1000
JPD
  0
XRECORD
  5
10000DD3
102
{ACAD_REACTORS
330
10000DD0
102
}
330
10000DD0
100
AcDbXrecord
 40
0.0005
  0
XRECORD
  5
10000DD1
102
{ACAD_REACTORS
330
10000DD0
102
}
330
10000DD0
100
AcDbXrecord
1000
LPlJC
  0
XRECORD
  5
10000DD2
102
{ACAD_REACTORS
330
10000DD0
102
}
330
10000DD0
100
AcDbXrecord
1000
JPK
  0
XRECORD
  5
10000DD4
102
{ACAD_REACTORS
330
10000DD0
102
}
330
10000DD0
100
AcDbXrecord
1000
JPD
  0
XRECORD
  5
10000DD7
102
{ACAD_REACTORS
330
10000DD6
102
}
330
10000DD6
100
AcDbXrecord
1000
LPFJC
  0
XRECORD
  5
10000DD8
102
{ACAD_REACTORS
330
10000DD6
102
}
330
10000DD6
100
AcDbXrecord
1000
JPD
  0
XRECORD
  5
10000DDD
102
{ACAD_REACTORS
330
10000DDA
102
}
330
10000DDA
100
AcDbXrecord
 40
0.0005
  0
XRECORD
  5
10000DDB
102
{ACAD_REACTORS
330
10000DDA
102
}
330
10000DDA
100
AcDbXrecord
1000
LPVKC
  0
XRECORD
  5
10000DDC
102
{ACAD_REACTORS
330
10000DDA
102
}
330
10000DDA
100
AcDbXrecord
1000
JPK
  0
XRECORD
  5
10000DDE
102
{ACAD_REACTORS
330
10000DDA
102
}
330
10000DDA
100
AcDbXrecord
1000
JPD
  0
XRECORD
  5
10000DE1
102
{ACAD_REACTORS
330
10000DE0
102
}
330
10000DE0
100
AcDbXrecord
1000
LP1JC
  0
XRECORD
  5
10000DE2
102
{ACAD_REACTORS
330
10000DE0
102
}
330
10000DE0
100
AcDbXrecord
1000
JPD
  0
XRECORD
  5
10000DE7
102
{ACAD_REACTORS
330
10000DE4
102
}
330
10000DE4
100
AcDbXrecord
 40
0.0005
  0
XRECORD
  5
10000DE5
102
{ACAD_REACTORS
330
10000DE4
102
}
330
10000DE4
100
AcDbXrecord
1000
LPdKC
  0
XRECORD
  5
10000DE6
102
{ACAD_REACTORS
330
10000DE4
102
}
330
10000DE4
100
AcDbXrecord
1000
JPK
  0
XRECORD
  5
10000DE8
102
{ACAD_REACTORS
330
10000DE4
102
}
330
10000DE4
100
AcDbXrecord
1000
JPD
  0
XRECORD
  5
10000DEB
102
{ACAD_REACTORS
330
10000DEA
102
}
330
10000DEA
100
AcDbXrecord
1000
LPNKC
  0
XRECORD
  5
10000DEC
102
{ACAD_REACTORS
330
10000DEA
102
}
330
10000DEA
100
AcDbXrecord
1000
JPD
  0
XRECORD
  5
10000DF1
102
{ACAD_REACTORS
330
10000DEE
102
}
330
10000DEE
100
AcDbXrecord
 40
0.0005
  0
XRECORD
  5
10000DEF
102
{ACAD_REACTORS
330
10000DEE
102
}
330
10000DEE
100
AcDbXrecord
1000
LPtKC
  0
XRECORD
  5
10000DF0
102
{ACAD_REACTORS
330
10000DEE
102
}
330
10000DEE
100
AcDbXrecord
1000
JPK
  0
XRECORD
  5
10000DF2
102
{ACAD_REACTORS
330
10000DEE
102
}
330
10000DEE
100
AcDbXrecord
1000
JPD
  0
XRECORD
  5
10000DF5
102
{ACAD_REACTORS
330
10000DF4
102
}
330
10000DF4
100
AcDbXrecord
1000
LP9JC
  0
XRECORD
  5
10000DF6
102
{ACAD_REACTORS
330
10000DF4
102
}
330
10000DF4
100
AcDbXrecord
1000
JPD
  0
XRECORD
  5
10000DFB
102
{ACAD_REACTORS
330
10000DF8
102
}
330
10000DF8
100
AcDbXrecord
 40
0.0005
  0
XRECORD
  5
10000DF9
102
{ACAD_REACTORS
330
10000DF8
102
}
330
10000DF8
100
AcDbXrecord
1000
LPlKC
  0
XRECORD
  5
10000DFA
102
{ACAD_REACTORS
330
10000DF8
102
}
330
10000DF8
100
AcDbXrecord
1000
JPK
  0
XRECORD
  5
10000DFC
102
{ACAD_REACTORS
330
10000DF8
102
}
330
10000DF8
100
AcDbXrecord
1000
JPD
  0
XRECORD
  5
10000DFF
102
{ACAD_REACTORS
330
10000DFE
102
}
330
10000DFE
100
AcDbXrecord
1000
LPFKC
  0
XRECORD
  5
10000E00
102
{ACAD_REACTORS
330
10000DFE
102
}
330
10000DFE
100
AcDbXrecord
1000
JPD
  0
XRECORD
  5
10000E05
102
{ACAD_REACTORS
330
10000E02
102
}
330
10000E02
100
AcDbXrecord
 40
0.0005
  0
XRECORD
  5
10000E03
102
{ACAD_REACTORS
330
10000E02
102
}
330
10000E02
100
AcDbXrecord
1000
LPVLC
  0
XRECORD
  5
10000E04
102
{ACAD_REACTORS
330
10000E02
102
}
330
10000E02
100
AcDbXrecord
1000
JPK
  0
XRECORD
  5
10000E06
102
{ACAD_REACTORS
330
10000E02
102
}
330
10000E02
100
AcDbXrecord
1000
JPD
  0
XRECORD
  5
10000E09
102
{ACAD_REACTORS
330
10000E08
102
}
330
10000E08
100
AcDbXrecord
1000
LP1KC
  0
XRECORD
  5
10000E0A
102
{ACAD_REACTORS
330
10000E08
102
}
330
10000E08
100
AcDbXrecord
1000
JPD
  0
XRECORD
  5
10000E0F
102
{ACAD_REACTORS
330
10000E0C
102
}
330
10000E0C
100
AcDbXrecord
 40
0.0005
  0
XRECORD
  5
10000E0D
102
{ACAD_REACTORS
330
10000E0C
102
}
330
10000E0C
100
AcDbXrecord
1000
LPdLC
  0
XRECORD
  5
10000E0E
102
{ACAD_REACTORS
330
10000E0C
102
}
330
10000E0C
100
AcDbXrecord
1000
JPK
  0
XRECORD
  5
10000E10
102
{ACAD_REACTORS
330
10000E0C
102
}
330
10000E0C
100
AcDbXrecord
1000
JPD
  0
XRECORD
  5
10000E13
102
{ACAD_REACTORS
330
10000E12
102
}
330
10000E12
100
AcDbXrecord
1000
LPNLC
  0
XRECORD
  5
10000E14
102
{ACAD_REACTORS
330
10000E12
102
}
330
10000E12
100
AcDbXrecord
1000
JPD
  0
XRECORD
  5
10000E19
102
{ACAD_REACTORS
330
10000E16
102
}
330
10000E16
100
AcDbXrecord
 40
0.0005
  0
XRECORD
  5
10000E17
102
{ACAD_REACTORS
330
10000E16
102
}
330
10000E16
100
AcDbXrecord
1000
LPtLC
  0
XRECORD
  5
10000E18
102
{ACAD_REACTORS
330
10000E16
102
}
330
10000E16
100
AcDbXrecord
1000
JPK
  0
XRECORD
  5
10000E1A
102
{ACAD_REACTORS
330
10000E16
102
}
330
10000E16
100
AcDbXrecord
1000
JPD
  0
XRECORD
  5
10000E1D
102
{ACAD_REACTORS
330
10000E1C
102
}
330
10000E1C
100
AcDbXrecord
1000
LP9KC
  0
XRECORD
  5
10000E1E
102
{ACAD_REACTORS
330
10000E1C
102
}
330
10000E1C
100
AcDbXrecord
1000
JPD
  0
XRECORD
  5
10000E23
102
{ACAD_REACTORS
330
10000E20
102
}
330
10000E20
100
AcDbXrecord
 40
0.0005
  0
XRECORD
  5
10000E21
102
{ACAD_REACTORS
330
10000E20
102
}
330
10000E20
100
AcDbXrecord
1000
LPlLC
  0
XRECORD
  5
10000E22
102
{ACAD_REACTORS
330
10000E20
102
}
330
10000E20
100
AcDbXrecord
1000
JPK
  0
XRECORD
  5
10000E24
102
{ACAD_REACTORS
330
10000E20
102
}
330
10000E20
100
AcDbXrecord
1000
JPD
  0
XRECORD
  5
10000E27
102
{ACAD_REACTORS
330
10000E26
102
}
330
10000E26
100
AcDbXrecord
1000
LPFLC
  0
XRECORD
  5
10000E28
102
{ACAD_REACTORS
330
10000E26
102
}
330
10000E26
100
AcDbXrecord
1000
JPD
  0
XRECORD
  5
10000E2D
102
{ACAD_REACTORS
330
10000E2A
102
}
330
10000E2A
100
AcDbXrecord
 40
0.0005
  0
XRECORD
  5
10000E2B
102
{ACAD_REACTORS
330
10000E2A
102
}
330
10000E2A
100
AcDbXrecord
1000
LPVMC
  0
XRECORD
  5
10000E2C
102
{ACAD_REACTORS
330
10000E2A
102
}
330
10000E2A
100
AcDbXrecord
1000
JPK
  0
XRECORD
  5
10000E2E
102
{ACAD_REACTORS
330
10000E2A
102
}
330
10000E2A
100
AcDbXrecord
1000
JPD
  0
XRECORD
  5
10000E31
102
{ACAD_REACTORS
330
10000E30
102
}
330
10000E30
100
AcDbXrecord
1000
LP1LC
  0
XRECORD
  5
10000E32
102
{ACAD_REACTORS
330
10000E30
102
}
330
10000E30
100
AcDbXrecord
1000
JPD
  0
XRECORD
  5
10000E37
102
{ACAD_REACTORS
330
10000E34
102
}
330
10000E34
100
AcDbXrecord
 40
0.0005
  0
XRECORD
  5
10000E35
102
{ACAD_REACTORS
330
10000E34
102
}
330
10000E34
100
AcDbXrecord
1000
LPdMC
  0
XRECORD
  5
10000E36
102
{ACAD_REACTORS
330
10000E34
102
}
330
10000E34
100
AcDbXrecord
1000
JPK
  0
XRECORD
  5
10000E38
102
{ACAD_REACTORS
330
10000E34
102
}
330
10000E34
100
AcDbXrecord
1000
JPD
  0
XRECORD
  5
10000E3B
102
{ACAD_REACTORS
330
10000E3A
102
}
330
10000E3A
100
AcDbXrecord
1000
LPNMC
  0
XRECORD
  5
10000E3C
102
{ACAD_REACTORS
330
10000E3A
102
}
330
10000E3A
100
AcDbXrecord
1000
JPD
  0
XRECORD
  5
10000E41
102
{ACAD_REACTORS
330
10000E3E
102
}
330
10000E3E
100
AcDbXrecord
 40
0.0005
  0
XRECORD
  5
10000E3F
102
{ACAD_REACTORS
330
10000E3E
102
}
330
10000E3E
100
AcDbXrecord
1000
LPtMC
  0
XRECORD
  5
10000E40
102
{ACAD_REACTORS
330
10000E3E
102
}
330
10000E3E
100
AcDbXrecord
1000
JPK
  0
XRECORD
  5
10000E42
102
{ACAD_REACTORS
330
10000E3E
102
}
330
10000E3E
100
AcDbXrecord
1000
JPD
  0
XRECORD
  5
10000E45
102
{ACAD_REACTORS
330
10000E44
102
}
330
10000E44
100
AcDbXrecord
1000
LP9LC
  0
XRECORD
  5
10000E46
102
{ACAD_REACTORS
330
10000E44
102
}
330
10000E44
100
AcDbXrecord
1000
JPD
  0
XRECORD
  5
10000E4B
102
{ACAD_REACTORS
330
10000E48
102
}
330
10000E48
100
AcDbXrecord
 40
0.0005
  0
XRECORD
  5
10000E49
102
{ACAD_REACTORS
330
10000E48
102
}
330
10000E48
100
AcDbXrecord
1000
LPlMC
  0
XRECORD
  5
10000E4A
102
{ACAD_REACTORS
330
10000E48
102
}
330
10000E48
100
AcDbXrecord
1000
JPK
  0
XRECORD
  5
10000E4C
102
{ACAD_REACTORS
330
10000E48
102
}
330
10000E48
100
AcDbXrecord
1000
JPD
  0
XRECORD
  5
10000E4F
102
{ACAD_REACTORS
330
10000E4E
102
}
330
10000E4E
100
AcDbXrecord
1000
LPFMC
  0
XRECORD
  5
10000E50
102
{ACAD_REACTORS
330
10000E4E
102
}
330
10000E4E
100
AcDbXrecord
1000
JPD
  0
XRECORD
  5
10000E55
102
{ACAD_REACTORS
330
10000E52
102
}
330
10000E52
100
AcDbXrecord
 40
0.0005
  0
XRECORD
  5
10000E53
102
{ACAD_REACTORS
330
10000E52
102
}
330
10000E52
100
AcDbXrecord
1000
LPVNC
  0
XRECORD
  5
10000E54
102
{ACAD_REACTORS
330
10000E52
102
}
330
10000E52
100
AcDbXrecord
1000
JPK
  0
XRECORD
  5
10000E56
102
{ACAD_REACTORS
330
10000E52
102
}
330
10000E52
100
AcDbXrecord
1000
JPD
  0
XRECORD
  5
10000E59
102
{ACAD_REACTORS
330
10000E58
102
}
330
10000E58
100
AcDbXrecord
1000
LP1MC
  0
XRECORD
  5
10000E5A
102
{ACAD_REACTORS
330
10000E58
102
}
330
10000E58
100
AcDbXrecord
1000
JPD
  0
XRECORD
  5
10000E5F
102
{ACAD_REACTORS
330
10000E5C
102
}
330
10000E5C
100
AcDbXrecord
 40
0.0005
  0
XRECORD
  5
10000E5D
102
{ACAD_REACTORS
330
10000E5C
102
}
330
10000E5C
100
AcDbXrecord
1000
LPdNC
  0
XRECORD
  5
10000E5E
102
{ACAD_REACTORS
330
10000E5C
102
}
330
10000E5C
100
AcDbXrecord
1000
JPK
  0
XRECORD
  5
10000E60
102
{ACAD_REACTORS
330
10000E5C
102
}
330
10000E5C
100
AcDbXrecord
1000
JPD
  0
XRECORD
  5
10000E63
102
{ACAD_REACTORS
330
10000E62
102
}
330
10000E62
100
AcDbXrecord
1000
LPNNC
  0
XRECORD
  5
10000E64
102
{ACAD_REACTORS
330
10000E62
102
}
330
10000E62
100
AcDbXrecord
1000
JPD
  0
XRECORD
  5
10000E69
102
{ACAD_REACTORS
330
10000E66
102
}
330
10000E66
100
AcDbXrecord
 40
0.0005
  0
XRECORD
  5
10000E67
102
{ACAD_REACTORS
330
10000E66
102
}
330
10000E66
100
AcDbXrecord
1000
LPtNC
  0
XRECORD
  5
10000E68
102
{ACAD_REACTORS
330
10000E66
102
}
330
10000E66
100
AcDbXrecord
1000
JPK
  0
XRECORD
  5
10000E6A
102
{ACAD_REACTORS
330
10000E66
102
}
330
10000E66
100
AcDbXrecord
1000
JPD
  0
XRECORD
  5
10000E6D
102
{ACAD_REACTORS
330
10000E6C
102
}
330
10000E6C
100
AcDbXrecord
1000
LP9MC
  0
XRECORD
  5
10000E6E
102
{ACAD_REACTORS
330
10000E6C
102
}
330
10000E6C
100
AcDbXrecord
1000
JPD
  0
XRECORD
  5
10000E73
102
{ACAD_REACTORS
330
10000E70
102
}
330
10000E70
100
AcDbXrecord
 40
0.0005
  0
XRECORD
  5
10000E71
102
{ACAD_REACTORS
330
10000E70
102
}
330
10000E70
100
AcDbXrecord
1000
LPlNC
  0
XRECORD
  5
10000E72
102
{ACAD_REACTORS
330
10000E70
102
}
330
10000E70
100
AcDbXrecord
1000
JPK
  0
XRECORD
  5
10000E74
102
{ACAD_REACTORS
330
10000E70
102
}
330
10000E70
100
AcDbXrecord
1000
JPD
  0
XRECORD
  5
10000E77
102
{ACAD_REACTORS
330
10000E76
102
}
330
10000E76
100
AcDbXrecord
1000
LPFNC
  0
XRECORD
  5
10000E78
102
{ACAD_REACTORS
330
10000E76
102
}
330
10000E76
100
AcDbXrecord
1000
JPD
  0
XRECORD
  5
10000E7D
102
{ACAD_REACTORS
330
10000E7A
102
}
330
10000E7A
100
AcDbXrecord
 40
0.0005
  0
XRECORD
  5
10000E7B
102
{ACAD_REACTORS
330
10000E7A
102
}
330
10000E7A
100
AcDbXrecord
1000
LPVOC
  0
XRECORD
  5
10000E7C
102
{ACAD_REACTORS
330
10000E7A
102
}
330
10000E7A
100
AcDbXrecord
1000
JPK
  0
XRECORD
  5
10000E7E
102
{ACAD_REACTORS
330
10000E7A
102
}
330
10000E7A
100
AcDbXrecord
1000
JPD
  0
XRECORD
  5
10000E81
102
{ACAD_REACTORS
330
10000E80
102
}
330
10000E80
100
AcDbXrecord
1000
LP1NC
  0
XRECORD
  5
10000E82
102
{ACAD_REACTORS
330
10000E80
102
}
330
10000E80
100
AcDbXrecord
1000
JPD
  0
XRECORD
  5
10000E87
102
{ACAD_REACTORS
330
10000E84
102
}
330
10000E84
100
AcDbXrecord
 40
0.0005
  0
XRECORD
  5
10000E85
102
{ACAD_REACTORS
330
10000E84
102
}
330
10000E84
100
AcDbXrecord
1000
LPdOC
  0
XRECORD
  5
10000E86
102
{ACAD_REACTORS
330
10000E84
102
}
330
10000E84
100
AcDbXrecord
1000
JPK
  0
XRECORD
  5
10000E88
102
{ACAD_REACTORS
330
10000E84
102
}
330
10000E84
100
AcDbXrecord
1000
JPD
  0
XRECORD
  5
10000E8B
102
{ACAD_REACTORS
330
10000E8A
102
}
330
10000E8A
100
AcDbXrecord
1000
LPNOC
  0
XRECORD
  5
10000E8C
102
{ACAD_REACTORS
330
10000E8A
102
}
330
10000E8A
100
AcDbXrecord
1000
JPD
  0
XRECORD
  5
10000E91
102
{ACAD_REACTORS
330
10000E8E
102
}
330
10000E8E
100
AcDbXrecord
 40
0.0005
  0
XRECORD
  5
10000E8F
102
{ACAD_REACTORS
330
10000E8E
102
}
330
10000E8E
100
AcDbXrecord
1000
LPtOC
  0
XRECORD
  5
10000E90
102
{ACAD_REACTORS
330
10000E8E
102
}
330
10000E8E
100
AcDbXrecord
1000
JPK
  0
XRECORD
  5
10000E92
102
{ACAD_REACTORS
330
10000E8E
102
}
330
10000E8E
100
AcDbXrecord
1000
JPD
  0
XRECORD
  5
10000E95
102
{ACAD_REACTORS
330
10000E94
102
}
330
10000E94
100
AcDbXrecord
1000
LP9NC
  0
XRECORD
  5
10000E96
102
{ACAD_REACTORS
330
10000E94
102
}
330
10000E94
100
AcDbXrecord
1000
JPD
  0
XRECORD
  5
10000E9B
102
{ACAD_REACTORS
330
10000E98
102
}
330
10000E98
100
AcDbXrecord
 40
0.0005
  0
XRECORD
  5
10000E99
102
{ACAD_REACTORS
330
10000E98
102
}
330
10000E98
100
AcDbXrecord
1000
LPlOC
  0
XRECORD
  5
10000E9A
102
{ACAD_REACTORS
330
10000E98
102
}
330
10000E98
100
AcDbXrecord
1000
JPK
  0
XRECORD
  5
10000E9C
102
{ACAD_REACTORS
330
10000E98
102
}
330
10000E98
100
AcDbXrecord
1000
JPD
  0
XRECORD
  5
10000E9F
102
{ACAD_REACTORS
330
10000E9E
102
}
330
10000E9E
100
AcDbXrecord
1000
LPFOC
  0
XRECORD
  5
10000EA0
102
{ACAD_REACTORS
330
10000E9E
102
}
330
10000E9E
100
AcDbXrecord
1000
JPD
  0
XRECORD
  5
10000EA5
102
{ACAD_REACTORS
330
10000EA2
102
}
330
10000EA2
100
AcDbXrecord
 40
0.0005
  0
XRECORD
  5
10000EA3
102
{ACAD_REACTORS
330
10000EA2
102
}
330
10000EA2
100
AcDbXrecord
1000
LPVPC
  0
XRECORD
  5
10000EA4
102
{ACAD_REACTORS
330
10000EA2
102
}
330
10000EA2
100
AcDbXrecord
1000
JPK
  0
XRECORD
  5
10000EA6
102
{ACAD_REACTORS
330
10000EA2
102
}
330
10000EA2
100
AcDbXrecord
1000
JPD
  0
XRECORD
  5
10000EA9
102
{ACAD_REACTORS
330
10000EA8
102
}
330
10000EA8
100
AcDbXrecord
1000
LP1OC
  0
XRECORD
  5
10000EAA
102
{ACAD_REACTORS
330
10000EA8
102
}
330
10000EA8
100
AcDbXrecord
1000
JPD
  0
XRECORD
  5
10000EAF
102
{ACAD_REACTORS
330
10000EAC
102
}
330
10000EAC
100
AcDbXrecord
 40
0.0005
  0
XRECORD
  5
10000EAD
102
{ACAD_REACTORS
330
10000EAC
102
}
330
10000EAC
100
AcDbXrecord
1000
LPdPC
  0
XRECORD
  5
10000EAE
102
{ACAD_REACTORS
330
10000EAC
102
}
330
10000EAC
100
AcDbXrecord
1000
JPK
  0
XRECORD
  5
10000EB0
102
{ACAD_REACTORS
330
10000EAC
102
}
330
10000EAC
100
AcDbXrecord
1000
JPD
  0
XRECORD
  5
10000EB3
102
{ACAD_REACTORS
330
10000EB2
102
}
330
10000EB2
100
AcDbXrecord
1000
LPNPC
  0
XRECORD
  5
10000EB4
102
{ACAD_REACTORS
330
10000EB2
102
}
330
10000EB2
100
AcDbXrecord
1000
JPD
  0
XRECORD
  5
10000EB9
102
{ACAD_REACTORS
330
10000EB6
102
}
330
10000EB6
100
AcDbXrecord
 40
0.0005
  0
XRECORD
  5
10000EB7
102
{ACAD_REACTORS
330
10000EB6
102
}
330
10000EB6
100
AcDbXrecord
1000
LPtPC
  0
XRECORD
  5
10000EB8
102
{ACAD_REACTORS
330
10000EB6
102
}
330
10000EB6
100
AcDbXrecord
1000
JPK
  0
XRECORD
  5
10000EBA
102
{ACAD_REACTORS
330
10000EB6
102
}
330
10000EB6
100
AcDbXrecord
1000
JPD
  0
XRECORD
  5
10000EBD
102
{ACAD_REACTORS
330
10000EBC
102
}
330
10000EBC
100
AcDbXrecord
1000
LP9OC
  0
XRECORD
  5
10000EBE
102
{ACAD_REACTORS
330
10000EBC
102
}
330
10000EBC
100
AcDbXrecord
1000
JPD
  0
XRECORD
  5
10000EC3
102
{ACAD_REACTORS
330
10000EC0
102
}
330
10000EC0
100
AcDbXrecord
 40
0.0005
  0
XRECORD
  5
10000EC1
102
{ACAD_REACTORS
330
10000EC0
102
}
330
10000EC0
100
AcDbXrecord
1000
LPlPC
  0
XRECORD
  5
10000EC2
102
{ACAD_REACTORS
330
10000EC0
102
}
330
10000EC0
100
AcDbXrecord
1000
JPK
  0
XRECORD
  5
10000EC4
102
{ACAD_REACTORS
330
10000EC0
102
}
330
10000EC0
100
AcDbXrecord
1000
JPD
  0
XRECORD
  5
10000EC7
102
{ACAD_REACTORS
330
10000EC6
102
}
330
10000EC6
100
AcDbXrecord
1000
LPFPC
  0
XRECORD
  5
10000EC8
102
{ACAD_REACTORS
330
10000EC6
102
}
330
10000EC6
100
AcDbXrecord
1000
JPD
  0
XRECORD
  5
10000ECD
102
{ACAD_REACTORS
330
10000ECA
102
}
330
10000ECA
100
AcDbXrecord
 40
0.0005
  0
XRECORD
  5
10000ECB
102
{ACAD_REACTORS
330
10000ECA
102
}
330
10000ECA
100
AcDbXrecord
1000
LPVQC
  0
XRECORD
  5
10000ECC
102
{ACAD_REACTORS
330
10000ECA
102
}
330
10000ECA
100
AcDbXrecord
1000
JPK
  0
XRECORD
  5
10000ECE
102
{ACAD_REACTORS
330
10000ECA
102
}
330
10000ECA
100
AcDbXrecord
1000
JPD
  0
XRECORD
  5
10000ED1
102
{ACAD_REACTORS
330
10000ED0
102
}
330
10000ED0
100
AcDbXrecord
1000
LP1PC
  0
XRECORD
  5
10000ED2
102
{ACAD_REACTORS
330
10000ED0
102
}
330
10000ED0
100
AcDbXrecord
1000
JPD
  0
XRECORD
  5
10000ED7
102
{ACAD_REACTORS
330
10000ED4
102
}
330
10000ED4
100
AcDbXrecord
 40
0.0005
  0
XRECORD
  5
10000ED5
102
{ACAD_REACTORS
330
10000ED4
102
}
330
10000ED4
100
AcDbXrecord
1000
LPdQC
  0
XRECORD
  5
10000ED6
102
{ACAD_REACTORS
330
10000ED4
102
}
330
10000ED4
100
AcDbXrecord
1000
JPK
  0
XRECORD
  5
10000ED8
102
{ACAD_REACTORS
330
10000ED4
102
}
330
10000ED4
100
AcDbXrecord
1000
JPD
  0
XRECORD
  5
10000EDB
102
{ACAD_REACTORS
330
10000EDA
102
}
330
10000EDA
100
AcDbXrecord
1000
LPNQC
  0
XRECORD
  5
10000EDC
102
{ACAD_REACTORS
330
10000EDA
102
}
330
10000EDA
100
AcDbXrecord
1000
JPD
  0
XRECORD
  5
10000EE1
102
{ACAD_REACTORS
330
10000EDE
102
}
330
10000EDE
100
AcDbXrecord
 40
0.0005
  0
XRECORD
  5
10000EDF
102
{ACAD_REACTORS
330
10000EDE
102
}
330
10000EDE
100
AcDbXrecord
1000
LPtQC
  0
XRECORD
  5
10000EE0
102
{ACAD_REACTORS
330
10000EDE
102
}
330
10000EDE
100
AcDbXrecord
1000
JPK
  0
XRECORD
  5
10000EE2
102
{ACAD_REACTORS
330
10000EDE
102
}
330
10000EDE
100
AcDbXrecord
1000
JPD
  0
XRECORD
  5
10000EE5
102
{ACAD_REACTORS
330
10000EE4
102
}
330
10000EE4
100
AcDbXrecord
1000
LP9PC
  0
XRECORD
  5
10000EE6
102
{ACAD_REACTORS
330
10000EE4
102
}
330
10000EE4
100
AcDbXrecord
1000
JPD
  0
XRECORD
  5
10000EEB
102
{ACAD_REACTORS
330
10000EE8
102
}
330
10000EE8
100
AcDbXrecord
 40
0.0005
  0
XRECORD
  5
10000EE9
102
{ACAD_REACTORS
330
10000EE8
102
}
330
10000EE8
100
AcDbXrecord
1000
LPlQC
  0
XRECORD
  5
10000EEA
102
{ACAD_REACTORS
330
10000EE8
102
}
330
10000EE8
100
AcDbXrecord
1000
JPK
  0
XRECORD
  5
10000EEC
102
{ACAD_REACTORS
330
10000EE8
102
}
330
10000EE8
100
AcDbXrecord
1000
JPD
  0
XRECORD
  5
10000EEF
102
{ACAD_REACTORS
330
10000EEE
102
}
330
10000EEE
100
AcDbXrecord
1000
LPFQC
  0
XRECORD
  5
10000EF0
102
{ACAD_REACTORS
330
10000EEE
102
}
330
10000EEE
100
AcDbXrecord
1000
JPD
  0
XRECORD
  5
10000EF5
102
{ACAD_REACTORS
330
10000EF2
102
}
330
10000EF2
100
AcDbXrecord
 40
0.0005
  0
XRECORD
  5
10000EF3
102
{ACAD_REACTORS
330
10000EF2
102
}
330
10000EF2
100
AcDbXrecord
1000
LPVRC
  0
XRECORD
  5
10000EF4
102
{ACAD_REACTORS
330
10000EF2
102
}
330
10000EF2
100
AcDbXrecord
1000
JPK
  0
XRECORD
  5
10000EF6
102
{ACAD_REACTORS
330
10000EF2
102
}
330
10000EF2
100
AcDbXrecord
1000
JPD
  0
XRECORD
  5
10000EF9
102
{ACAD_REACTORS
330
10000EF8
102
}
330
10000EF8
100
AcDbXrecord
1000
LP1QC
  0
XRECORD
  5
10000EFA
102
{ACAD_REACTORS
330
10000EF8
102
}
330
10000EF8
100
AcDbXrecord
1000
JPD
  0
XRECORD
  5
10000EFF
102
{ACAD_REACTORS
330
10000EFC
102
}
330
10000EFC
100
AcDbXrecord
 40
0.0005
  0
XRECORD
  5
10000EFD
102
{ACAD_REACTORS
330
10000EFC
102
}
330
10000EFC
100
AcDbXrecord
1000
LPdRC
  0
XRECORD
  5
10000EFE
102
{ACAD_REACTORS
330
10000EFC
102
}
330
10000EFC
100
AcDbXrecord
1000
JPK
  0
XRECORD
  5
10000F00
102
{ACAD_REACTORS
330
10000EFC
102
}
330
10000EFC
100
AcDbXrecord
1000
JPD
  0
XRECORD
  5
10000F03
102
{ACAD_REACTORS
330
10000F02
102
}
330
10000F02
100
AcDbXrecord
1000
LPNRC
  0
XRECORD
  5
10000F04
102
{ACAD_REACTORS
330
10000F02
102
}
330
10000F02
100
AcDbXrecord
1000
JPD
  0
XRECORD
  5
10000F09
102
{ACAD_REACTORS
330
10000F06
102
}
330
10000F06
100
AcDbXrecord
 40
0.0005
  0
XRECORD
  5
10000F07
102
{ACAD_REACTORS
330
10000F06
102
}
330
10000F06
100
AcDbXrecord
1000
LPtRC
  0
XRECORD
  5
10000F08
102
{ACAD_REACTORS
330
10000F06
102
}
330
10000F06
100
AcDbXrecord
1000
JPK
  0
XRECORD
  5
10000F0A
102
{ACAD_REACTORS
330
10000F06
102
}
330
10000F06
100
AcDbXrecord
1000
JPD
  0
XRECORD
  5
10000F0D
102
{ACAD_REACTORS
330
10000F0C
102
}
330
10000F0C
100
AcDbXrecord
1000
LP9QC
  0
XRECORD
  5
10000F0E
102
{ACAD_REACTORS
330
10000F0C
102
}
330
10000F0C
100
AcDbXrecord
1000
JPD
  0
XRECORD
  5
10000F13
102
{ACAD_REACTORS
330
10000F10
102
}
330
10000F10
100
AcDbXrecord
 40
0.0005
  0
XRECORD
  5
10000F11
102
{ACAD_REACTORS
330
10000F10
102
}
330
10000F10
100
AcDbXrecord
1000
LPlRC
  0
XRECORD
  5
10000F12
102
{ACAD_REACTORS
330
10000F10
102
}
330
10000F10
100
AcDbXrecord
1000
JPK
  0
XRECORD
  5
10000F14
102
{ACAD_REACTORS
330
10000F10
102
}
330
10000F10
100
AcDbXrecord
1000
JPD
  0
XRECORD
  5
10000F17
102
{ACAD_REACTORS
330
10000F16
102
}
330
10000F16
100
AcDbXrecord
1000
LPFRC
  0
XRECORD
  5
10000F18
102
{ACAD_REACTORS
330
10000F16
102
}
330
10000F16
100
AcDbXrecord
1000
JPD
  0
XRECORD
  5
10000F1D
102
{ACAD_REACTORS
330
10000F1A
102
}
330
10000F1A
100
AcDbXrecord
 40
0.0005
  0
XRECORD
  5
10000F1B
102
{ACAD_REACTORS
330
10000F1A
102
}
330
10000F1A
100
AcDbXrecord
1000
LPVSC
  0
XRECORD
  5
10000F1C
102
{ACAD_REACTORS
330
10000F1A
102
}
330
10000F1A
100
AcDbXrecord
1000
JPK
  0
XRECORD
  5
10000F1E
102
{ACAD_REACTORS
330
10000F1A
102
}
330
10000F1A
100
AcDbXrecord
1000
JPD
  0
XRECORD
  5
10000F21
102
{ACAD_REACTORS
330
10000F20
102
}
330
10000F20
100
AcDbXrecord
1000
LP1RC
  0
XRECORD
  5
10000F22
102
{ACAD_REACTORS
330
10000F20
102
}
330
10000F20
100
AcDbXrecord
1000
JPD
  0
XRECORD
  5
10000F27
102
{ACAD_REACTORS
330
10000F24
102
}
330
10000F24
100
AcDbXrecord
 40
0.0005
  0
XRECORD
  5
10000F25
102
{ACAD_REACTORS
330
10000F24
102
}
330
10000F24
100
AcDbXrecord
1000
LPdSC
  0
XRECORD
  5
10000F26
102
{ACAD_REACTORS
330
10000F24
102
}
330
10000F24
100
AcDbXrecord
1000
JPK
  0
XRECORD
  5
10000F28
102
{ACAD_REACTORS
330
10000F24
102
}
330
10000F24
100
AcDbXrecord
1000
JPD
  0
XRECORD
  5
10000F2B
102
{ACAD_REACTORS
330
10000F2A
102
}
330
10000F2A
100
AcDbXrecord
1000
LPNSC
  0
XRECORD
  5
10000F2C
102
{ACAD_REACTORS
330
10000F2A
102
}
330
10000F2A
100
AcDbXrecord
1000
JPD
  0
XRECORD
  5
10000F31
102
{ACAD_REACTORS
330
10000F2E
102
}
330
10000F2E
100
AcDbXrecord
 40
0.0005
  0
XRECORD
  5
10000F2F
102
{ACAD_REACTORS
330
10000F2E
102
}
330
10000F2E
100
AcDbXrecord
1000
LPtSC
  0
XRECORD
  5
10000F30
102
{ACAD_REACTORS
330
10000F2E
102
}
330
10000F2E
100
AcDbXrecord
1000
JPK
  0
XRECORD
  5
10000F32
102
{ACAD_REACTORS
330
10000F2E
102
}
330
10000F2E
100
AcDbXrecord
1000
JPD
  0
XRECORD
  5
10000F35
102
{ACAD_REACTORS
330
10000F34
102
}
330
10000F34
100
AcDbXrecord
1000
LP9RC
  0
XRECORD
  5
10000F36
102
{ACAD_REACTORS
330
10000F34
102
}
330
10000F34
100
AcDbXrecord
1000
JPD
  0
XRECORD
  5
10000F3B
102
{ACAD_REACTORS
330
10000F38
102
}
330
10000F38
100
AcDbXrecord
 40
0.0005
  0
XRECORD
  5
10000F39
102
{ACAD_REACTORS
330
10000F38
102
}
330
10000F38
100
AcDbXrecord
1000
LPlSC
  0
XRECORD
  5
10000F3A
102
{ACAD_REACTORS
330
10000F38
102
}
330
10000F38
100
AcDbXrecord
1000
JPK
  0
XRECORD
  5
10000F3C
102
{ACAD_REACTORS
330
10000F38
102
}
330
10000F38
100
AcDbXrecord
1000
JPD
  0
XRECORD
  5
10000F3F
102
{ACAD_REACTORS
330
10000F3E
102
}
330
10000F3E
100
AcDbXrecord
1000
LPFSC
  0
XRECORD
  5
10000F40
102
{ACAD_REACTORS
330
10000F3E
102
}
330
10000F3E
100
AcDbXrecord
1000
JPD
  0
XRECORD
  5
10000F45
102
{ACAD_REACTORS
330
10000F42
102
}
330
10000F42
100
AcDbXrecord
 40
0.0005
  0
XRECORD
  5
10000F43
102
{ACAD_REACTORS
330
10000F42
102
}
330
10000F42
100
AcDbXrecord
1000
LPVTC
  0
XRECORD
  5
10000F44
102
{ACAD_REACTORS
330
10000F42
102
}
330
10000F42
100
AcDbXrecord
1000
JPK
  0
XRECORD
  5
10000F46
102
{ACAD_REACTORS
330
10000F42
102
}
330
10000F42
100
AcDbXrecord
1000
JPD
  0
XRECORD
  5
10000F49
102
{ACAD_REACTORS
330
10000F48
102
}
330
10000F48
100
AcDbXrecord
1000
LP1SC
  0
XRECORD
  5
10000F4A
102
{ACAD_REACTORS
330
10000F48
102
}
330
10000F48
100
AcDbXrecord
1000
JPD
  0
XRECORD
  5
10000F4F
102
{ACAD_REACTORS
330
10000F4C
102
}
330
10000F4C
100
AcDbXrecord
 40
0.0005
  0
XRECORD
  5
10000F4D
102
{ACAD_REACTORS
330
10000F4C
102
}
330
10000F4C
100
AcDbXrecord
1000
LPdTC
  0
XRECORD
  5
10000F4E
102
{ACAD_REACTORS
330
10000F4C
102
}
330
10000F4C
100
AcDbXrecord
1000
JPK
  0
XRECORD
  5
10000F50
102
{ACAD_REACTORS
330
10000F4C
102
}
330
10000F4C
100
AcDbXrecord
1000
JPD
  0
XRECORD
  5
10000F53
102
{ACAD_REACTORS
330
10000F52
102
}
330
10000F52
100
AcDbXrecord
1000
LPNTC
  0
XRECORD
  5
10000F54
102
{ACAD_REACTORS
330
10000F52
102
}
330
10000F52
100
AcDbXrecord
1000
JPD
  0
XRECORD
  5
10000F59
102
{ACAD_REACTORS
330
10000F56
102
}
330
10000F56
100
AcDbXrecord
 40
0.0005
  0
XRECORD
  5
10000F57
102
{ACAD_REACTORS
330
10000F56
102
}
330
10000F56
100
AcDbXrecord
1000
LPtTC
  0
XRECORD
  5
10000F58
102
{ACAD_REACTORS
330
10000F56
102
}
330
10000F56
100
AcDbXrecord
1000
JPK
  0
XRECORD
  5
10000F5A
102
{ACAD_REACTORS
330
10000F56
102
}
330
10000F56
100
AcDbXrecord
1000
JPD
  0
XRECORD
  5
10000F5D
102
{ACAD_REACTORS
330
10000F5C
102
}
330
10000F5C
100
AcDbXrecord
1000
LP9SC
  0
XRECORD
  5
10000F5E
102
{ACAD_REACTORS
330
10000F5C
102
}
330
10000F5C
100
AcDbXrecord
1000
JPD
  0
XRECORD
  5
10000F63
102
{ACAD_REACTORS
330
10000F60
102
}
330
10000F60
100
AcDbXrecord
 40
0.0005
  0
XRECORD
  5
10000F61
102
{ACAD_REACTORS
330
10000F60
102
}
330
10000F60
100
AcDbXrecord
1000
LPlTC
  0
XRECORD
  5
10000F62
102
{ACAD_REACTORS
330
10000F60
102
}
330
10000F60
100
AcDbXrecord
1000
JPK
  0
XRECORD
  5
10000F64
102
{ACAD_REACTORS
330
10000F60
102
}
330
10000F60
100
AcDbXrecord
1000
JPD
  0
XRECORD
  5
10000F67
102
{ACAD_REACTORS
330
10000F66
102
}
330
10000F66
100
AcDbXrecord
1000
LPFTC
  0
XRECORD
  5
10000F68
102
{ACAD_REACTORS
330
10000F66
102
}
330
10000F66
100
AcDbXrecord
1000
JPD
  0
XRECORD
  5
10000F6D
102
{ACAD_REACTORS
330
10000F6A
102
}
330
10000F6A
100
AcDbXrecord
 40
0.0005
  0
XRECORD
  5
10000F6B
102
{ACAD_REACTORS
330
10000F6A
102
}
330
10000F6A
100
AcDbXrecord
1000
LPVUC
  0
XRECORD
  5
10000F6C
102
{ACAD_REACTORS
330
10000F6A
102
}
330
10000F6A
100
AcDbXrecord
1000
JPK
  0
XRECORD
  5
10000F6E
102
{ACAD_REACTORS
330
10000F6A
102
}
330
10000F6A
100
AcDbXrecord
1000
JPD
  0
XRECORD
  5
10000F71
102
{ACAD_REACTORS
330
10000F70
102
}
330
10000F70
100
AcDbXrecord
1000
LP1TC
  0
XRECORD
  5
10000F72
102
{ACAD_REACTORS
330
10000F70
102
}
330
10000F70
100
AcDbXrecord
1000
JPD
  0
XRECORD
  5
10000F77
102
{ACAD_REACTORS
330
10000F74
102
}
330
10000F74
100
AcDbXrecord
 40
0.0005
  0
XRECORD
  5
10000F75
102
{ACAD_REACTORS
330
10000F74
102
}
330
10000F74
100
AcDbXrecord
1000
LPdUC
  0
XRECORD
  5
10000F76
102
{ACAD_REACTORS
330
10000F74
102
}
330
10000F74
100
AcDbXrecord
1000
JPK
  0
XRECORD
  5
10000F78
102
{ACAD_REACTORS
330
10000F74
102
}
330
10000F74
100
AcDbXrecord
1000
JPD
  0
XRECORD
  5
10000F7B
102
{ACAD_REACTORS
330
10000F7A
102
}
330
10000F7A
100
AcDbXrecord
1000
LPNUC
  0
XRECORD
  5
10000F7C
102
{ACAD_REACTORS
330
10000F7A
102
}
330
10000F7A
100
AcDbXrecord
1000
JPD
  0
XRECORD
  5
10000F81
102
{ACAD_REACTORS
330
10000F7E
102
}
330
10000F7E
100
AcDbXrecord
 40
0.0005
  0
XRECORD
  5
10000F7F
102
{ACAD_REACTORS
330
10000F7E
102
}
330
10000F7E
100
AcDbXrecord
1000
LPtUC
  0
XRECORD
  5
10000F80
102
{ACAD_REACTORS
330
10000F7E
102
}
330
10000F7E
100
AcDbXrecord
1000
JPK
  0
XRECORD
  5
10000F82
102
{ACAD_REACTORS
330
10000F7E
102
}
330
10000F7E
100
AcDbXrecord
1000
JPD
  0
XRECORD
  5
10000F85
102
{ACAD_REACTORS
330
10000F84
102
}
330
10000F84
100
AcDbXrecord
1000
LP9TC
  0
XRECORD
  5
10000F86
102
{ACAD_REACTORS
330
10000F84
102
}
330
10000F84
100
AcDbXrecord
1000
JPD
  0
XRECORD
  5
10000F8B
102
{ACAD_REACTORS
330
10000F88
102
}
330
10000F88
100
AcDbXrecord
 40
0.0005
  0
XRECORD
  5
10000F89
102
{ACAD_REACTORS
330
10000F88
102
}
330
10000F88
100
AcDbXrecord
1000
LPlUC
  0
XRECORD
  5
10000F8A
102
{ACAD_REACTORS
330
10000F88
102
}
330
10000F88
100
AcDbXrecord
1000
JPK
  0
XRECORD
  5
10000F8C
102
{ACAD_REACTORS
330
10000F88
102
}
330
10000F88
100
AcDbXrecord
1000
JPD
  0
XRECORD
  5
10000F8F
102
{ACAD_REACTORS
330
10000F8E
102
}
330
10000F8E
100
AcDbXrecord
1000
LPFUC
  0
XRECORD
  5
10000F90
102
{ACAD_REACTORS
330
10000F8E
102
}
330
10000F8E
100
AcDbXrecord
1000
JPD
  0
XRECORD
  5
10000F95
102
{ACAD_REACTORS
330
10000F92
102
}
330
10000F92
100
AcDbXrecord
 40
0.0005
  0
XRECORD
  5
10000F93
102
{ACAD_REACTORS
330
10000F92
102
}
330
10000F92
100
AcDbXrecord
1000
LPVCB
  0
XRECORD
  5
10000F94
102
{ACAD_REACTORS
330
10000F92
102
}
330
10000F92
100
AcDbXrecord
1000
JPK
  0
XRECORD
  5
10000F96
102
{ACAD_REACTORS
330
10000F92
102
}
330
10000F92
100
AcDbXrecord
1000
JPD
  0
XRECORD
  5
10000F99
102
{ACAD_REACTORS
330
10000F98
102
}
330
10000F98
100
AcDbXrecord
1000
LP1BB
  0
XRECORD
  5
10000F9A
102
{ACAD_REACTORS
330
10000F98
102
}
330
10000F98
100
AcDbXrecord
1000
JPD
  0
XRECORD
  5
10000F9F
102
{ACAD_REACTORS
330
10000F9C
102
}
330
10000F9C
100
AcDbXrecord
 40
0.0005
  0
XRECORD
  5
10000F9D
102
{ACAD_REACTORS
330
10000F9C
102
}
330
10000F9C
100
AcDbXrecord
1000
LPdCB
  0
XRECORD
  5
10000F9E
102
{ACAD_REACTORS
330
10000F9C
102
}
330
10000F9C
100
AcDbXrecord
1000
JPK
  0
XRECORD
  5
10000FA0
102
{ACAD_REACTORS
330
10000F9C
102
}
330
10000F9C
100
AcDbXrecord
1000
JPD
  0
XRECORD
  5
10000FA3
102
{ACAD_REACTORS
330
10000FA2
102
}
330
10000FA2
100
AcDbXrecord
1000
LPNCB
  0
XRECORD
  5
10000FA4
102
{ACAD_REACTORS
330
10000FA2
102
}
330
10000FA2
100
AcDbXrecord
1000
JPD
  0
XRECORD
  5
10000FA9
102
{ACAD_REACTORS
330
10000FA6
102
}
330
10000FA6
100
AcDbXrecord
 40
0.0005
  0
XRECORD
  5
10000FA7
102
{ACAD_REACTORS
330
10000FA6
102
}
330
10000FA6
100
AcDbXrecord
1000
LPtCB
  0
XRECORD
  5
10000FA8
102
{ACAD_REACTORS
330
10000FA6
102
}
330
10000FA6
100
AcDbXrecord
1000
JPK
  0
XRECORD
  5
10000FAA
102
{ACAD_REACTORS
330
10000FA6
102
}
330
10000FA6
100
AcDbXrecord
1000
JPD
  0
XRECORD
  5
10000FAD
102
{ACAD_REACTORS
330
10000FAC
102
}
330
10000FAC
100
AcDbXrecord
1000
LP9BB
  0
XRECORD
  5
10000FAE
102
{ACAD_REACTORS
330
10000FAC
102
}
330
10000FAC
100
AcDbXrecord
1000
JPD
  0
XRECORD
  5
10000FB3
102
{ACAD_REACTORS
330
10000FB0
102
}
330
10000FB0
100
AcDbXrecord
 40
0.0005
  0
XRECORD
  5
10000FB1
102
{ACAD_REACTORS
330
10000FB0
102
}
330
10000FB0
100
AcDbXrecord
1000
LPlCB
  0
XRECORD
  5
10000FB2
102
{ACAD_REACTORS
330
10000FB0
102
}
330
10000FB0
100
AcDbXrecord
1000
JPK
  0
XRECORD
  5
10000FB4
102
{ACAD_REACTORS
330
10000FB0
102
}
330
10000FB0
100
AcDbXrecord
1000
JPD
  0
XRECORD
  5
10000FB7
102
{ACAD_REACTORS
330
10000FB6
102
}
330
10000FB6
100
AcDbXrecord
1000
LPFCB
  0
XRECORD
  5
10000FB8
102
{ACAD_REACTORS
330
10000FB6
102
}
330
10000FB6
100
AcDbXrecord
1000
JPD
  0
XRECORD
  5
10000FBD
102
{ACAD_REACTORS
330
10000FBA
102
}
330
10000FBA
100
AcDbXrecord
 40
0.0005
  0
XRECORD
  5
10000FBB
102
{ACAD_REACTORS
330
10000FBA
102
}
330
10000FBA
100
AcDbXrecord
1000
LPVVB
  0
XRECORD
  5
10000FBC
102
{ACAD_REACTORS
330
10000FBA
102
}
330
10000FBA
100
AcDbXrecord
1000
JPK
  0
XRECORD
  5
10000FBE
102
{ACAD_REACTORS
330
10000FBA
102
}
330
10000FBA
100
AcDbXrecord
1000
JPD
  0
XRECORD
  5
10000FC1
102
{ACAD_REACTORS
330
10000FC0
102
}
330
10000FC0
100
AcDbXrecord
1000
LP1UB
  0
XRECORD
  5
10000FC2
102
{ACAD_REACTORS
330
10000FC0
102
}
330
10000FC0
100
AcDbXrecord
1000
JPD
  0
XRECORD
  5
10000FC7
102
{ACAD_REACTORS
330
10000FC4
102
}
330
10000FC4
100
AcDbXrecord
 40
0.0005
  0
XRECORD
  5
10000FC5
102
{ACAD_REACTORS
330
10000FC4
102
}
330
10000FC4
100
AcDbXrecord
1000
LPdVB
  0
XRECORD
  5
10000FC6
102
{ACAD_REACTORS
330
10000FC4
102
}
330
10000FC4
100
AcDbXrecord
1000
JPK
  0
XRECORD
  5
10000FC8
102
{ACAD_REACTORS
330
10000FC4
102
}
330
10000FC4
100
AcDbXrecord
1000
JPD
  0
XRECORD
  5
10000FCB
102
{ACAD_REACTORS
330
10000FCA
102
}
330
10000FCA
100
AcDbXrecord
1000
LPNVB
  0
XRECORD
  5
10000FCC
102
{ACAD_REACTORS
330
10000FCA
102
}
330
10000FCA
100
AcDbXrecord
1000
JPD
  0
XRECORD
  5
10000FD1
102
{ACAD_REACTORS
330
10000FCE
102
}
330
10000FCE
100
AcDbXrecord
 40
0.0005
  0
XRECORD
  5
10000FCF
102
{ACAD_REACTORS
330
10000FCE
102
}
330
10000FCE
100
AcDbXrecord
1000
LPtVB
  0
XRECORD
  5
10000FD0
102
{ACAD_REACTORS
330
10000FCE
102
}
330
10000FCE
100
AcDbXrecord
1000
JPK
  0
XRECORD
  5
10000FD2
102
{ACAD_REACTORS
330
10000FCE
102
}
330
10000FCE
100
AcDbXrecord
1000
JPD
  0
XRECORD
  5
10000FD5
102
{ACAD_REACTORS
330
10000FD4
102
}
330
10000FD4
100
AcDbXrecord
1000
LP9UB
  0
XRECORD
  5
10000FD6
102
{ACAD_REACTORS
330
10000FD4
102
}
330
10000FD4
100
AcDbXrecord
1000
JPD
  0
XRECORD
  5
10000FDB
102
{ACAD_REACTORS
330
10000FD8
102
}
330
10000FD8
100
AcDbXrecord
 40
0.0005
  0
XRECORD
  5
10000FD9
102
{ACAD_REACTORS
330
10000FD8
102
}
330
10000FD8
100
AcDbXrecord
1000
LPlVB
  0
XRECORD
  5
10000FDA
102
{ACAD_REACTORS
330
10000FD8
102
}
330
10000FD8
100
AcDbXrecord
1000
JPK
  0
XRECORD
  5
10000FDC
102
{ACAD_REACTORS
330
10000FD8
102
}
330
10000FD8
100
AcDbXrecord
1000
JPD
  0
XRECORD
  5
10000FDF
102
{ACAD_REACTORS
330
10000FDE
102
}
330
10000FDE
100
AcDbXrecord
1000
LPFVB
  0
XRECORD
  5
10000FE0
102
{ACAD_REACTORS
330
10000FDE
102
}
330
10000FDE
100
AcDbXrecord
1000
JPD
  0
XRECORD
  5
10000FE5
102
{ACAD_REACTORS
330
10000FE2
102
}
330
10000FE2
100
AcDbXrecord
 40
0.00165
  0
XRECORD
  5
10000FE3
102
{ACAD_REACTORS
330
10000FE2
102
}
330
10000FE2
100
AcDbXrecord
1000
LPVVC
  0
XRECORD
  5
10000FE4
102
{ACAD_REACTORS
330
10000FE2
102
}
330
10000FE2
100
AcDbXrecord
1000
JPK
  0
XRECORD
  5
10000FE6
102
{ACAD_REACTORS
330
10000FE2
102
}
330
10000FE2
100
AcDbXrecord
1000
JPD
  0
XRECORD
  5
10000FEB
102
{ACAD_REACTORS
330
10000FE8
102
}
330
10000FE8
100
AcDbXrecord
 40
0.00165
  0
XRECORD
  5
10000FE9
102
{ACAD_REACTORS
330
10000FE8
102
}
330
10000FE8
100
AcDbXrecord
1000
LPFWC
  0
XRECORD
  5
10000FEA
102
{ACAD_REACTORS
330
10000FE8
102
}
330
10000FE8
100
AcDbXrecord
1000
JPK
  0
XRECORD
  5
10000FEC
102
{ACAD_REACTORS
330
10000FE8
102
}
330
10000FE8
100
AcDbXrecord
1000
JPD
  0
XRECORD
  5
10000FF1
102
{ACAD_REACTORS
330
10000FEE
102
}
330
10000FEE
100
AcDbXrecord
 40
0.00165
  0
XRECORD
  5
10000FEF
102
{ACAD_REACTORS
330
10000FEE
102
}
330
10000FEE
100
AcDbXrecord
1000
LPNWC
  0
XRECORD
  5
10000FF0
102
{ACAD_REACTORS
330
10000FEE
102
}
330
10000FEE
100
AcDbXrecord
1000
JPK
  0
XRECORD
  5
10000FF2
102
{ACAD_REACTORS
330
10000FEE
102
}
330
10000FEE
100
AcDbXrecord
1000
JPD
  0
XRECORD
  5
10000FF7
102
{ACAD_REACTORS
330
10000FF4
102
}
330
10000FF4
100
AcDbXrecord
 40
0.00165
  0
XRECORD
  5
10000FF5
102
{ACAD_REACTORS
330
10000FF4
102
}
330
10000FF4
100
AcDbXrecord
1000
LPlVC
  0
XRECORD
  5
10000FF6
102
{ACAD_REACTORS
330
10000FF4
102
}
330
10000FF4
100
AcDbXrecord
1000
JPK
  0
XRECORD
  5
10000FF8
102
{ACAD_REACTORS
330
10000FF4
102
}
330
10000FF4
100
AcDbXrecord
1000
JPD
  0
XRECORD
  5
10000FFD
102
{ACAD_REACTORS
330
10000FFA
102
}
330
10000FFA
100
AcDbXrecord
 40
0.00165
  0
XRECORD
  5
10000FFB
102
{ACAD_REACTORS
330
10000FFA
102
}
330
10000FFA
100
AcDbXrecord
1000
LP9VC
  0
XRECORD
  5
10000FFC
102
{ACAD_REACTORS
330
10000FFA
102
}
330
10000FFA
100
AcDbXrecord
1000
JPK
  0
XRECORD
  5
10000FFE
102
{ACAD_REACTORS
330
10000FFA
102
}
330
10000FFA
100
AcDbXrecord
1000
JPD
  0
XRECORD
  5
10001003
102
{ACAD_REACTORS
330
10001000
102
}
330
10001000
100
AcDbXrecord
 40
0.00165
  0
XRECORD
  5
10001001
102
{ACAD_REACTORS
330
10001000
102
}
330
10001000
100
AcDbXrecord
1000
LPtVC
  0
XRECORD
  5
10001002
102
{ACAD_REACTORS
330
10001000
102
}
330
10001000
100
AcDbXrecord
1000
JPK
  0
XRECORD
  5
10001004
102
{ACAD_REACTORS
330
10001000
102
}
330
10001000
100
AcDbXrecord
1000
JPD
  0
XRECORD
  5
10001009
102
{ACAD_REACTORS
330
10001006
102
}
330
10001006
100
AcDbXrecord
 40
0.00165
  0
XRECORD
  5
10001007
102
{ACAD_REACTORS
330
10001006
102
}
330
10001006
100
AcDbXrecord
1000
LPdWC
  0
XRECORD
  5
10001008
102
{ACAD_REACTORS
330
10001006
102
}
330
10001006
100
AcDbXrecord
1000
JPK
  0
XRECORD
  5
1000100A
102
{ACAD_REACTORS
330
10001006
102
}
330
10001006
100
AcDbXrecord
1000
JPD
  0
XRECORD
  5
1000100F
102
{ACAD_REACTORS
330
1000100C
102
}
330
1000100C
100
AcDbXrecord
 40
0.00165
  0
XRECORD
  5
1000100D
102
{ACAD_REACTORS
330
1000100C
102
}
330
1000100C
100
AcDbXrecord
1000
LPVWC
  0
XRECORD
  5
1000100E
102
{ACAD_REACTORS
330
1000100C
102
}
330
1000100C
100
AcDbXrecord
1000
JPK
  0
XRECORD
  5
10001010
102
{ACAD_REACTORS
330
1000100C
102
}
330
1000100C
100
AcDbXrecord
1000
JPD
  0
XRECORD
  5
10001015
102
{ACAD_REACTORS
330
10001012
102
}
330
10001012
100
AcDbXrecord
 40
0.00165
  0
XRECORD
  5
10001013
102
{ACAD_REACTORS
330
10001012
102
}
330
10001012
100
AcDbXrecord
1000
LPdVC
  0
XRECORD
  5
10001014
102
{ACAD_REACTORS
330
10001012
102
}
330
10001012
100
AcDbXrecord
1000
JPK
  0
XRECORD
  5
10001016
102
{ACAD_REACTORS
330
10001012
102
}
330
10001012
100
AcDbXrecord
1000
JPD
  0
XRECORD
  5
1000101B
102
{ACAD_REACTORS
330
10001018
102
}
330
10001018
100
AcDbXrecord
 40
0.00165
  0
XRECORD
  5
10001019
102
{ACAD_REACTORS
330
10001018
102
}
330
10001018
100
AcDbXrecord
1000
LP1VC
  0
XRECORD
  5
1000101A
102
{ACAD_REACTORS
330
10001018
102
}
330
10001018
100
AcDbXrecord
1000
JPK
  0
XRECORD
  5
1000101C
102
{ACAD_REACTORS
330
10001018
102
}
330
10001018
100
AcDbXrecord
1000
JPD
  0
MATERIAL
  5
45
102
{ACAD_REACTORS
330
43
102
}
102
{ACAD_XDICTIONARY
360
10001052
102
}
330
43
100
AcDbMaterial
  1
BYBLOCK
  0
MATERIAL
  5
44
102
{ACAD_REACTORS
330
43
102
}
102
{ACAD_XDICTIONARY
360
10001050
102
}
330
43
100
AcDbMaterial
  1
BYLAYER
  0
MATERIAL
  5
46
102
{ACAD_REACTORS
330
43
102
}
102
{ACAD_XDICTIONARY
360
10001054
102
}
330
43
100
AcDbMaterial
  1
GLOBAL
  0
ACAD_PROXY_OBJECT
  5
5C
102
{ACAD_REACTORS
330
5B
102
}
330
5B
100
AcDbProxyObject
 90
      499
 91
      505
 93
      610
310
40901902A4063FBFFFFFE0000000000000020400000000000020404214DD185B99185C990000000000000104090141901A00000000000004100000000000000041025764000000000000039000
340
14
340
0
340
11
340
0
 94
        0
1001
ACAD_MLEADERVER
1070
     2
  0
MLINESTYLE
  5
18
102
{ACAD_REACTORS
330
17
102
}
330
17
100
AcDbMlineStyle
  2
Standard
 70
     0
  3

 62
   256
 51
90.0
 52
90.0
 71
     2
 49
0.5
 62
   256
  6
BYLAYER
 49
-0.5
 62
   256
  6
BYLAYER
  0
ACAD_PROXY_OBJECT
  5
10000023
102
{ACAD_REACTORS
330
47
102
}
330
47
100
AcDbProxyObject
 90
      499
 91
      503
 93
      121
310
9053130303A310000000000001650100
  0
ACAD_PROXY_OBJECT
  5
1000001D
102
{ACAD_REACTORS
330
47
102
}
330
47
100
AcDbProxyObject
 90
      499
 91
      503
 93
      113
310
90431303A310000000000000910100
  0
ACAD_PROXY_OBJECT
  5
1000001E
102
{ACAD_REACTORS
330
47
102
}
330
47
100
AcDbProxyObject
 90
      499
 91
      503
 93
      113
310
90431323A310000000000000A10100
  0
ACAD_PROXY_OBJECT
  5
1000001F
102
{ACAD_REACTORS
330
47
102
}
330
47
100
AcDbProxyObject
 90
      499
 91
      503
 93
      113
310
90431363A310000000000000C10100
  0
ACAD_PROXY_OBJECT
  5
10000006
102
{ACAD_REACTORS
330
47
102
}
330
47
100
AcDbProxyObject
 90
      499
 91
      503
 93
       41
310
903313A31500
  0
ACAD_PROXY_OBJECT
  5
1000000D
102
{ACAD_REACTORS
330
47
102
}
330
47
100
AcDbProxyObject
 90
      499
 91
      503
 93
      113
310
904313A31304000000000000244000
  0
ACAD_PROXY_OBJECT
  5
10000016
102
{ACAD_REACTORS
330
47
102
}
330
47
100
AcDbProxyObject
 90
      499
 91
      503
 93
      121
310
905313A3130304000000000000594000
  0
ACAD_PROXY_OBJECT
  5
1000000E
102
{ACAD_REACTORS
330
47
102
}
330
47
100
AcDbProxyObject
 90
      499
 91
      503
 93
      113
310
904313A31324000000000000284000
  0
ACAD_PROXY_OBJECT
  5
1000000F
102
{ACAD_REACTORS
330
47
102
}
330
47
100
AcDbProxyObject
 90
      499
 91
      503
 93
      113
310
904313A31364000000000000304000
  0
ACAD_PROXY_OBJECT
  5
10000007
102
{ACAD_REACTORS
330
47
102
}
330
47
100
AcDbProxyObject
 90
      499
 91
      503
 93
      105
310
903313A324000000000000004000
  0
ACAD_PROXY_OBJECT
  5
10000010
102
{ACAD_REACTORS
330
47
102
}
330
47
100
AcDbProxyObject
 90
      499
 91
      503
 93
      113
310
904313A32304000000000000344000
  0
ACAD_PROXY_OBJECT
  5
10000011
102
{ACAD_REACTORS
330
47
102
}
330
47
100
AcDbProxyObject
 90
      499
 91
      503
 93
      113
310
904313A32354000000000000394000
  0
ACAD_PROXY_OBJECT
  5
10000008
102
{ACAD_REACTORS
330
47
102
}
330
47
100
AcDbProxyObject
 90
      499
 91
      503
 93
      105
310
903313A334000000000000084000
  0
ACAD_PROXY_OBJECT
  5
10000012
102
{ACAD_REACTORS
330
47
102
}
330
47
100
AcDbProxyObject
 90
      499
 91
      503
 93
      113
310
904313A33324000000000000404000
  0
ACAD_PROXY_OBJECT
  5
10000009
102
{ACAD_REACTORS
330
47
102
}
330
47
100
AcDbProxyObject
 90
      499
 91
      503
 93
      105
310
903313A344000000000000104000
  0
ACAD_PROXY_OBJECT
  5
10000013
102
{ACAD_REACTORS
330
47
102
}
330
47
100
AcDbProxyObject
 90
      499
 91
      503
 93
      113
310
904313A34304000000000000444000
  0
ACAD_PROXY_OBJECT
  5
1000000A
102
{ACAD_REACTORS
330
47
102
}
330
47
100
AcDbProxyObject
 90
      499
 91
      503
 93
      105
310
903313A354000000000000144000
  0
ACAD_PROXY_OBJECT
  5
10000014
102
{ACAD_REACTORS
330
47
102
}
330
47
100
AcDbProxyObject
 90
      499
 91
      503
 93
      113
310
904313A35304000000000000494000
  0
ACAD_PROXY_OBJECT
  5
1000000B
102
{ACAD_REACTORS
330
47
102
}
330
47
100
AcDbProxyObject
 90
      499
 91
      503
 93
      105
310
903313A364000000000000184000
  0
ACAD_PROXY_OBJECT
  5
1000000C
102
{ACAD_REACTORS
330
47
102
}
330
47
100
AcDbProxyObject
 90
      499
 91
      503
 93
      105
310
903313A384000000000000204000
  0
ACAD_PROXY_OBJECT
  5
10000015
102
{ACAD_REACTORS
330
47
102
}
330
47
100
AcDbProxyObject
 90
      499
 91
      503
 93
      113
310
904313A38304000000000000544000
  0
ACAD_PROXY_OBJECT
  5
10000020
102
{ACAD_REACTORS
330
47
102
}
330
47
100
AcDbProxyObject
 90
      499
 91
      503
 93
      113
310
90432303A310000000000000D10100
  0
ACAD_PROXY_OBJECT
  5
10000017
102
{ACAD_REACTORS
330
47
102
}
330
47
100
AcDbProxyObject
 90
      499
 91
      503
 93
      105
310
903323A310000000000000010100
  0
ACAD_PROXY_OBJECT
  5
10000021
102
{ACAD_REACTORS
330
47
102
}
330
47
100
AcDbProxyObject
 90
      499
 91
      503
 93
      113
310
90433323A310000000000001010100
  0
ACAD_PROXY_OBJECT
  5
10000018
102
{ACAD_REACTORS
330
47
102
}
330
47
100
AcDbProxyObject
 90
      499
 91
      503
 93
      105
310
903333A310000000000000210100
  0
ACAD_PROXY_OBJECT
  5
10000019
102
{ACAD_REACTORS
330
47
102
}
330
47
100
AcDbProxyObject
 90
      499
 91
      503
 93
      105
310
903343A310000000000000410100
  0
ACAD_PROXY_OBJECT
  5
10000022
102
{ACAD_REACTORS
330
47
102
}
330
47
100
AcDbProxyObject
 90
      499
 91
      503
 93
      113
310
90435303A310000000000001250100
  0
ACAD_PROXY_OBJECT
  5
1000001A
102
{ACAD_REACTORS
330
47
102
}
330
47
100
AcDbProxyObject
 90
      499
 91
      503
 93
      105
310
903353A310000000000000510100
  0
ACAD_PROXY_OBJECT
  5
1000001B
102
{ACAD_REACTORS
330
47
102
}
330
47
100
AcDbProxyObject
 90
      499
 91
      503
 93
      105
310
903363A310000000000000610100
  0
ACAD_PROXY_OBJECT
  5
1000001C
102
{ACAD_REACTORS
330
47
102
}
330
47
100
AcDbProxyObject
 90
      499
 91
      503
 93
      105
310
903383A310000000000000810100
  0
ACAD_PROXY_OBJECT
  5
2F
102
{ACAD_REACTORS
330
2A
102
}
330
2A
100
AcDbProxyObject
 90
      499
 91
      501
 93
      436
310
42CC9915DA5C99599C985B595049028333333333333E33F0000000000000F90107901411070040501600405405064090741402480A0340
1001
ACAD
1000
AcDbSavedByObjectVersion
1070
     0
  0
ACAD_PROXY_OBJECT
  5
32
102
{ACAD_REACTORS
330
2A
102
}
330
2A
100
AcDbProxyObject
 90
      499
 91
      501
 93
      388
310
4150985CDA58D07406404333333333333E33F0000000000000F90107A41107004050150841D405064090741402480A0350
1001
ACAD
1000
AcDbSavedByObjectVersion
1070
     0
  0
ACAD_PROXY_OBJECT
  5
36
102
{ACAD_REACTORS
330
2A
102
}
330
2A
100
AcDbProxyObject
 90
      499
 91
      501
 93
      428
310
42109C9A59DA1D195B90C409028333333333333E33F0000000000000F9010790141107004050150841D405064090741402480A029950
1001
ACAD
1000
AcDbSavedByObjectVersion
1070
     0
  0
ACAD_PROXY_OBJECT
  5
3A
102
{ACAD_REACTORS
330
2A
102
}
330
2A
100
AcDbProxyObject
 90
      499
 91
      501
 93
      452
310
42D0DBDB1BDC90DA185B99D95104090240C333333333333E33F0000000000000F90108901411070040501508421405064090741402480A0350
1001
ACAD
1000
AcDbSavedByObjectVersion
1070
     0
  0
ACAD_PROXY_OBJECT
  5
34
102
{ACAD_REACTORS
330
2A
102
}
330
2A
100
AcDbProxyObject
 90
      499
 91
      501
 93
      500
310
4290DBDB98D95C1D1D585B10940D028333333333333E33F0000000000000F90107902409070040501000000000018199010841D405064090740C02480A0340
1001
ACAD
1000
AcDbSavedByObjectVersion
1070
     0
  0
ACAD_PROXY_OBJECT
  5
35
102
{ACAD_REACTORS
330
2A
102
}
330
2A
100
AcDbProxyObject
 90
      499
 91
      501
 93
      412
310
40D11A5B50B409028333333333333E33F0000000000000F9010790141107004050150841D405064090741402480A02677FFFFFD0
1001
ACAD
1000
AcDbSavedByObjectVersion
1070
     0
  0
ACAD_PROXY_OBJECT
  5
3D
102
{ACAD_REACTORS
330
2A
102
}
330
2A
100
AcDbProxyObject
 90
      499
 91
      501
 93
      452
310
43115919D950DBDB1BDC93D999916409028333333333333E33F0000000000000F9010790141107004050150841D405064090741402480A0350
1001
ACAD
1000
AcDbSavedByObjectVersion
1070
     0
  0
ACAD_PROXY_OBJECT
  5
39
102
{ACAD_REACTORS
330
2A
102
}
330
2A
100
AcDbProxyObject
 90
      499
 91
      501
 93
      444
310
42D19858D95C185D1D195C9B90F409028333333333333E33F0000000000000F9010790141107004050150841D405064090741402480A0350
1001
ACAD
1000
AcDbSavedByObjectVersion
1070
     0
  0
ACAD_PROXY_OBJECT
  5
2B
102
{ACAD_REACTORS
330
2A
102
}
330
2A
100
AcDbProxyObject
 90
      499
 91
      501
 93
      380
310
41119B185D240901404333333333333E33F0000000000000F9010740A907004050150841D405064090741402480A1B50
1001
ACAD
1000
AcDbSavedByObjectVersion
1070
     0
  0
ACAD_PROXY_OBJECT
  5
2C
102
{ACAD_REACTORS
330
2A
102
}
330
2A
100
AcDbProxyObject
 90
      499
 91
      501
 93
      468
310
43519B185D15DA5D1A115919D95CD0140901404333333333333E33F0000000000000F90107409019070040501600405405064090741402480A1B50
1001
ACAD
1000
AcDbSavedByObjectVersion
1070
     0
  0
ACAD_PROXY_OBJECT
  5
2D
102
{ACAD_REACTORS
330
2A
102
}
330
2A
100
AcDbProxyObject
 90
      499
 91
      501
 93
      404
310
41D1DBDD5C985D5910240902404333333333333E33F0000000000000F9010740A9070040501641D405064090741402480A1B50
1001
ACAD
1000
AcDbSavedByObjectVersion
1070
     0
  0
ACAD_PROXY_OBJECT
  5
2E
102
{ACAD_REACTORS
330
2A
102
}
330
2A
100
AcDbProxyObject
 90
      499
 91
      501
 93
      492
310
4411DBDD5C985D5915DA5D1A115919D95CD0340902404333333333333E33F0000000000000F90107409019070040501600405405064090741402480A1B50
1001
ACAD
1000
AcDbSavedByObjectVersion
1070
     0
  0
ACAD_PROXY_OBJECT
  5
31
102
{ACAD_REACTORS
330
2A
102
}
330
2A
100
AcDbProxyObject
 90
      499
 91
      501
 93
      476
310
41921A5919195B90640502408333333333333E33F0000000000000F901079024090700405020000000000001110200405405064090740C02480A0340
1001
ACAD
1000
AcDbSavedByObjectVersion
1070
     0
  0
ACAD_PROXY_OBJECT
  5
3B
102
{ACAD_REACTORS
330
2A
102
}
330
2A
100
AcDbProxyObject
 90
      499
 91
      501
 93
      428
310
42529A5D1D195C93D999914409028333333333333E33F0000000000000F9010790141107004050150A41D405064090741402480A0350
1001
ACAD
1000
AcDbSavedByObjectVersion
1070
     0
  0
ACAD_PROXY_OBJECT
  5
38
102
{ACAD_REACTORS
330
2A
102
}
330
2A
100
AcDbProxyObject
 90
      499
 91
      501
 93
      444
310
42D31A5B995C185D1D195C9B90E409028333333333333E33F0000000000000F9010790141107004050750841D405064090741402483A0350
1001
ACAD
1000
AcDbSavedByObjectVersion
1070
     0
  0
ACAD_PROXY_OBJECT
  5
3C
102
{ACAD_REACTORS
330
2A
102
}
330
2A
100
AcDbProxyObject
 90
      499
 91
      501
 93
      444
310
42D3DD995C9A185B99D3D999915409028333333333333E33F0000000000000F9010790141107004050150941D405064090741402480A0350
1001
ACAD
1000
AcDbSavedByObjectVersion
1070
     0
  0
ACAD_PROXY_OBJECT
  5
33
102
{ACAD_REACTORS
330
2A
102
}
330
2A
100
AcDbProxyObject
 90
      499
 91
      501
 93
      428
310
425499585B1A5CDD1A58D08409038333333333333E33F0000000000000F9010740A907004050150800405405064090740C02480A1B40
1001
ACAD
1000
AcDbSavedByObjectVersion
1070
     0
  0
ACAD_PROXY_OBJECT
  5
42
102
{ACAD_REACTORS
330
2A
102
}
330
2A
100
AcDbProxyObject
 90
      499
 91
      501
 93
      420
310
4194DA1859195911B40902404333333333333E33F0000000000000F9010740A41107004050150800405405064090840C02480A0B40
1001
ACAD
1000
AcDbSavedByObjectVersion
1070
     0
  0
ACAD_PROXY_OBJECT
  5
41
102
{ACAD_REACTORS
330
2A
102
}
330
2A
100
AcDbProxyObject
 90
      499
 91
      501
 93
      516
310
4454DA18591959081DDA5D1A08195919D95CD1A40902404333333333333E33F0000000000000F901074090142907004050250800405405064090740C02480A0B40
1001
ACAD
1000
AcDbSavedByObjectVersion
1070
     0
  0
ACAD_PROXY_OBJECT
  5
3E
102
{ACAD_REACTORS
330
2A
102
}
330
2A
100
AcDbProxyObject
 90
      499
 91
      501
 93
      532
310
4394DA1859195CC81BD98811DC985E5174090240C333333333333E33F0000000000000F901079024090741D01000000000000111010841D405064090740C02480A0340
1001
ACAD
1000
AcDbSavedByObjectVersion
1070
     0
  0
ACAD_PROXY_OBJECT
  5
3F
102
{ACAD_REACTORS
330
2A
102
}
330
2A
100
AcDbProxyObject
 90
      499
 91
      501
 93
      476
310
41D4DAD95D18DA1E51840502408333333333333E33F0000000000000F901079024090741D01000000000000111010B41D405064090741802480A0340
1001
ACAD
1000
AcDbSavedByObjectVersion
1070
     0
  0
ACAD_PROXY_OBJECT
  5
37
102
{ACAD_REACTORS
330
2A
102
}
330
2A
100
AcDbProxyObject
 90
      499
 91
      501
 93
      412
310
41D51A1A58DAD95B90D409028333333333333E33F0000000000000F9010790141107004050150C41D405064090741402480A0350
1001
ACAD
1000
AcDbSavedByObjectVersion
1070
     0
  0
ACAD_PROXY_OBJECT
  5
30
102
{ACAD_REACTORS
330
2A
102
}
330
2A
100
AcDbProxyObject
 90
      499
 91
      501
 93
      420
310
4255DA5C99599C985B595059028333333333333E33F0000000000000F90107901411070040501600405405064090740C02480A0340
1001
ACAD
1000
AcDbSavedByObjectVersion
1070
     0
  0
ACAD_PROXY_OBJECT
  5
40
102
{ACAD_REACTORS
330
2A
102
}
330
2A
100
AcDbProxyObject
 90
      499
 91
      501
 93
      404
310
41560B54985E51940902404000000000000E03F0000000000000F9010740501907004050150841D405064090740C02480A1B40
1001
ACAD
1000
AcDbSavedByObjectVersion
1070
     0
  0
XRECORD
  5
10001029
102
{ACAD_REACTORS
330
1000101F
102
}
330
1000101F
100
AcDbXrecord
340
0
  0
XRECORD
  5
10001028
102
{ACAD_REACTORS
330
1000101F
102
}
330
1000101F
100
AcDbXrecord
 90
        0
  0
XRECORD
  5
1000103F
102
{ACAD_REACTORS
330
1000101F
102
}
330
1000101F
100
AcDbXrecord
1000
DSTYLE
1002
{
1070
   143
 40
1000.0
1070
   340
340
11
1002
}
  0
XRECORD
  5
1000102A
102
{ACAD_REACTORS
330
1000101F
102
}
330
1000101F
100
AcDbXrecord
  1
{33376461-b734-7275-f336-73b837736676}
  0
XRECORD
  5
10001022
102
{ACAD_REACTORS
330
1000101F
102
}
330
1000101F
100
AcDbXrecord
  1

  0
XRECORD
  5
10001027
102
{ACAD_REACTORS
330
1000101F
102
}
330
1000101F
100
AcDbXrecord
 90
        4
  0
XRECORD
  5
10001024
102
{ACAD_REACTORS
330
1000101F
102
}
330
1000101F
100
AcDbXrecord
340
1A
  0
XRECORD
  5
10001026
102
{ACAD_REACTORS
330
1000101F
102
}
330
1000101F
100
AcDbXrecord
 90
    10781
  0
XRECORD
  5
10001025
102
{ACAD_REACTORS
330
1000101F
102
}
330
1000101F
100
AcDbXrecord
340
19
  0
XRECORD
  5
1000102C
102
{ACAD_REACTORS
330
1000101F
102
}
330
1000101F
100
AcDbXrecord
 40
0.0
  0
XRECORD
  5
1000102F
102
{ACAD_REACTORS
330
1000101F
102
}
330
1000101F
100
AcDbXrecord
340
0
  0
XRECORD
  5
10001035
102
{ACAD_REACTORS
330
1000101F
102
}
330
1000101F
100
AcDbXrecord
 10
0.0
 20
0.0
 30
0.0
  0
XRECORD
  5
10001031
102
{ACAD_REACTORS
330
1000101F
102
}
330
1000101F
100
AcDbXrecord
 10
0.0
 20
0.0
 30
0.0
  0
XRECORD
  5
10001034
102
{ACAD_REACTORS
330
1000101F
102
}
330
1000101F
100
AcDbXrecord
 10
0.0
 20
0.0
 30
0.0
  0
XRECORD
  5
10001032
102
{ACAD_REACTORS
330
1000101F
102
}
330
1000101F
100
AcDbXrecord
 10
0.0
 20
0.0
 30
0.0
  0
XRECORD
  5
10001033
102
{ACAD_REACTORS
330
1000101F
102
}
330
1000101F
100
AcDbXrecord
 10
0.0
 20
0.0
 30
0.0
  0
XRECORD
  5
10001030
102
{ACAD_REACTORS
330
1000101F
102
}
330
1000101F
100
AcDbXrecord
 10
0.0
 20
0.0
 30
0.0
  0
XRECORD
  5
1000102D
102
{ACAD_REACTORS
330
1000101F
102
}
330
1000101F
100
AcDbXrecord
340
0
  0
XRECORD
  5
1000102E
102
{ACAD_REACTORS
330
1000101F
102
}
330
1000101F
100
AcDbXrecord
 70
     0
  0
XRECORD
  5
10001023
102
{ACAD_REACTORS
330
1000101F
102
}
330
1000101F
100
AcDbXrecord
  1

  0
XRECORD
  5
10001020
102
{ACAD_REACTORS
330
1000101F
102
}
330
1000101F
100
AcDbXrecord
 90
        1
  0
XRECORD
  5
10001021
102
{ACAD_REACTORS
330
1000101F
102
}
330
1000101F
100
AcDbXrecord
 90
       70
  0
XRECORD
  5
10001038
102
{ACAD_REACTORS
330
1000101F
102
}
330
1000101F
100
AcDbXrecord
340
0
  0
XRECORD
  5
1000103E
102
{ACAD_REACTORS
330
1000101F
102
}
330
1000101F
100
AcDbXrecord
 10
0.0
 20
0.0
 30
0.0
  0
XRECORD
  5
1000103A
102
{ACAD_REACTORS
330
1000101F
102
}
330
1000101F
100
AcDbXrecord
 10
0.0
 20
0.0
 30
0.0
  0
XRECORD
  5
1000103D
102
{ACAD_REACTORS
330
1000101F
102
}
330
1000101F
100
AcDbXrecord
 10
0.0
 20
0.0
 30
0.0
  0
XRECORD
  5
1000103B
102
{ACAD_REACTORS
330
1000101F
102
}
330
1000101F
100
AcDbXrecord
 10
0.0
 20
0.0
 30
0.0
  0
XRECORD
  5
1000103C
102
{ACAD_REACTORS
330
1000101F
102
}
330
1000101F
100
AcDbXrecord
 10
0.0
 20
0.0
 30
0.0
  0
XRECORD
  5
10001039
102
{ACAD_REACTORS
330
1000101F
102
}
330
1000101F
100
AcDbXrecord
 10
0.0
 20
0.0
 30
0.0
  0
XRECORD
  5
10001036
102
{ACAD_REACTORS
330
1000101F
102
}
330
1000101F
100
AcDbXrecord
340
0
  0
XRECORD
  5
10001037
102
{ACAD_REACTORS
330
1000101F
102
}
330
1000101F
100
AcDbXrecord
 70
     0
  0
XRECORD
  5
1000102B
102
{ACAD_REACTORS
330
1000101F
102
}
330
1000101F
100
AcDbXrecord
  1
{FAEB1C32-E019-11D5-929B-00C0DF256EC4}
  0
DICTIONARYVAR
  5
1000104E
102
{ACAD_REACTORS
330
10001040
102
}
330
10001040
100
DictionaryVariables
280
     0
  1
1:1
  0
DICTIONARYVAR
  5
10001047
102
{ACAD_REACTORS
330
10001040
102
}
330
10001040
100
DictionaryVariables
280
     0
  1
3.500000
  0
DICTIONARYVAR
  5
10001048
102
{ACAD_REACTORS
330
10001040
102
}
330
10001040
100
DictionaryVariables
280
     0
  1
acadiso.lin
  0
DICTIONARYVAR
  5
10001042
102
{ACAD_REACTORS
330
10001040
102
}
330
10001040
100
DictionaryVariables
280
     0
  1
Standard
  0
DICTIONARYVAR
  5
10001041
102
{ACAD_REACTORS
330
10001040
102
}
330
10001040
100
DictionaryVariables
280
     0
  1
Standard
  0
DICTIONARYVAR
  5
10001049
102
{ACAD_REACTORS
330
10001040
102
}
330
10001040
100
DictionaryVariables
280
     0
  1
2
  0
DICTIONARYVAR
  5
1000104A
102
{ACAD_REACTORS
330
10001040
102
}
330
10001040
100
DictionaryVariables
280
     0
  1
1
  0
DICTIONARYVAR
  5
1000104F
102
{ACAD_REACTORS
330
10001040
102
}
330
10001040
100
DictionaryVariables
280
     0
  1
1
  0
DICTIONARYVAR
  5
10001044
102
{ACAD_REACTORS
330
10001040
102
}
330
10001040
100
DictionaryVariables
280
     0
  1
80.000000
  0
DICTIONARYVAR
  5
10001043
102
{ACAD_REACTORS
330
10001040
102
}
330
10001040
100
DictionaryVariables
280
     0
  1
5.000000
  0
XRECORD
  5
10000003
102
{ACAD_REACTORS
330
10000001
102
}
330
10000001
100
AcDbXrecord
 70
     6
  0
XRECORD
  5
10000002
102
{ACAD_REACTORS
330
10000001
102
}
330
10000001
100
AcDbXrecord
1040
89.0
  0
ACAD_PROXY_OBJECT
  5
10000005
102
{ACAD_REACTORS
330
10000001
102
}
330
10000001
100
AcDbProxyObject
 90
      499
 91
      509
 93
       34
310
40C8804040
  0
DICTIONARY
  5
10001052
330
45
100
AcDbDictionary
280
     1
  3
ACAD_XREC_ROUNDTRIP
360
10001053
  0
DICTIONARY
  5
10001050
330
44
100
AcDbDictionary
280
     1
  3
ACAD_XREC_ROUNDTRIP
360
10001051
  0
DICTIONARY
  5
10001054
330
46
100
AcDbDictionary
280
     1
  3
ACAD_XREC_ROUNDTRIP
360
10001055
  0
XRECORD
  5
10001053
102
{ACAD_REACTORS
330
10001052
102
}
330
10001052
100
AcDbXrecord
102
MATERIAL
148
0.0
149
0.0
149
0.0
 93
        0
 94
      127
282
     0
 72
     1
 77
     1
171
     1
175
     1
179
     1
273
     0
  0
XRECORD
  5
10001051
102
{ACAD_REACTORS
330
10001050
102
}
330
10001050
100
AcDbXrecord
102
MATERIAL
148
0.0
149
0.0
149
0.0
 93
        0
 94
      127
282
     0
 72
     1
 77
     1
171
     1
175
     1
179
     1
273
     0
  0
XRECORD
  5
10001055
102
{ACAD_REACTORS
330
10001054
102
}
330
10001054
100
AcDbXrecord
102
MATERIAL
148
0.0
149
0.0
149
0.0
 93
        0
 94
      127
282
     0
 72
     1
 77
     1
171
     1
175
     1
179
     1
273
     0
  0
ENDSEC
  0
EOF
